tf,edge_pct,n,mean_y_pct,sd_y_pct,kelly_N,g_per_trade_at_kelly,kelly2_N
4h,0.0,38505,-0.17308024078481077,3.1492968408717714,0.0,0.0,0.0
4h,0.025,38497,-0.1503391215920997,3.151229688585186,0.0,0.0,0.0
4h,0.05,38489,-0.12846168902707505,3.153473668435306,0.0,0.0,0.0
4h,0.075,38482,-0.10444838397631899,3.1564922239334243,0.0,0.0,0.0
4h,0.1,38473,-0.07955931968217235,3.159854110170684,0.0,0.0,0.0
4h,0.15,38461,-0.02824197305458325,3.165610599870134,0.0,0.0,0.0
4h,0.2,38447,0.018778239417590263,3.1698539930545735,0.2,1.7504205604951898e-05,0.1868792635148607
4h,0.3,38423,0.10906759869153033,3.173965877102694,1.1,0.0005963220680204507,1.0813809627813167
4h,0.4,38396,0.19612730686887833,3.1730999631611003,2.0,0.0019370624225065883,1.9405039909468762
4h,0.6,38349,0.3916385104989306,3.170151928086125,2.95,0.007189047755957293,3.8383724984756786
4h,0.8,38290,0.5813491781016784,3.1543938958451876,2.95,0.012787433674646125,5.6506580577964405
4h,1.0,38239,0.759423443934666,3.1268446874342626,2.95,0.01804286033822594,7.334673781228614
4h,1.25,38187,0.9951575678622704,3.082319607970324,2.95,0.024987691719307325,9.485792214402537
4h,1.5,38122,1.2379976740777707,3.0147747897928507,2.95,0.032151029288168535,11.655576513112354
