symbol,split,n,mean_net_pct,win_pct,mean_gross_pct
BCHUSD,is,3357,-0.11338331005611382,34.316353887399465,0.020303658619294975
BCHUSD,oos,2555,-0.13225813105498366,31.58512720156556,0.0020311199216222074
BCHUSD,pre,1754,-0.1141578566927826,35.74686431014823,0.019411650126712383
BTCUSD,is,3334,-0.12957616819433213,31.853629274145174,0.004137013126167205
BTCUSD,oos,2669,-0.1285015426670202,28.962158111652304,0.005878401005328032
BTCUSD,pre,1885,-0.16406191024853042,33.47480106100796,-0.030248815545033052
DOGEUSD,is,3227,-0.11241752289400848,35.17198636504493,0.021207963743760112
DOGEUSD,oos,2642,-0.1144522368892621,33.27024981074943,0.019560990395665282
DOGEUSD,pre,1089,-0.1696373859764139,35.44536271808999,-0.03600556414293223
ETHUSD,is,3358,-0.1217368291570329,34.48481238832638,0.0118376799842277
ETHUSD,oos,2706,-0.1227586163602513,33.22246858832224,0.011112063507406428
ETHUSD,pre,1870,-0.13420478271901254,36.20320855614973,-0.0007086120763927555
LTCUSD,is,3467,-0.12845893171912834,34.32362272858379,0.005235533032265634
LTCUSD,oos,2651,-0.147128546682845,31.49754809505847,-0.012819776608484233
LTCUSD,pre,1781,-0.09932617235314156,35.76642335766424,0.034101346355220385
SOLUSD,is,3216,-0.1315348681589079,33.146766169154226,0.0025230961360983824
SOLUSD,oos,2676,-0.1172960176755428,31.427503736920777,0.01705325185500582
SOLUSD,pre,882,-0.11933395487231442,32.19954648526077,0.014945855809224215
