strategy,tf,H,n,mu_star,null_sd,mde80_holm1,mde80_over_mu,reps,n_episodes,sig_per_episode,rs_z_mean,rs_z_sd,rs_rate_p05,rs_z_max,rs_zvn_mean,rs_zvn_sd,rs_rate_pvn05,rs_zvn_max,rs_rate_both05,sec_total
S2_ST_ROC,1h,4,15476,0.002457233856737,0.00019869127502,0.0009204258504626,0.3745780434935584,40,11763.0,1.3156507693615571,0.1253035479836894,0.879455429480421,0.05,2.4931049389702857,0.1533354519290053,0.9564064459986736,0.025,2.0903086598438283,0.0,175.12335753440857
S5_DONCHIAN_MFI,1h,4,367,0.002457233856737,0.0009981273848693,0.0046237674351626,1.881696128549432,40,361.0,1.0166204986149583,-0.1550037444044979,1.061996615232385,0.025,2.0514924472498395,-0.0798061448771813,1.04065076620956,0.075,2.30970831123822,0.025,175.12335753440857
S6_EMA_DMI_ADX,1h,4,1750,0.002457233856737,0.0005013287594877,0.0023223765098211,0.9451182285535842,40,1745.0,1.002865329512894,0.0297806338813119,1.4773284861474048,0.1,4.531859804510331,-0.0430831447680512,1.2138424346093852,0.1,2.3864667731095395,0.05,175.12335753440857
N01_ST_EMA,1h,4,5130,0.002457233856737,0.000305433246513,0.0014149018654845,0.5758108295656619,40,4799.0,1.0689727026463849,-0.1907380037242723,0.9085748180326572,0.0,1.6322935215295336,-0.1902023479701996,0.983323610628604,0.025,1.9869702687965485,0.0,175.12335753440857
N02_ST_KST,1h,4,4534,0.002457233856737,0.000333706513691,0.0015458761419597,0.6291123401711972,40,4438.0,1.0216313654799458,-0.0442663933225046,0.9377206435162896,0.025,1.9534928730857333,-0.0353040865538746,0.8549202886987038,0.0,1.4894363422013266,0.0,175.12335753440857
N03_ADX_GC,1h,4,180,0.002457233856737,0.0013455054169009,0.0062329760958476,2.5365823764631443,40,180.0,1.0,-0.0769084010578084,1.809837522804456,0.175,3.284753419230502,-0.1510334307203944,1.029151122122652,0.025,1.8142183234764384,0.025,175.12335753440857
N07_ICHI_CMO,1h,4,2154,0.002457233856737,0.0004731547111242,0.0021918618587709,0.8920037678797047,40,2064.0,1.0436046511627908,-0.0470014121944957,0.9669381664285048,0.05,2.1856412361369317,0.0628222696576177,0.8504736057974399,0.025,1.975782150275618,0.0,175.12335753440857
N08_ICHI_WR,1h,4,292,0.002457233856737,0.0011205041391097,0.0051906706778301,2.112404020316933,40,283.0,1.0318021201413428,-0.0678259694613823,1.1454234684543132,0.05,1.943526576427592,0.040768746407893,1.033063330354555,0.05,2.4515783577927865,0.0,175.12335753440857
N09_ALLIG_AROON,1h,4,2591,0.002457233856737,0.0004372496662823,0.0020255338132582,0.8243146282983438,40,2589.0,1.0007724990343765,0.0833304172996701,0.874653826432384,0.0,1.4819457727118055,0.1783057903663648,1.110821290302831,0.025,2.540284391410112,0.0,175.12335753440857
N10_HA_PSAR,1h,4,6003,0.002457233856737,0.0002544908022663,0.0011789139361419,0.4797727871564629,40,5868.0,1.0230061349693251,-0.0154946743983636,1.0833255373459758,0.125,2.1390029543940208,-0.0886549013721183,1.094880237740718,0.125,2.073434770617681,0.1,175.12335753440857
N12_ICHI_AO,1h,4,2440,0.002457233856737,0.0004518772389246,0.002093295198292,0.8518909148809382,40,2400.0,1.0166666666666666,-0.0148645682765088,0.9777852090579222,0.1,1.8952709878121712,0.1031287256748291,0.9452907351424096,0.075,2.210854590011376,0.025,175.12335753440857
N14_ICHI_RSI,1h,4,4,0.002457233856737,0.0098613792980035,0.0456822697734777,18.5909329094708,0,,,,,,,,,,,,175.12335753440857
N17_KC_RSI,1h,4,24611,0.002457233856737,0.0003046565654443,0.0014113039353131,0.5743466098856439,40,3235.0,7.607727975270479,-0.1959282505671859,1.1558133929087633,0.1,2.551777464341184,-0.1945407451191695,0.9861821199243164,0.0,1.413190274166082,0.0,175.12335753440857
N18_VWMA_MACD,1h,4,15789,0.002457233856737,0.0002835067949969,0.0013133288458222,0.5344745036055493,40,5086.0,3.1044042469524182,0.065431390392333,1.0873801660537454,0.05,2.1255296693989774,0.2446946012807388,0.9850404477771016,0.025,2.52831688167742,0.025,175.12335753440857
N21_ST_RSI_ADX,1h,4,1,0.002457233856737,0.0113007531972403,0.0523500861897016,21.304478629973847,0,,,,,,,,,,,,175.12335753440857
N22_VORTEX_PSAR,1h,4,12739,0.002457233856737,0.0002018670140344,0.0009351372779417,0.3805650306249277,40,11179.0,1.1395473655962072,0.145043627472318,0.9005231637841997,0.1,2.6812669135495297,0.1022572206967679,0.9128582859066012,0.05,2.621530752856868,0.05,175.12335753440857
N23_HA_ST,1h,4,18151,0.002457233856737,0.0002035200650689,0.00094279494134,0.3836814061287625,40,14029.0,1.293819944400884,-0.1590159929962026,1.1885128730818586,0.05,2.4833152017953988,-0.1062907197981986,1.056830141412621,0.05,2.201403308937366,0.025,175.12335753440857
N24_DMI,1h,4,7038,0.002457233856737,0.000268616832332,0.0012443519541705,0.5064035524168321,40,6322.0,1.1132552989560265,-0.4518565196047737,1.0131907040898462,0.05,1.77849266969852,-0.3004633610024379,0.9848084575325426,0.05,2.1641951487546423,0.025,175.12335753440857
N25_DST_CCI,1h,4,7691,0.002457233856737,0.0002703481747012,0.0012523722976529,0.509667524814247,40,6545.0,1.1750954927425517,0.0220048452131241,1.0267742894904317,0.05,1.9961569874462968,0.0208435617297019,0.9355674149654996,0.05,1.9398385456995104,0.0,175.12335753440857
S1_EMA_RSI_CHOP,1h,4,46,0.002457233856737,0.0027616953593942,0.0127933941721062,5.206421088912891,0,,,,,,,,,,,,175.12335753440857
S3_CMO_SANDWICH,1h,4,1278,0.002457233856737,0.0005473842338562,0.002535725833589,1.031943226175568,40,1202.0,1.0632279534109816,0.2293823564342027,1.123910756700036,0.125,3.135893597795959,-0.0066087945745994,1.0544859677652492,0.025,2.959810678826466,0.025,175.12335753440857
S4_BB_BBP,1h,4,5491,0.002457233856737,0.0003311335045365,0.0015339568257288,0.6242616353031218,40,4508.0,1.2180567879325643,-0.1426984050460042,0.8181773041138958,0.0,1.610950556474975,-0.2502330413626851,0.8986929892657768,0.0,1.4768763770190465,0.0,175.12335753440857
N04_ST_KLINGER,1h,4,15848,0.002457233856737,0.0001815143589655,0.0008408547793816,0.3421956673258075,40,11719.0,1.3523338168785732,-0.3251409942036163,0.9180631772181344,0.05,1.742421748969131,-0.3556290300205608,1.0561347686325686,0.05,1.8943333327589824,0.025,175.12335753440857
N05_PSAR_POC,1h,4,1365,0.002457233856737,0.0004924059217725,0.0022810419796978,0.9282966590436308,40,1267.0,1.0773480662983426,0.1503270959916104,0.990495662229266,0.075,2.2179278775826687,0.0544501984239263,1.032418532995398,0.075,2.263966808832774,0.075,175.12335753440857
N06_MACD_ORB,1h,4,2360,0.002457233856737,0.0004348105051618,0.0020142345403106,0.8197162572818485,40,2303.0,1.0247503256621795,0.1061163669559442,1.0391204356038657,0.075,2.106087309941684,-0.1164362638935525,1.119516828382202,0.05,2.6811476048113825,0.025,175.12335753440857
N11_BREAKAWAY,1h,4,75,0.002457233856737,0.0022948724887787,0.0106308641986162,4.326354274123972,0,,,,,,,,,,,,175.12335753440857
N13_3OUTSIDE,1h,4,1121,0.002457233856737,0.0006330777378268,0.0029326960390664,1.193494884919435,40,1116.0,1.004480286738351,0.2735371125808032,0.7935936638529714,0.05,2.243589825309411,0.2794663044122714,0.9295715136609948,0.05,2.4674217374741163,0.05,175.12335753440857
N15_KC_AO,1h,4,23,0.002457233856737,0.0035771455598844,0.0165709201063507,6.74372936093089,0,,,,,,,,,,,,175.12335753440857
N16_BBRSI,1h,4,2200,0.002457233856737,0.0004356007927966,0.0020178955021133,0.8212061284199279,40,2156.0,1.020408163265306,0.1493045940377126,0.8835399488048555,0.025,1.7574694155215935,0.2377747281676624,0.8095745580051715,0.025,1.7636140870291583,0.0,175.12335753440857
N19_FIB_CHOP,1h,4,1384,0.002457233856737,0.0006277495570344,0.0029080135494263,1.183450057654643,40,1011.0,1.3689416419386746,0.0482432664424399,1.2681786238554689,0.125,2.810846386230304,0.1731600840101919,0.9305224514217122,0.05,3.0764412837343182,0.05,175.12335753440857
N20_EMA9_CHOP,1h,4,7074,0.002457233856737,0.0002568813771953,0.0011899881363648,0.4842795622005077,40,5089.0,1.390056985655335,-0.10857621746548,0.6888855357477744,0.025,1.9801562119989495,-0.0338379609422085,0.9259439126241102,0.05,2.346929610988353,0.025,175.12335753440857
V39_ALL,1h,4,5830,0.002457233856737,0.0003043921456177,0.0014100790257454,0.5738481186393687,40,5096.0,1.1440345368916798,0.139154245275265,1.0454460558404266,0.075,2.571990986268741,0.1015844433102843,1.0193139746995754,0.025,2.2603353275327045,0.025,175.12335753440857
OBV_S,1h,4,2174,0.002457233856737,0.0004492319266591,0.0020810409420774,0.8469039022768832,40,1852.0,1.173866090712743,-0.2389342043734869,1.0296007992119185,0.05,1.8117466440520973,0.0116640916892108,1.0651842137120695,0.05,1.957221039402608,0.025,175.12335753440857
OBV_B,1h,4,6365,0.002457233856737,0.0002729363229304,0.0012643617447725,0.5145467702661043,40,5846.0,1.0887786520697913,-0.2922484897315474,0.93434491316027,0.0,1.4991641940279643,-0.2923557132324405,0.8814105330206587,0.025,1.8000170488546832,0.0,175.12335753440857
V45_AMB,1h,4,2232,0.002457233856737,0.0005316738181445,0.0024629482406065,1.0023255352167342,40,1532.0,1.4569190600522193,0.0516643928011838,0.8830476371697138,0.025,2.0775287590630307,0.1363856894599561,1.0817961549256012,0.075,2.3823732454878037,0.025,175.12335753440857
DOGE_L,1h,4,1718,0.002457233856737,0.0005043807548631,0.0023365147020428,0.9508719309059076,40,1611.0,1.0664183736809436,-0.056435228358348,0.9993696556790106,0.0,1.5720570959055302,-0.0483840425047403,0.9271729079348868,0.025,1.702625246432537,0.0,175.12335753440857
DOGE_S,1h,4,1707,0.002457233856737,0.0005537821454576,0.002565363789389,1.0440047382367088,40,1582.0,1.0790139064475348,-0.0378147506389184,1.440266983663117,0.15,2.6955932419014967,-0.0426296292096814,1.309113851544998,0.075,4.207555007201996,0.075,175.12335753440857
S2_ST_ROC,1h,16,15468,0.0036752461187329,0.000549552572223,0.0025457705357791,0.6926802868529622,40,4535.0,3.4108048511576627,0.064030259715035,0.8207558841610276,0.025,2.2694712936857937,-0.056805243100071,1.0236649338399344,0.025,2.0442237388209588,0.025,175.12335753440857
S5_DONCHIAN_MFI,1h,16,367,0.0036752461187329,0.0020730315022133,0.0096031986470897,2.6129402866767952,40,360.0,1.0194444444444444,-0.1966109825466302,0.8974371764482266,0.0,1.3940416031882228,-0.1241211021939836,0.9677058058895336,0.025,1.8506995087248583,0.0,175.12335753440857
S6_EMA_DMI_ADX,1h,16,1749,0.0036752461187329,0.0008444509437135,0.0039118702014634,1.0643831936926398,40,1732.0,1.0098152424942264,-0.0021384442584036,1.02885639499405,0.025,1.8374334722050976,0.1200157912916708,0.9110866689202936,0.025,1.6921280382846806,0.0,175.12335753440857
N01_ST_EMA,1h,16,5127,0.0036752461187329,0.000760093485173,0.0035210891492395,0.9580553343876536,40,3514.0,1.4590210586226522,0.0368790012673017,1.1839854973729886,0.05,3.046492959648682,-0.0393787917986669,0.9459884763569713,0.05,2.251211921140767,0.025,175.12335753440857
N02_ST_KST,1h,16,4532,0.0036752461187329,0.000783305306717,0.003628616571283,0.9873125374618544,40,4068.0,1.1140609636184855,0.0404874662208301,1.1547575029532722,0.05,2.9947028713508828,0.0184040030945385,1.1541235298993069,0.1,2.388118649773667,0.05,175.12335753440857
N03_ADX_GC,1h,16,180,0.0036752461187329,0.0029200836183552,0.0135271186295229,3.680602112760454,40,179.0,1.005586592178771,-0.1333725606733236,1.0055982527648806,0.0,1.599112839961458,-0.0953680083838153,1.0724274288404745,0.025,1.9681179627668632,0.0,175.12335753440857
N07_ICHI_CMO,1h,16,2153,0.0036752461187329,0.0010137874819046,0.0046963119297841,1.277822430951458,40,1946.0,1.106372045220966,0.1976022166011383,1.1115680046876617,0.125,2.6121830156079144,0.0804928999150456,0.927726042109051,0.05,2.2526846617067573,0.025,175.12335753440857
N08_ICHI_WR,1h,16,292,0.0036752461187329,0.0023741485300911,0.0109981058791527,2.9924814621515745,40,274.0,1.0656934306569343,-0.030403836796981,0.9852517216641276,0.0,1.5735328818410803,0.0854823924012172,0.9909343322212902,0.025,2.069978013879756,0.0,175.12335753440857
N09_ALLIG_AROON,1h,16,2586,0.0036752461187329,0.0007800869359918,0.003613707654867,0.9832559611308348,40,2537.0,1.0193141505715413,0.0233583200863357,0.7492898209373647,0.0,1.3571227260407008,0.0543273257409437,0.94989141212785,0.075,2.260319927359351,0.0,175.12335753440857
N10_HA_PSAR,1h,16,6000,0.0036752461187329,0.0004936232081282,0.0022866809884016,0.6221844509259687,40,4977.0,1.2055455093429777,0.1576746223482657,0.9877685234554032,0.1,2.370082781794036,-0.037696847038117,0.9801425504126088,0.05,2.1849681915848174,0.05,175.12335753440857
N12_ICHI_AO,1h,16,2440,0.0036752461187329,0.0009851673838188,0.0045637309791697,1.241748397721772,40,2320.0,1.0517241379310345,0.1278822953704659,1.0019244646808994,0.1,2.141963919181141,0.1812773044588622,0.8574762631430202,0.025,2.539054081783209,0.025,175.12335753440857
N14_ICHI_RSI,1h,16,4,0.0036752461187329,0.0194603408402235,0.0901489044566918,24.528671426166188,0,,,,,,,,,,,,175.12335753440857
N17_KC_RSI,1h,16,24609,0.0036752461187329,0.000943024694352,0.0043685074053648,1.188629894226218,40,2505.0,9.823952095808384,0.2402257135484411,1.088816494738815,0.1,2.801318756557381,0.2432385297421878,0.9740261787820576,0.075,2.2567557228381507,0.05,175.12335753440857
N18_VWMA_MACD,1h,16,15787,0.0036752461187329,0.0006864401528435,0.0031798943431668,0.8652194276075245,40,3886.0,4.062532166752445,-0.0737942883209441,0.8879840172927053,0.05,1.7688298439683812,-0.1912222398732439,1.0380740338116672,0.05,1.8925607594887297,0.025,175.12335753440857
N21_ST_RSI_ADX,1h,16,1,0.0036752461187329,0.023385530918799,0.1083321206846658,29.47615402747915,0,,,,,,,,,,,,175.12335753440857
N22_VORTEX_PSAR,1h,16,12731,0.0036752461187329,0.0003774228457465,0.0017483895241263,0.4757203919527125,40,9170.0,1.388331515812432,0.0962247999159676,0.9095134189857595,0.05,2.15981001293932,0.1388645059879704,0.960348208926015,0.075,1.8230824758168935,0.0,175.12335753440857
N23_HA_ST,1h,16,18148,0.0036752461187329,0.0005739232681853,0.0026586663766015,0.7233981863283234,40,3475.0,5.222446043165467,-0.2262118001947621,1.194513527775764,0.075,2.2362940321847486,-0.3085556081399307,1.1371833814899763,0.075,1.988616384859514,0.05,175.12335753440857
N24_DMI,1h,16,7035,0.0036752461187329,0.0005748494531004,0.0026629568747026,0.7245655906224663,40,4181.0,1.682611815355178,0.0547614718324015,1.0730207480926774,0.1,2.491569207824732,-0.0116417710460878,1.0980976028285716,0.1,3.15693584750854,0.05,175.12335753440857
N25_DST_CCI,1h,16,7687,0.0036752461187329,0.0007350128705385,0.0034049046511897,0.9264426221239316,40,3902.0,1.970015376729882,0.1987464903971363,0.8268322574686114,0.025,2.487149427183856,0.2536272650951306,1.052185707612297,0.075,2.780166293881739,0.025,175.12335753440857
S1_EMA_RSI_CHOP,1h,16,46,0.0036752461187329,0.0055279808942481,0.0256080520667934,6.967710797997446,0,,,,,,,,,,,,175.12335753440857
S3_CMO_SANDWICH,1h,16,1277,0.0036752461187329,0.0010515425843704,0.0048712102603369,1.3254106263817604,40,1173.0,1.0886615515771525,0.062493555424499,0.9674471168814204,0.075,3.01261678765104,0.0387438226023616,1.0496748114040018,0.075,2.887763689331603,0.05,175.12335753440857
S4_BB_BBP,1h,16,5487,0.0036752461187329,0.0007173130198526,0.0033229111156457,0.9041329500924288,40,3935.0,1.3944091486658197,0.365383832632801,0.7844607974932327,0.075,1.8354539620282,0.2808073059900976,0.877936305248604,0.05,2.347519682896458,0.025,175.12335753440857
N04_ST_KLINGER,1h,16,15839,0.0036752461187329,0.0005515096073643,0.0025548363879869,0.695147020213109,40,4141.0,3.824921516541898,-0.0965295802463418,0.9156039597595816,0.05,2.176117124420253,0.0819002441483203,0.8119601147620723,0.025,1.725733066599911,0.0,175.12335753440857
N05_PSAR_POC,1h,16,1363,0.0036752461187329,0.0010615640017141,0.0049176338971095,1.3380420625557876,40,1181.0,1.1541066892464014,0.1239134763787101,1.019315757293988,0.05,2.263447998917404,0.0024021300275903,0.9260115537107904,0.05,2.461753762317608,0.025,175.12335753440857
N06_MACD_ORB,1h,16,2359,0.0036752461187329,0.0009057145528769,0.0041956703308901,1.1416025472429163,40,1996.0,1.1818637274549098,0.0331859051470758,1.4363394084177177,0.1,3.211874233036984,-0.1096878439418871,1.2232239404583631,0.075,2.4350606532616936,0.05,175.12335753440857
N11_BREAKAWAY,1h,16,75,0.0036752461187329,0.0046631229425537,0.0216016475800458,5.877605711884504,0,,,,,,,,,,,,175.12335753440857
N13_3OUTSIDE,1h,16,1121,0.0036752461187329,0.0011885678858807,0.0055059720517886,1.4981233566166998,40,1085.0,1.033179723502304,-0.397860735199977,1.0095292549673522,0.0,1.6095739018846658,-0.3721785072504638,1.1613921697124077,0.025,2.054975594224602,0.0,175.12335753440857
N15_KC_AO,1h,16,23,0.0036752461187329,0.0070134245987247,0.0324892841937183,8.840029522953303,0,,,,,,,,,,,,175.12335753440857
N16_BBRSI,1h,16,2200,0.0036752461187329,0.0008740215222624,0.0040488541979011,1.1016552543961395,40,1986.0,1.107754279959718,-0.0745169778353338,0.9161479185832864,0.025,1.719468592470624,-0.1714197231421559,0.9768197586696516,0.025,2.144176075624614,0.025,175.12335753440857
N19_FIB_CHOP,1h,16,1384,0.0036752461187329,0.0015452003058482,0.0071580511298362,1.9476385794549476,40,880.0,1.5727272727272728,0.0749068560414554,1.2541861213611256,0.1,2.7055756275386504,0.0636092247286276,0.8505603722860432,0.025,2.1637949462927537,0.025,175.12335753440857
N20_EMA9_CHOP,1h,16,7070,0.0036752461187329,0.0006452462909511,0.0029890661582737,0.8132968682120055,40,2139.0,3.305282842449743,-0.014429575924997,1.1218100326282954,0.1,2.327118237407157,-0.0285765763342221,1.275982700294458,0.125,2.2026235488958283,0.075,175.12335753440857
V39_ALL,1h,16,5829,0.0036752461187329,0.0008249095700021,0.0038213459169133,1.0397523848636332,40,3256.0,1.7902334152334152,-0.1406372061039073,0.8871946387286513,0.0,1.506036741600956,-0.2513889837932406,0.9259719994901512,0.025,2.3172981642781254,0.0,175.12335753440857
OBV_S,1h,16,2174,0.0036752461187329,0.001049199854835,0.0048603577011351,1.322457746805498,40,1674.0,1.2986857825567504,-0.0066078946127508,0.9936904660628604,0.025,2.1460214122180563,0.1987581354777504,0.9441849217908316,0.05,2.1783800273945904,0.0,175.12335753440857
OBV_B,1h,16,6362,0.0036752461187329,0.0005978977846549,0.0027697269388167,0.7536167237071001,40,4967.0,1.2808536339842964,-0.176474789392339,0.908463688143327,0.025,1.8705135976651384,-0.2272953063870169,0.990594232197294,0.025,2.092024515981394,0.0,175.12335753440857
V45_AMB,1h,16,2232,0.0036752461187329,0.0013162955530469,0.0060976630893907,1.6591169386753817,40,1135.0,1.9665198237885464,0.0984827068617805,0.8501677548383382,0.05,2.228079680884519,0.1175691049234802,1.027453417764958,0.05,2.6129421431528117,0.05,175.12335753440857
DOGE_L,1h,16,1718,0.0036752461187329,0.0011077776572854,0.005131715986159,1.396291791181682,40,1308.0,1.3134556574923548,0.376315642064052,1.0347255677577665,0.1,2.919318351508779,0.2444079074776305,0.8146110230359178,0.05,1.9398970948936232,0.05,175.12335753440857
DOGE_S,1h,16,1707,0.0036752461187329,0.0011353754415629,0.0052595611271294,1.4310772550227788,40,1291.0,1.322230828814872,-0.2710507570843429,1.1720306959421103,0.075,2.1818713898749373,-0.1911526143100328,1.0991997892918013,0.075,2.0712731402335374,0.05,175.12335753440857
S2_ST_ROC,1h,64,15440,0.0064872179060168,0.0016617381921883,0.0076979061543455,1.1866267274922082,40,1187.0,13.007582139848358,-0.0062938266876591,0.7986780527370033,0.0,1.5394017533724158,-0.1471431743999317,0.8385498219444979,0.025,1.8491544701737543,0.0,175.12335753440857
S5_DONCHIAN_MFI,1h,64,367,0.0064872179060168,0.0041690454134646,0.019312861976045,2.9770638593984464,40,348.0,1.0545977011494252,0.0219524151039215,1.0444790426267176,0.025,3.034129021772991,0.0026102715869611,1.0491575193892868,0.075,2.5705845744785787,0.025,175.12335753440857
S6_EMA_DMI_ADX,1h,64,1747,0.0064872179060168,0.0015402861320845,0.0071352865038338,1.0998993107994657,40,1597.0,1.0939261114589856,0.0584150245930191,0.9895729469611528,0.025,2.029292207074853,-0.0619036111863822,0.8833631287008086,0.0,1.4533872953660885,0.0,175.12335753440857
N01_ST_EMA,1h,64,5114,0.0064872179060168,0.002050816411476,0.0095002885229137,1.4644626803891387,40,1198.0,4.268781302170284,0.0224501487759597,0.965952910108032,0.05,2.7569096995070668,-0.1232615591715597,0.9163214967428478,0.0,1.5087195916785394,0.0,175.12335753440857
N02_ST_KST,1h,64,4522,0.0064872179060168,0.0018597463209903,0.0086151673694279,1.3280218876935623,40,1193.0,3.790444258172674,-0.0713890354672266,1.09900846440712,0.05,2.669420696823726,-0.0946737832118824,1.0431928956802394,0.025,1.6510950567710034,0.0,175.12335753440857
N03_ADX_GC,1h,64,179,0.0064872179060168,0.0053125703634659,0.0246101752301086,3.793640908421324,40,177.0,1.0112994350282485,0.0920721420103218,0.7851677660945209,0.05,1.7584256813592511,0.0870584987833743,0.9628692661458575,0.075,2.158254576668778,0.025,175.12335753440857
N07_ICHI_CMO,1h,64,2149,0.0064872179060168,0.0021322189885716,0.0098773812575873,1.522591255710129,40,1490.0,1.4422818791946308,-0.1442113369246627,1.0000046850161763,0.05,2.088899593041801,-0.1255927868569245,1.1185646420191588,0.05,2.2115094444963472,0.05,175.12335753440857
N08_ICHI_WR,1h,64,290,0.0064872179060168,0.0047561260901856,0.0220324792874078,3.39629092264236,40,252.0,1.1507936507936507,-0.1460669545002903,1.116614377057692,0.0,1.565643475128417,-0.1339796230556283,1.2227095684945344,0.025,1.6806077977087837,0.0,175.12335753440857
N09_ALLIG_AROON,1h,64,2582,0.0064872179060168,0.0012684822978826,0.0058761709476569,0.90580754844182,40,2050.0,1.2595121951219512,-0.0711667892642231,1.0785743312484513,0.05,2.349569703452309,-0.2242073958302421,1.0990858753252084,0.025,2.044021976056926,0.025,175.12335753440857
N10_HA_PSAR,1h,64,5995,0.0064872179060168,0.0009285379983293,0.0043013986231309,0.6630575210278424,40,3494.0,1.715798511734402,0.1492081688220211,1.0649696793578198,0.075,2.3341461660766445,0.211914081618861,1.152219357438502,0.1,2.414222306421938,0.075,175.12335753440857
N12_ICHI_AO,1h,64,2435,0.0064872179060168,0.0019997804724665,0.0092638674844849,1.4280185464238573,40,1637.0,1.4874770922419058,-0.0448967755647343,1.1393276679279305,0.075,2.2939758550500944,-0.0875581095761507,1.1549878349944245,0.05,2.3005915829373604,0.025,175.12335753440857
N14_ICHI_RSI,1h,64,4,0.0064872179060168,0.0384746345565385,0.1782315213860195,27.4742615352434,0,,,,,,,,,,,,175.12335753440857
N17_KC_RSI,1h,64,24582,0.0064872179060168,0.0022871015909998,0.0105948659636847,1.6331910099486873,40,1714.0,14.341890315052508,0.0451204336658307,1.3965299599823189,0.1,3.576041566139432,0.1491516650841038,0.9657698811664353,0.05,2.280920315410851,0.05,175.12335753440857
N18_VWMA_MACD,1h,64,15755,0.0064872179060168,0.0017275899078679,0.0080029604220919,1.233650624664439,40,2142.0,7.355275443510737,0.1102352284664156,1.105930345868105,0.125,2.2843459782243483,0.1030716492260034,1.1242677493643205,0.125,2.050422602836777,0.075,175.12335753440857
N21_ST_RSI_ADX,1h,64,1,0.0064872179060168,0.0505428122666162,0.234136657287004,36.09199824625063,0,,,,,,,,,,,,175.12335753440857
N22_VORTEX_PSAR,1h,64,12713,0.0064872179060168,0.0006149607422522,0.0028487701039296,0.439135873836989,40,7906.0,1.6080192259043764,-0.008346164907068,1.0785379260372223,0.025,2.814458226083881,0.112783199778483,1.2597777679676996,0.1,2.546593352621608,0.025,175.12335753440857
N23_HA_ST,1h,64,18130,0.0064872179060168,0.0017714384691533,0.0082060863485253,1.2649623409311366,40,1190.0,15.235294117647058,-0.0860354949641196,0.9219357740282076,0.025,1.9245972321229308,-0.0277770269961791,0.8997040519166285,0.025,2.200192220827476,0.0,175.12335753440857
N24_DMI,1h,64,7019,0.0064872179060168,0.00114766835266,0.0053165073274598,0.81953580170768,40,2544.0,2.7590408805031448,0.0169302788641756,0.8850490796380496,0.075,2.127189186619417,0.0695171019292872,1.0383448757105176,0.125,2.9555548477093465,0.075,175.12335753440857
N25_DST_CCI,1h,64,7674,0.0064872179060168,0.0018691211903539,0.0086585959100424,1.3347163661654964,40,1576.0,4.869289340101523,-0.0558141099287189,0.9236240394510294,0.025,2.0753292325489032,0.0326090087271269,0.9593223350873122,0.05,2.4432619190570857,0.025,175.12335753440857
S1_EMA_RSI_CHOP,1h,64,46,0.0064872179060168,0.0116300011936242,0.0538753085078647,8.3048402702638,0,,,,,,,,,,,,175.12335753440857
S3_CMO_SANDWICH,1h,64,1272,0.0064872179060168,0.0020520261203867,0.0095058924295414,1.4653265185874,40,1017.0,1.2507374631268438,-0.2017848901475893,1.045359415407245,0.05,2.1752033184373643,-0.2239345756689345,1.073092007259084,0.025,1.7469493493452688,0.0,175.12335753440857
S4_BB_BBP,1h,64,5466,0.0064872179060168,0.0014558537267633,0.006744158264979,1.039607172548341,40,2731.0,2.001464664957891,-0.1597817656209804,0.7204224610252941,0.0,1.2625404801532727,-0.2053609434069961,0.772046991623624,0.0,1.3554235059885182,0.0,175.12335753440857
N04_ST_KLINGER,1h,64,15821,0.0064872179060168,0.0016448046331579,0.0076194624206167,1.1745346820475653,40,1169.0,13.533789563729684,-0.1050568341257675,0.8869728108109732,0.0,1.621027215762882,-0.1053547252759942,0.950462662518952,0.025,2.237874684281359,0.0,175.12335753440857
N05_PSAR_POC,1h,64,1360,0.0064872179060168,0.0021005166964813,0.0097305222213468,1.499953040319788,40,1051.0,1.2940057088487156,0.106102989055142,1.0686557367104446,0.075,2.528573901848797,0.1300578713788225,1.1553247443664103,0.1,3.190135580067432,0.075,175.12335753440857
N06_MACD_ORB,1h,64,2355,0.0064872179060168,0.0020957671249713,0.0097085201057734,1.4965614299419343,40,1439.0,1.6365531619179987,-0.2023418215023151,1.013446312238893,0.025,2.528191496289304,-0.1829541823941959,1.103360145068199,0.075,2.709432793544934,0.025,175.12335753440857
N11_BREAKAWAY,1h,64,75,0.0064872179060168,0.0090276196903881,0.0418199265687065,6.44651176738169,0,,,,,,,,,,,,175.12335753440857
N13_3OUTSIDE,1h,64,1119,0.0064872179060168,0.0022002823511938,0.0101926808519987,1.5711944626594372,40,945.0,1.184126984126984,0.0592751626006102,0.860660707136779,0.0,1.4342624531883017,0.0132099774031203,0.8923434941870058,0.05,1.679322353330898,0.0,175.12335753440857
N15_KC_AO,1h,64,23,0.0064872179060168,0.0151783796857053,0.0703129668348771,10.838693543755156,0,,,,,,,,,,,,175.12335753440857
N16_BBRSI,1h,64,2196,0.0064872179060168,0.0017670480769806,0.0081857481104773,1.2618272160836794,40,1541.0,1.425048669695003,-0.0088089161366693,1.5529161904446631,0.1,4.113675508083356,-0.0276352615202715,1.190125848984362,0.1,2.7058032750656045,0.075,175.12335753440857
N19_FIB_CHOP,1h,64,1384,0.0064872179060168,0.0038674215234188,0.017915606734277,2.7616779633162314,40,719.0,1.9248956884561887,-0.0864582289672928,1.0488872598713137,0.05,2.580594629775927,0.135058156674428,0.9481788888614776,0.075,2.629656641925499,0.025,175.12335753440857
N20_EMA9_CHOP,1h,64,7051,0.0064872179060168,0.0014799400238157,0.0068557366442849,1.0568068999079536,40,859.0,8.208381839348078,-0.1213516595886531,0.8202914436756368,0.0,1.4079961100410203,-0.1693361734467689,0.9363097154142732,0.0,1.5396555958824698,0.0,175.12335753440857
V39_ALL,1h,64,5822,0.0064872179060168,0.0020547112995682,0.0095183313669408,1.4672439718901238,40,1749.0,3.328759291023442,-0.1541872611191996,1.0192117322579295,0.075,2.8010376529244807,-0.0707497521642727,1.1291050323385243,0.075,2.877500640733054,0.05,175.12335753440857
OBV_S,1h,64,2170,0.0064872179060168,0.0021101356003972,0.0097750812379238,1.506821780852709,40,1316.0,1.648936170212766,0.0209801113390693,1.0450990216598357,0.025,2.1684777955149723,0.1013546369790135,1.0248538166683123,0.075,2.3081292311275368,0.025,175.12335753440857
OBV_B,1h,64,6354,0.0064872179060168,0.0010670325642625,0.0049429666971225,0.7619547807293543,40,3513.0,1.8087105038428688,0.0248353866415788,0.7482786306521577,0.025,1.9164331567395685,-0.0105227037859773,0.866203232402,0.05,1.838187535710056,0.0,175.12335753440857
V45_AMB,1h,64,2231,0.0064872179060168,0.0035998209941993,0.0166759627455496,2.5705877291531976,40,782.0,2.8529411764705883,0.1265543517755742,0.9111243236572062,0.025,1.7598426876530422,0.0527862514869315,0.9545254887099996,0.0,1.6098993853671175,0.0,175.12335753440857
DOGE_L,1h,64,1717,0.0064872179060168,0.0023906309721732,0.0110744598396856,1.70712006288771,40,817.0,2.1015911872705018,-0.0676450336579079,1.195436296431488,0.1,2.529091469124773,0.0748600746704659,1.1393945307960298,0.075,3.2023593748918167,0.075,175.12335753440857
DOGE_S,1h,64,1704,0.0064872179060168,0.0026271406450432,0.0121700772329109,1.8760087003742216,40,831.0,2.050541516245487,-0.0483702904128028,1.0648906107339429,0.05,1.8757340274604384,-0.0737666243241723,0.9321128869941724,0.025,1.774502395042675,0.0,175.12335753440857
S2_ST_ROC,4h,4,3715,0.0036651824460518,0.0008018531864112,0.0037145385522059,1.0134662071753808,200,2825.0,1.3150442477876103,0.0515621412909733,1.0194226713153751,0.07,2.928321286618831,0.0687934858928328,1.0867742535421734,0.085,3.479394749038806,0.045,228.27535152435303
S5_DONCHIAN_MFI,4h,4,70,0.0036651824460518,0.0043274686588991,0.0200467485062786,5.469509035729816,0,,,,,,,,,,,,228.27535152435303
S6_EMA_DMI_ADX,4h,4,441,0.0036651824460518,0.0018166667810508,0.0084156038899426,2.2960941273218416,200,441.0,1.0,-0.0128284103402078,1.1399868521107273,0.075,3.708695537325978,0.0182972206969047,0.9452315506381768,0.025,3.095854604905572,0.015,228.27535152435303
N01_ST_EMA,4h,4,1195,0.0036651824460518,0.001380432087859,0.0063947718808774,1.7447349415759732,200,1138.0,1.0500878734622143,-0.0580134556889248,0.9573106634574352,0.04,2.285976859875913,-0.0532666761677654,1.0235908574251145,0.035,2.1027151753688056,0.015,228.27535152435303
N02_ST_KST,4h,4,1101,0.0036651824460518,0.0013811305393984,0.0063980074172748,1.7456177179302077,200,1081.0,1.0185013876040705,0.0300730062539822,1.257997806138754,0.12,3.368416720797713,0.0410867455430836,1.0631709424605609,0.09,2.917174118515272,0.045,228.27535152435303
N03_ADX_GC,4h,4,32,0.0036651824460518,0.0066161131083885,0.0306487616727648,8.362138071947877,0,,,,,,,,,,,,228.27535152435303
N07_ICHI_CMO,4h,4,584,0.0036651824460518,0.0017350316368988,0.0080374338018188,2.1929150649722464,200,565.0,1.033628318584071,0.0313193274327094,0.8189073957387937,0.02,2.187632194136065,0.0349700078834645,0.9985461245233808,0.04,2.4348273886674487,0.015,228.27535152435303
N08_ICHI_WR,4h,4,69,0.0036651824460518,0.0048127685594478,0.0222948722532676,6.082881979663547,0,,,,,,,,,,,,228.27535152435303
N09_ALLIG_AROON,4h,4,606,0.0036651824460518,0.0015612810247175,0.0072325441307988,1.973310807103174,200,606.0,1.0,-0.0332559933367553,0.8081485481684816,0.015,2.175560329196906,-0.0434157186789795,1.0544895779063477,0.055,2.491566242435564,0.015,228.27535152435303
N10_HA_PSAR,4h,4,1419,0.0036651824460518,0.0011021973118749,0.0051058653584965,1.393072632440627,200,1387.0,1.023071377072819,0.0759401063221665,1.0279583050836574,0.07,2.426932774970969,0.0746989016948691,1.029808656733301,0.05,3.372169586698477,0.015,228.27535152435303
N12_ICHI_AO,4h,4,583,0.0036651824460518,0.0016732853781634,0.0077513978261389,2.114873663243944,200,573.0,1.0174520069808028,-0.0659874330830276,1.007486653251648,0.045,2.740408336651931,-0.020464136035615,1.0804737702812257,0.09,2.8433845178942057,0.025,228.27535152435303
N14_ICHI_RSI,4h,4,2,0.0036651824460518,0.021741234613065,0.1007150130614674,27.47885392989358,0,,,,,,,,,,,,228.27535152435303
N17_KC_RSI,4h,4,6637,0.0036651824460518,0.0012246708549294,0.0056732169697526,1.5478675490940146,200,822.0,8.074209245742093,0.1492874992057988,1.2499804117860218,0.13,3.604238277626007,0.1320519442002115,0.939125265602766,0.06,3.342705626354844,0.05,228.27535152435303
N18_VWMA_MACD,4h,4,3945,0.0036651824460518,0.0011651256034768,0.0053973770331285,1.472608011353618,200,1275.0,3.094117647058824,0.0176368828473612,1.0708063491642263,0.06,2.83727959084005,-0.0216769665975876,1.0365107058912768,0.055,2.724696494199214,0.03,228.27535152435303
N21_ST_RSI_ADX,4h,4,0,0.0036651824460518,,,,0,,,,,,,,,,,,228.27535152435303
N22_VORTEX_PSAR,4h,4,3109,0.0036651824460518,0.0008274521212448,0.0038331241386277,1.045820827488923,200,2687.0,1.1570524748790472,-0.0629446912178849,0.8759407341140042,0.035,2.200176672924412,0.0445203443738916,1.0072637696283755,0.06,2.633912778762183,0.02,228.27535152435303
N23_HA_ST,4h,4,4484,0.0036651824460518,0.0008375973196314,0.0038801211839291,1.0586433938940365,200,3484.0,1.2870264064293917,0.0134928902362341,1.0900773722706991,0.06,2.663006554874748,0.030087266909593,1.063194273332991,0.05,3.1731211250811917,0.025,228.27535152435303
N24_DMI,4h,4,1659,0.0036651824460518,0.0009907520351,0.0045896015535294,1.2522163960687631,200,1497.0,1.1082164328657316,0.0467694765659055,0.8688615791337498,0.02,2.142335996222973,0.0946530674320985,1.007309874979326,0.075,2.990345794089412,0.02,228.27535152435303
N25_DST_CCI,4h,4,1695,0.0036651824460518,0.0012250375956213,0.0056749158748162,1.5483310744679053,200,1463.0,1.1585782638414217,-0.1166830476248425,0.7711721900954852,0.01,2.317529171543347,-0.083302338228151,0.9159155982151086,0.035,2.922386395220401,0.01,228.27535152435303
S1_EMA_RSI_CHOP,4h,4,11,0.0036651824460518,0.0102660541746182,0.0475569027558846,12.975316633177089,0,,,,,,,,,,,,228.27535152435303
S3_CMO_SANDWICH,4h,4,279,0.0036651824460518,0.002593573715373,0.0120145803708267,3.2780306431318573,200,254.0,1.0984251968503935,-0.0345798203681533,0.9820435263361968,0.045,2.4109431671185484,0.0722242884711273,1.0848916936561286,0.08,2.7843896129236514,0.035,228.27535152435303
S4_BB_BBP,4h,4,1403,0.0036651824460518,0.0012488590762301,0.0057852675072492,1.5784391615978628,200,1165.0,1.2042918454935625,0.0283402562687719,1.0219006684151477,0.055,2.762765428067081,0.0272782929703136,1.0424790203899472,0.055,2.841131612298187,0.02,228.27535152435303
N04_ST_KLINGER,4h,4,4137,0.0036651824460518,0.0007618637808634,0.0035292899417315,0.9629233997705552,200,3023.0,1.3685081045319218,0.0697262495687784,1.071623397990752,0.06,2.761491297974992,-0.0281585607705711,1.0334617705819034,0.05,2.514636352756484,0.04,228.27535152435303
N05_PSAR_POC,4h,4,315,0.0036651824460518,0.0019562108509602,0.00906203373046,2.4724645672746397,200,296.0,1.0641891891891893,0.006629127431677,0.9648439369732296,0.05,2.872288599876794,-0.0713296460702764,1.0514001763577083,0.05,2.767364302714458,0.03,228.27535152435303
N06_MACD_ORB,4h,4,651,0.0036651824460518,0.0017348334063091,0.0080365155100664,2.1926645203497466,200,630.0,1.0333333333333334,-8.13180239704625e-05,1.035276152109936,0.07,2.959581883182064,0.0979826441290874,0.925461624049172,0.065,3.067622892871644,0.035,228.27535152435303
N11_BREAKAWAY,4h,4,19,0.0036651824460518,0.0086834426799756,0.0402255464557058,10.975046139664222,0,,,,,,,,,,,,228.27535152435303
N13_3OUTSIDE,4h,4,238,0.0036651824460518,0.0027728950270922,0.0128452759855618,3.5046757356919502,200,238.0,1.0,-0.0169656913638527,0.8742215818688487,0.03,2.06340882955001,-0.0532879379327112,0.9102016990853938,0.03,2.2559706804924766,0.02,228.27535152435303
N15_KC_AO,4h,4,3,0.0036651824460518,0.0169642732463299,0.0785860155593782,21.441228838153062,0,,,,,,,,,,,,228.27535152435303
N16_BBRSI,4h,4,550,0.0036651824460518,0.0016696681373352,0.0077346411670189,2.1103018146752515,200,541.0,1.0166358595194085,-0.0150748072350824,0.9618619336871,0.04,2.152790819653937,-0.0181333157379964,0.9471302353776916,0.04,2.2653875060813764,0.01,228.27535152435303
N19_FIB_CHOP,4h,4,383,0.0036651824460518,0.0024973845224312,0.0115689894926673,3.1564566465523938,200,270.0,1.4185185185185183,-0.037918937249178,0.8899749139081925,0.01,2.542685411912017,0.0205789751443586,0.9749381534196724,0.055,2.344715870346517,0.0,228.27535152435303
N20_EMA9_CHOP,4h,4,1542,0.0036651824460518,0.0010959923802913,0.0050771213714778,1.3852301887310017,200,1117.0,1.3804834377797672,-0.0550430558513455,0.9187079167377584,0.035,2.916880253467677,-0.084788681054637,1.019157542485338,0.035,3.0889581723714854,0.02,228.27535152435303
V39_ALL,4h,4,1474,0.0036651824460518,0.0012853362491681,0.0059542459031075,1.6245428408404583,200,1317.0,1.1192103264996205,-0.0160510959156149,0.9658767079324776,0.045,2.166164692801539,-0.0343892761023948,1.0172609231360188,0.065,2.6693186286200405,0.03,228.27535152435303
OBV_S,4h,4,536,0.0036651824460518,0.0018827280357817,0.0087216288352362,2.379589273824931,200,448.0,1.1964285714285714,0.0222512254910333,0.8224098168014786,0.04,2.01682578315557,0.05671251690097,1.0011780369124716,0.045,2.7916204634108364,0.02,228.27535152435303
OBV_B,4h,4,1528,0.0036651824460518,0.0012192491583944,0.0056481012738385,1.5410150400351246,200,1405.0,1.087544483985765,0.0915196253130041,0.850439507267763,0.045,2.1593964613242385,0.0740646504318481,0.8785007184266636,0.035,2.409132617296881,0.02,228.27535152435303
V45_AMB,4h,4,351,0.0036651824460518,0.0027212032356661,0.0126058167487104,3.4393422249115297,200,239.0,1.4686192468619246,-0.0441247392942452,0.6990670324064481,0.005,1.9708043344793689,-0.0374958547486197,0.9938927482398804,0.05,2.593240504841833,0.005,228.27535152435303
DOGE_L,4h,4,0,0.0036651824460518,,,,0,,,,,,,,,,,,228.27535152435303
DOGE_S,4h,4,0,0.0036651824460518,,,,0,,,,,,,,,,,,228.27535152435303
S2_ST_ROC,4h,16,3711,0.0064529873886953,0.0025217274939893,0.0116817569017893,1.8102866468101453,200,1130.0,3.284070796460177,0.0225614656774336,0.9383951048631284,0.025,2.369849320226172,0.030571400802522,0.9944193093727106,0.045,3.241042620476241,0.01,228.27535152435303
S5_DONCHIAN_MFI,4h,16,70,0.0064529873886953,0.0084127773245509,0.0389717048366791,6.039327599640429,0,,,,,,,,,,,,228.27535152435303
S6_EMA_DMI_ADX,4h,16,441,0.0064529873886953,0.0033098700553178,0.0153327817755468,2.376074963730397,200,440.0,1.0022727272727272,-0.0602609629301162,1.033214493355751,0.05,2.724970384432853,0.040658729230452,0.9757694694243948,0.05,2.8602632881891683,0.035,228.27535152435303
N01_ST_EMA,4h,16,1190,0.0064529873886953,0.0034141862815128,0.0158160206656437,2.45096103757325,200,858.0,1.386946386946387,-0.098987443801235,1.0109730170172098,0.03,2.17335852027593,-0.0910537366337271,1.1187357657097003,0.08,2.36332040871205,0.02,228.27535152435303
N02_ST_KST,4h,16,1098,0.0064529873886953,0.0031506443936132,0.0145951780983084,2.2617707457288896,200,1000.0,1.098,0.0281988024456417,1.0145061674261178,0.08,2.582208541465897,-0.0220535516264051,1.015526813880178,0.055,2.8280751122919754,0.03,228.27535152435303
N03_ADX_GC,4h,16,32,0.0064529873886953,0.0125337527542324,0.0580618853904985,8.9976753235586,0,,,,,,,,,,,,228.27535152435303
N07_ICHI_CMO,4h,16,579,0.0064529873886953,0.0037019549755531,0.0171490925125173,2.6575431624986634,200,523.0,1.107074569789675,-0.0827663608983608,1.0400923185456632,0.035,3.640542369588567,-0.0513574522542903,1.0270136935536769,0.055,2.722741432611721,0.03,228.27535152435303
N08_ICHI_WR,4h,16,69,0.0064529873886953,0.0098506533035915,0.0456325822241491,7.071543685966411,0,,,,,,,,,,,,228.27535152435303
N09_ALLIG_AROON,4h,16,605,0.0064529873886953,0.0027687772544147,0.0128262006415724,1.9876376426896565,200,598.0,1.0117056856187292,0.0075714212257317,0.9935200282425488,0.05,2.998852609847712,-0.0873001978905924,1.0687384410190828,0.05,3.556643173668544,0.04,228.27535152435303
N10_HA_PSAR,4h,16,1418,0.0064529873886953,0.002037985871184,0.0094408517864039,1.4630203373623485,200,1210.0,1.171900826446281,0.0843372572947683,1.1651510692082765,0.08,3.675622685031938,0.1216968158614994,1.07463578826942,0.055,2.580495898768349,0.055,228.27535152435303
N12_ICHI_AO,4h,16,581,0.0064529873886953,0.0038357772112389,0.0177690162866212,2.753610880713942,200,554.0,1.0487364620938628,0.040279665640945,0.935480357634367,0.045,3.0240311669890976,-0.0133445779048193,1.0768466282221667,0.06,3.129484424900024,0.04,228.27535152435303
N14_ICHI_RSI,4h,16,2,0.0064529873886953,0.0480782604659881,0.2227197634809015,34.514210251065165,0,,,,,,,,,,,,228.27535152435303
N17_KC_RSI,4h,16,6636,0.0064529873886953,0.0042472477400538,0.0196751297351692,3.0489955349420423,200,640.0,10.36875,0.0135693895614985,1.4076339110201963,0.135,3.676496347730974,-0.0130842540428351,0.979982396863897,0.045,2.5390195089208425,0.04,228.27535152435303
N18_VWMA_MACD,4h,16,3938,0.0064529873886953,0.003074536778748,0.014242613970206,2.207134945770551,200,958.0,4.1106471816283925,-0.0257065414620348,1.0156905464491714,0.045,2.347357009961721,-0.0270235767758162,1.08595463512602,0.045,2.348053380307209,0.025,228.27535152435303
N21_ST_RSI_ADX,4h,16,0,0.0064529873886953,,,,0,,,,,,,,,,,,228.27535152435303
N22_VORTEX_PSAR,4h,16,3101,0.0064529873886953,0.001465337641995,0.0067880919542765,1.0519301441946642,200,2189.0,1.41662859753312,-0.0362337101255669,0.9377577883324146,0.045,2.671882220984924,-0.0518595282543228,1.0471436666485792,0.04,2.645065596918115,0.03,228.27535152435303
N23_HA_ST,4h,16,4476,0.0064529873886953,0.0026119150129438,0.012099545372,1.8750300664149289,200,830.0,5.392771084337349,0.0704669486865724,1.0225347008081178,0.065,3.3249164706618632,0.0544375958522424,1.00499036324954,0.045,3.160801145443261,0.04,228.27535152435303
N24_DMI,4h,16,1652,0.0064529873886953,0.0022426762108577,0.0103890679572282,1.609962538502463,200,1031.0,1.6023278370514065,0.1599109527421578,0.9693755935886073,0.055,3.0671391670152794,0.1562076209283638,1.0388747891508845,0.08,3.0893375807292185,0.045,228.27535152435303
N25_DST_CCI,4h,16,1692,0.0064529873886953,0.0033060340442126,0.01531501167576,2.373321184942914,200,945.0,1.7904761904761906,0.0885311233356275,0.9431324465524942,0.045,2.5568376623418008,0.1025796537746082,1.0533707897644184,0.075,2.929715471321017,0.035,228.27535152435303
S1_EMA_RSI_CHOP,4h,16,11,0.0064529873886953,0.0215488807598483,0.0998239449513104,15.469415781934982,0,,,,,,,,,,,,228.27535152435303
S3_CMO_SANDWICH,4h,16,279,0.0064529873886953,0.0052240161272743,0.0241999528479204,3.7501937304751616,200,241.0,1.157676348547718,-0.0404140614671416,0.7782356534352899,0.01,1.9241843484320669,-0.0732469647931206,0.8381459466479095,0.025,2.433004069334201,0.01,228.27535152435303
S4_BB_BBP,4h,16,1402,0.0064529873886953,0.0027691866583665,0.0128280971817223,1.9879315437986629,200,1023.0,1.370478983382209,0.0091121978165318,1.0801044968443,0.065,2.7698818390290585,-0.0031715338852988,1.1224683023713622,0.065,3.212880157658974,0.04,228.27535152435303
N04_ST_KLINGER,4h,16,4130,0.0064529873886953,0.0023947146687627,0.0110933773281664,1.7191072382382846,200,999.0,4.134134134134134,-0.028943507842153,0.9653359365323764,0.025,2.5418539607028685,0.0081831732711999,0.9752819556111564,0.04,3.070399539059663,0.01,228.27535152435303
N05_PSAR_POC,4h,16,313,0.0064529873886953,0.0041726801812286,0.0193296998276823,2.9954653036429644,200,280.0,1.1178571428571429,-0.1078683178315279,1.0024260137094725,0.05,2.506806199802771,-0.1098998961647279,1.0898284858787064,0.04,2.5411439898542105,0.02,228.27535152435303
N06_MACD_ORB,4h,16,651,0.0064529873886953,0.0038653890445473,0.0179061913933484,2.7748684934233,200,540.0,1.2055555555555555,0.1059932084580791,1.0409776849075043,0.08,3.610055252350984,0.0341971503620365,1.020600277237615,0.07,3.276256600466119,0.045,228.27535152435303
N11_BREAKAWAY,4h,16,19,0.0064529873886953,0.0168980356087871,0.0782791735309004,12.13068751196295,0,,,,,,,,,,,,228.27535152435303
N13_3OUTSIDE,4h,16,236,0.0064529873886953,0.0046160342240068,0.0213835118123259,3.3137383547016985,200,233.0,1.0128755364806867,-0.0681463287022853,0.9205373794481868,0.025,2.0171949161415816,-0.0771441621178131,0.9472373334280454,0.03,2.3688410645424613,0.0,228.27535152435303
N15_KC_AO,4h,16,3,0.0064529873886953,0.039225657433661,0.1817105914675962,28.15914250598519,0,,,,,,,,,,,,228.27535152435303
N16_BBRSI,4h,16,548,0.0064529873886953,0.0035887967484085,0.0166248935639427,2.576309631887268,200,496.0,1.1048387096774193,-0.0047385804221989,1.271715360655431,0.125,2.863030247066156,-0.0257901510383632,0.9929753362547789,0.06,2.7014585794462675,0.045,228.27535152435303
N19_FIB_CHOP,4h,16,383,0.0064529873886953,0.0064526117471838,0.0298913510646568,4.632172552672608,200,226.0,1.6946902654867255,-0.0261535247496585,0.8083285883241503,0.01,2.193196159427579,-0.0112284616489942,0.9995832708275144,0.045,2.84847380363903,0.005,228.27535152435303
N20_EMA9_CHOP,4h,16,1539,0.0064529873886953,0.002576110744209,0.0119336841659802,1.8493270553862176,200,511.0,3.01174168297456,0.013141175129686,0.8937550233841733,0.04,2.463345097845542,0.007756014845786,1.053339413913293,0.06,2.84475543483404,0.03,228.27535152435303
V39_ALL,4h,16,1471,0.0064529873886953,0.0033477800734321,0.0155083977438897,2.4032896408659026,200,844.0,1.7428909952606635,-0.0289297135134849,0.8028624789352744,0.015,1.9028605653306896,0.0108557386689607,0.942241053234763,0.04,2.340363958572804,0.015,228.27535152435303
OBV_S,4h,16,535,0.0064529873886953,0.0041256534908436,0.0191118514018383,2.961705989898495,200,398.0,1.3442211055276383,-0.0019878300837753,0.9474935148186788,0.04,2.60701160754611,-0.0275478185356903,1.0083111449544149,0.045,2.704599466985178,0.025,228.27535152435303
OBV_B,4h,16,1527,0.0064529873886953,0.0024796765361002,0.0114869582692175,1.7800992900344188,200,1193.0,1.2799664710813077,-0.0776432017829544,1.1339891807101927,0.045,2.3124611149160805,-0.0332731856908133,1.0298923997370744,0.06,2.479136213030628,0.025,228.27535152435303
V45_AMB,4h,16,350,0.0064529873886953,0.0069272048160034,0.0320898760323385,4.9728713384060415,200,181.0,1.9337016574585637,-0.0721014958288882,0.8647693130883991,0.02,2.7111750518967246,-0.0032996387748448,0.951161747083606,0.05,2.619266028649676,0.01,228.27535152435303
DOGE_L,4h,16,0,0.0064529873886953,,,,0,,,,,,,,,,,,228.27535152435303
DOGE_S,4h,16,0,0.0064529873886953,,,,0,,,,,,,,,,,,228.27535152435303
S2_ST_ROC,4h,64,3676,0.013632046855062,0.0081058208497145,0.0375497467040038,2.7545200734151263,200,299.0,12.294314381270905,-0.006828938691511,1.1261483862986648,0.09,2.901486921322585,-0.0237636825361184,1.0216555334747175,0.055,2.9192722105315063,0.045,228.27535152435303
S5_DONCHIAN_MFI,4h,64,70,0.013632046855062,0.0185728063552879,0.0860374522400327,6.311411129582818,0,,,,,,,,,,,,228.27535152435303
S6_EMA_DMI_ADX,4h,64,438,0.013632046855062,0.0064961405289166,0.0300929956307908,2.2075185003942663,200,404.0,1.0841584158415842,0.0722155167552601,0.8286307070850243,0.02,2.068836918053347,0.1155061384432361,0.8991959138545529,0.04,2.4600561653912045,0.015,228.27535152435303
N01_ST_EMA,4h,64,1184,0.013632046855062,0.0101394193294627,0.0469702741531,3.4455775168978797,200,297.0,3.9865319865319866,0.1948650179676458,1.4153410855661568,0.15,3.897024045776785,0.1429372775824197,1.2029899466839578,0.125,3.8192669733687783,0.095,228.27535152435303
N02_ST_KST,4h,64,1090,0.013632046855062,0.0094875290894799,0.0439504302848472,3.224052172952082,200,312.0,3.493589743589744,0.0653615923498775,0.939944168022145,0.05,2.724574647798496,-0.0067177632029778,0.9075914878948368,0.03,2.309296674475241,0.02,228.27535152435303
N03_ADX_GC,4h,64,32,0.013632046855062,0.0299750720292725,0.1388577891125111,10.186129096302878,0,,,,,,,,,,,,228.27535152435303
N07_ICHI_CMO,4h,64,577,0.013632046855062,0.0073910475694821,0.0342386007853937,2.511625814481403,200,399.0,1.4461152882205517,0.0195211507768018,0.987850335999119,0.04,2.484562143607152,0.0003577517203643,1.0614285162883008,0.05,2.9129767495831635,0.025,228.27535152435303
N08_ICHI_WR,4h,64,67,0.013632046855062,0.0220893554158426,0.1023276625647135,7.506404845338108,0,,,,,,,,,,,,228.27535152435303
N09_ALLIG_AROON,4h,64,601,0.013632046855062,0.0051639793617289,0.0239218360006628,1.7548234872578867,200,483.0,1.2443064182194616,0.0924966512721464,1.121609399697496,0.095,3.609476403205945,0.1509878874598703,1.1003722756552894,0.08,3.2683919757197444,0.06,228.27535152435303
N10_HA_PSAR,4h,64,1405,0.013632046855062,0.0040841588498851,0.0189196298753016,1.387878876624911,200,856.0,1.641355140186916,0.0601454099238486,1.1104548488389332,0.075,3.2427125217379977,0.0675991921606443,1.0697654642822207,0.065,3.309368081023515,0.04,228.27535152435303
N12_ICHI_AO,4h,64,576,0.013632046855062,0.0074199247946041,0.0343723728621457,2.521438873237307,200,408.0,1.411764705882353,-0.0277923957071122,1.0175726097931606,0.045,2.7081669692464305,-0.0450437097034527,0.9934826447385426,0.035,3.561650512452488,0.025,228.27535152435303
N14_ICHI_RSI,4h,64,2,0.013632046855062,0.0981593847472604,0.4547176778537248,33.35652251553655,0,,,,,,,,,,,,228.27535152435303
N17_KC_RSI,4h,64,6597,0.013632046855062,0.0103292830199318,0.047849806728219,3.51009699694884,200,454.0,14.530837004405289,-0.0208220207160487,1.2237191329372044,0.1,3.510888923568721,-0.0376056487659733,1.1241012208628096,0.09,3.0885504994719453,0.05,228.27535152435303
N18_VWMA_MACD,4h,64,3899,0.013632046855062,0.0073227600959852,0.0339222630103052,2.4884203649658696,200,542.0,7.193726937269373,0.0824155852021206,1.0829996919058695,0.09,3.3088864884024862,0.0814999613785622,1.1516865809683023,0.095,3.2232946677960617,0.07,228.27535152435303
N21_ST_RSI_ADX,4h,64,0,0.013632046855062,,,,0,,,,,,,,,,,,228.27535152435303
N22_VORTEX_PSAR,4h,64,3065,0.013632046855062,0.0024772222338604,0.0114755888559097,0.8418096693710013,200,1876.0,1.6337953091684434,-0.0735903331655092,0.9820460833746943,0.035,2.2300150824826077,-0.0122508047049173,0.9478053729469156,0.02,2.493214620885761,0.005,228.27535152435303
N23_HA_ST,4h,64,4446,0.013632046855062,0.0087002339973786,0.040303331263315,2.9565135516203966,200,297.0,14.969696969696969,0.0446543477118815,0.9916310979601356,0.065,2.442348436267143,0.0258695890585255,0.9632234382661332,0.045,2.320393089388114,0.035,228.27535152435303
N24_DMI,4h,64,1640,0.013632046855062,0.0052062281523983,0.0241175510821578,1.7691804714713333,200,619.0,2.6494345718901453,0.0228650812606286,1.0020395346089368,0.035,2.670403792539744,-0.0112031584719328,0.966366742813409,0.03,2.706638875555687,0.015,228.27535152435303
N25_DST_CCI,4h,64,1683,0.013632046855062,0.0092364200997127,0.0427871823996945,3.138720315049855,200,392.0,4.293367346938775,0.0697526757463788,0.995724383403548,0.035,2.3782341257878543,0.1098581713851157,1.1050783378549769,0.095,3.665599981882546,0.03,228.27535152435303
S1_EMA_RSI_CHOP,4h,64,11,0.013632046855062,0.0481854013970413,0.2232160876530328,16.374363294544118,0,,,,,,,,,,,,228.27535152435303
S3_CMO_SANDWICH,4h,64,274,0.013632046855062,0.0106497362173013,0.0493342876481417,3.618993403754504,200,208.0,1.3173076923076923,-0.0302661768885959,0.9934606995273548,0.06,2.3883704343937544,-4.218527178796894e-05,0.9442255112353648,0.055,2.5402854889881867,0.045,228.27535152435303
S4_BB_BBP,4h,64,1393,0.013632046855062,0.0057602756439734,0.0266841440721036,1.9574568922637647,200,707.0,1.9702970297029705,-0.0510377714223094,0.9964953998541284,0.035,2.8701162090419494,0.0626087411189021,1.0191340466451777,0.045,2.476250391212281,0.02,228.27535152435303
N04_ST_KLINGER,4h,64,4100,0.013632046855062,0.0084972099355975,0.0393628340285449,2.887521914137808,200,295.0,13.898305084745765,0.117705061359799,1.1117599664959483,0.08,3.660522191790984,0.085265854393282,1.1655711040365808,0.1,2.97086109904862,0.075,228.27535152435303
N05_PSAR_POC,4h,64,308,0.013632046855062,0.0095517611494684,0.0442479815911938,3.245879511833049,200,242.0,1.2727272727272727,-0.064483783092119,0.9826256518252112,0.055,3.0732754287362054,0.0061194338660424,0.9612437930019954,0.05,3.3382937995105486,0.035,228.27535152435303
N06_MACD_ORB,4h,64,642,0.013632046855062,0.0083513982343087,0.0386873697478277,2.837972181225446,200,375.0,1.712,-0.1470468945425109,0.94580634134313,0.03,2.957989428619205,-0.1344141895670288,0.8966523695037953,0.02,2.2449249731562277,0.01,228.27535152435303
N11_BREAKAWAY,4h,64,18,0.013632046855062,0.0417529073217294,0.193417930540854,14.188473132267143,0,,,,,,,,,,,,228.27535152435303
N13_3OUTSIDE,4h,64,234,0.013632046855062,0.0101705891160095,0.0471146663881803,3.456169633886284,200,203.0,1.1527093596059113,-0.0702272811927168,1.2765561329252388,0.135,3.219711627185678,-0.0711936010454947,0.9945599956250404,0.035,2.7945298186939063,0.025,228.27535152435303
N15_KC_AO,4h,64,3,0.013632046855062,0.0845460394662372,0.3916546424654494,28.73043546795145,0,,,,,,,,,,,,228.27535152435303
N16_BBRSI,4h,64,541,0.013632046855062,0.0082105502416818,0.0380348995606666,2.7901092158103284,200,368.0,1.4701086956521738,-0.105442839449071,0.9239522140840664,0.045,3.247278340647,-0.0820126727061957,0.823644103079063,0.015,3.041616354949846,0.01,228.27535152435303
N19_FIB_CHOP,4h,64,376,0.013632046855062,0.0166034420898998,0.0769144860772851,5.642181757079597,200,188.0,2.0,0.0080975341870918,0.6487058605560089,0.0,1.6090964030819666,-0.0412854339126422,0.8982114589209246,0.035,2.5513349921673347,0.0,228.27535152435303
N20_EMA9_CHOP,4h,64,1533,0.013632046855062,0.0066394762736693,0.0307569901859238,2.2562268537466754,200,227.0,6.753303964757709,-0.109443563113567,1.0986777821541038,0.055,3.133345633648318,-0.0991381789667464,1.041994508307455,0.06,3.0713215835435634,0.045,228.27535152435303
V39_ALL,4h,64,1453,0.013632046855062,0.0084604205611751,0.0391924093773501,2.875020148775148,200,452.0,3.2146017699115044,0.0368344491962833,0.8964974801999265,0.03,2.2371924807265318,0.0556726105816935,0.9555241722795096,0.055,2.0910907296223917,0.025,228.27535152435303
OBV_S,4h,64,527,0.013632046855062,0.0111595108883572,0.0516957893552686,3.792225034501873,200,311.0,1.6945337620578778,-0.0176644698882499,0.9664369467983024,0.03,2.4951632123301755,-0.0210755183159693,1.0882260139430289,0.055,3.1034835347669536,0.025,228.27535152435303
OBV_B,4h,64,1515,0.013632046855062,0.0043240879336611,0.0200310874919635,1.469411578828707,200,842.0,1.799287410926366,0.1050188598413752,1.0493002493686996,0.06,2.7793257359090204,0.1219570557968055,1.0625219979746063,0.07,2.964907288030634,0.045,228.27535152435303
V45_AMB,4h,64,347,0.013632046855062,0.020785066883621,0.0962856213054889,7.063181511126855,200,137.0,2.5328467153284677,-0.0067665770091645,0.8978312607902822,0.03,2.562630223747967,-0.021668492952761,1.127431792776252,0.05,3.105165378656683,0.03,228.27535152435303
DOGE_L,4h,64,0,0.013632046855062,,,,0,,,,,,,,,,,,228.27535152435303
DOGE_S,4h,64,0,0.013632046855062,,,,0,,,,,,,,,,,,228.27535152435303
S2_ST_ROC,1d,4,522,0.0078052906320126,0.0053036167993347,0.0245686983616386,3.1476980832555674,200,397.0,1.314861460957179,-0.0311780359780537,1.0021518325015464,0.065,2.5239599587646477,-0.0199256953913064,0.9788506315189522,0.05,2.851882540745192,0.015,28.14844036102295
S5_DONCHIAN_MFI,1d,4,2,0.0078052906320126,0.0629995034312411,0.2918415593165304,37.39022325697548,0,,,,,,,,,,,,28.14844036102295
S6_EMA_DMI_ADX,1d,4,61,0.0078052906320126,0.0108031336535709,0.0500448924078274,6.411662904975435,0,,,,,,,,,,,,28.14844036102295
N01_ST_EMA,1d,4,161,0.0078052906320126,0.0087137749446025,0.040366058918887,5.171627915215587,200,156.0,1.0320512820512822,-0.1522086462799153,0.9791945439736564,0.03,2.2968910344135662,-0.1898032665710636,0.9876271613409344,0.025,2.1968174717836915,0.005,28.14844036102295
N02_ST_KST,1d,4,149,0.0078052906320126,0.008580360163248,0.0397480226534287,5.092446204425284,200,146.0,1.0205479452054795,-0.0583952240172177,1.1121310516391896,0.08,2.876811009201698,-0.0128984342250684,0.9810202033973658,0.06,3.20738898073622,0.03,28.14844036102295
N03_ADX_GC,1d,4,5,0.0078052906320126,0.0421823448907134,0.1954072752647878,25.035233725102422,0,,,,,,,,,,,,28.14844036102295
N07_ICHI_CMO,1d,4,78,0.0078052906320126,0.0118540952578461,0.0549134113114443,7.035408916898322,0,,,,,,,,,,,,28.14844036102295
N08_ICHI_WR,1d,4,4,0.0078052906320126,0.0376007983445503,0.1741835256272558,22.316084543073888,0,,,,,,,,,,,,28.14844036102295
N09_ALLIG_AROON,1d,4,89,0.0078052906320126,0.0103654779096978,0.0480174774635943,6.1519140961459655,0,,,,,,,,,,,,28.14844036102295
N10_HA_PSAR,1d,4,192,0.0078052906320126,0.0070182534279225,0.0325116534659507,4.165335411420498,200,187.0,1.0267379679144386,-0.042804073609804,0.9652416597286764,0.055,2.5103081173413537,-0.0410894360256156,1.0059919805557562,0.06,2.689739926711729,0.025,28.14844036102295
N12_ICHI_AO,1d,4,83,0.0078052906320126,0.0109425803807488,0.050690871313766,6.494424577332532,0,,,,,,,,,,,,28.14844036102295
N14_ICHI_RSI,1d,4,0,0.0078052906320126,,,,0,,,,,,,,,,,,28.14844036102295
N17_KC_RSI,1d,4,912,0.0078052906320126,0.0072741852711836,0.0336972429412327,4.317231033400217,200,115.0,7.930434782608696,-0.0115443866262768,1.2756495674801902,0.1,3.187309629751138,-0.1183572535161813,1.081514733126627,0.035,2.547545730154521,0.035,28.14844036102295
N18_VWMA_MACD,1d,4,461,0.0078052906320126,0.008380175372553,0.0388206781779021,4.973636474045327,200,146.0,3.1575342465753424,-0.0532986068278446,1.0595589046253615,0.065,2.8530916931070247,-0.058231412192953,1.0075551267129064,0.05,2.677680964558765,0.03,28.14844036102295
N21_ST_RSI_ADX,1d,4,0,0.0078052906320126,,,,0,,,,,,,,,,,,28.14844036102295
N22_VORTEX_PSAR,1d,4,409,0.0078052906320126,0.0049063611171971,0.0227284343689403,2.9119267225901884,200,362.0,1.1298342541436464,-0.01565845579795,1.1414891550012514,0.085,2.8731407028409297,0.0209606084210379,1.0291699042215805,0.045,2.371521653182468,0.02,28.14844036102295
N23_HA_ST,1d,4,650,0.0078052906320126,0.0050486478389146,0.0233875693854789,2.996373932516644,200,492.0,1.3211382113821135,0.1319441519152977,1.3339713692129576,0.13,3.398869941896585,0.1025088478385305,1.0808727145391483,0.055,2.98090428501061,0.04,28.14844036102295
N24_DMI,1d,4,233,0.0078052906320126,0.007091001282564,0.0328486536989554,4.208511283901469,200,212.0,1.099056603773585,-0.1526717861852071,0.8816935001982973,0.025,1.9992819124110768,-0.217567026559398,0.9342562809003352,0.025,2.1158397557887105,0.01,28.14844036102295
N25_DST_CCI,1d,4,262,0.0078052906320126,0.0071929694662066,0.0333210154176062,4.269029429979655,200,234.0,1.1196581196581197,0.0123152982809317,0.8439331725254642,0.01,1.8600292599672408,0.0243285703317398,0.9527678058264348,0.03,2.610570183362424,0.005,28.14844036102295
S1_EMA_RSI_CHOP,1d,4,1,0.0078052906320126,0.1136302820725946,0.5263857157515043,67.43960482298856,0,,,,,,,,,,,,28.14844036102295
S3_CMO_SANDWICH,1d,4,25,0.0078052906320126,0.0187054504470133,0.0866519183303173,11.101690176010024,0,,,,,,,,,,,,28.14844036102295
S4_BB_BBP,1d,4,220,0.0078052906320126,0.0091672017593569,0.0424665324376708,5.440736859111787,200,168.0,1.3095238095238095,-0.0394641924082427,0.9842214461116864,0.025,2.42726905817155,0.0136342481551995,1.0401334173200194,0.08,3.199328369200471,0.025,28.14844036102295
N04_ST_KLINGER,1d,4,608,0.0078052906320126,0.00479182921442,0.0221978719473739,2.843952005621889,200,443.0,1.3724604966139955,0.0118656454219922,1.0983538635477668,0.065,4.051558122720446,-0.018358458594442,1.103557926546088,0.075,2.931705445770134,0.04,28.14844036102295
N05_PSAR_POC,1d,4,54,0.0078052906320126,0.0139134653431407,0.064453324234062,8.25764564995355,0,,,,,,,,,,,,28.14844036102295
N06_MACD_ORB,1d,4,0,0.0078052906320126,,,,0,,,,,,,,,,,,28.14844036102295
N11_BREAKAWAY,1d,4,5,0.0078052906320126,0.0313902439480268,0.1454134912526238,18.63011873718389,0,,,,,,,,,,,,28.14844036102295
N13_3OUTSIDE,1d,4,38,0.0078052906320126,0.0152537478738647,0.0706621056114915,9.053103714252252,0,,,,,,,,,,,,28.14844036102295
N15_KC_AO,1d,4,1,0.0078052906320126,0.076386904205808,0.3538579198345003,45.33564943542119,0,,,,,,,,,,,,28.14844036102295
N16_BBRSI,1d,4,64,0.0078052906320126,0.0116351741536901,0.0538992719464585,6.90547917913475,0,,,,,,,,,,,,28.14844036102295
N19_FIB_CHOP,1d,4,47,0.0078052906320126,0.0135782837110028,0.0629006146911344,8.058715255669542,0,,,,,,,,,,,,28.14844036102295
N20_EMA9_CHOP,1d,4,232,0.0078052906320126,0.0068553397095954,0.0317569650795172,4.068646073122419,200,164.0,1.4146341463414631,-0.1573323028024092,1.0192489132978195,0.055,2.4081707712051235,-0.1102266919411372,1.0611682355872247,0.055,2.9715047721344385,0.015,28.14844036102295
V39_ALL,1d,4,182,0.0078052906320126,0.0092562209011988,0.0428789084684203,5.49356974518756,200,160.0,1.1375,0.0403642958277377,0.959813329066044,0.025,2.876977797674125,0.0355315420508967,0.9932087905153908,0.025,3.727715137065613,0.01,28.14844036102295
OBV_S,1d,4,87,0.0078052906320126,0.0104182020330729,0.0482617189185477,6.183205878408582,0,,,,,,,,,,,,28.14844036102295
OBV_B,1d,4,236,0.0078052906320126,0.0073918761812405,0.0342424392814844,4.38708062209018,200,210.0,1.1238095238095238,0.0032531121808003,0.8020272095806597,0.02,2.9501011206759897,0.0043771637946988,0.9841011727563952,0.045,2.8561026372168654,0.015,28.14844036102295
V45_AMB,1d,4,23,0.0078052906320126,0.0181515206378781,0.0840858704974742,10.772932676280458,0,,,,,,,,,,,,28.14844036102295
DOGE_L,1d,4,0,0.0078052906320126,,,,0,,,,,,,,,,,,28.14844036102295
DOGE_S,1d,4,0,0.0078052906320126,,,,0,,,,,,,,,,,,28.14844036102295
S2_ST_ROC,1d,16,515,0.0173831059108582,0.0145333981089964,0.0673251269500342,3.873020580745595,200,163.0,3.159509202453988,-0.1058288688594839,0.9372379348622978,0.02,2.539380270783396,-0.099275673517893,1.0546217949983103,0.045,3.370433451766323,0.015,28.14844036102295
S5_DONCHIAN_MFI,1d,16,2,0.0173831059108582,0.1330782673802982,0.6164773839177431,35.46416774304217,0,,,,,,,,,,,,28.14844036102295
S6_EMA_DMI_ADX,1d,16,61,0.0173831059108582,0.0245365032508519,0.113663933505748,6.5387586136001685,0,,,,,,,,,,,,28.14844036102295
N01_ST_EMA,1d,16,161,0.0173831059108582,0.023055423667845,0.1068029179193575,6.144064154418114,200,123.0,1.3089430894308942,-0.1045528712707283,0.8074374043273654,0.02,2.062336615795748,-0.2003841124138165,1.0112904488953136,0.035,2.718539034562369,0.01,28.14844036102295
N02_ST_KST,1d,16,148,0.0173831059108582,0.0225946111734389,0.1046682306663572,6.021261747072321,200,136.0,1.088235294117647,0.1022954365463317,1.111392286675214,0.07,2.926490832482882,0.0555488852477428,1.041796757111861,0.055,2.717929169875116,0.03,28.14844036102295
N03_ADX_GC,1d,16,5,0.0173831059108582,0.0896105019225103,0.4151154721520183,23.88039710974321,0,,,,,,,,,,,,28.14844036102295
N07_ICHI_CMO,1d,16,77,0.0173831059108582,0.0270739465223279,0.1254184928386327,7.21496454556439,0,,,,,,,,,,,,28.14844036102295
N08_ICHI_WR,1d,16,4,0.0173831059108582,0.0889034244589458,0.4118399766594315,23.69196729119503,0,,,,,,,,,,,,28.14844036102295
N09_ALLIG_AROON,1d,16,88,0.0173831059108582,0.0215248061191819,0.0997124205695392,5.736168270553695,0,,,,,,,,,,,,28.14844036102295
N10_HA_PSAR,1d,16,190,0.0173831059108582,0.0153777843493482,0.0712366974169133,4.098041959947788,200,157.0,1.2101910828025475,0.0456938697834002,0.8195779992091111,0.03,2.31813572402396,0.0434314383218179,0.931180366531171,0.035,2.581488586116291,0.02,28.14844036102295
N12_ICHI_AO,1d,16,83,0.0173831059108582,0.0250288600474479,0.1159447479159044,6.669967295285278,0,,,,,,,,,,,,28.14844036102295
N14_ICHI_RSI,1d,16,0,0.0173831059108582,,,,0,,,,,,,,,,,,28.14844036102295
N17_KC_RSI,1d,16,892,0.0173831059108582,0.0239459915319969,0.110928422089957,6.381392523223745,200,90.0,9.911111111111111,0.0036568056257035,1.163139023353065,0.085,2.627163732503883,-0.0445686886619452,1.0216352207232269,0.04,2.296364875915086,0.025,28.14844036102295
N18_VWMA_MACD,1d,16,459,0.0173831059108582,0.0204307791112017,0.0946444036717265,5.444619860056638,200,125.0,3.672,0.0080106435524874,1.036035060105892,0.055,3.238189660255753,-0.0720286234295049,1.1737962339326564,0.05,3.770472577131193,0.04,28.14844036102295
N21_ST_RSI_ADX,1d,16,0,0.0173831059108582,,,,0,,,,,,,,,,,,28.14844036102295
N22_VORTEX_PSAR,1d,16,409,0.0173831059108582,0.0110430741929948,0.0511564030921163,2.9428804814542366,200,300.0,1.3633333333333333,0.0447723738390422,1.0248844999734634,0.055,2.700754055013804,0.0890868823156445,1.0886249485842157,0.07,3.4030470002806816,0.035,28.14844036102295
N23_HA_ST,1d,16,642,0.0173831059108582,0.0138094577694559,0.0639715151588837,3.680096956604543,200,113.0,5.68141592920354,-0.0157050670371581,1.2851696552889929,0.085,3.907003219761911,-0.0468327176914145,1.264847284936134,0.075,3.642640363994356,0.055,28.14844036102295
N24_DMI,1d,16,231,0.0173831059108582,0.0140870728636218,0.0652575510410491,3.754078895664244,200,145.0,1.593103448275862,-0.0470452788637224,0.7300126947602675,0.015,2.315650293028158,-0.017124644919252,0.9486197714873176,0.045,2.859824643720253,0.01,28.14844036102295
N25_DST_CCI,1d,16,255,0.0173831059108582,0.0200805229901656,0.093021862430034,5.351279737180267,200,131.0,1.9465648854961832,0.0467945129362042,0.8138412304594812,0.03,2.0597563037244964,0.0026738571980595,0.8755250757327857,0.04,2.304846488420814,0.015,28.14844036102295
S1_EMA_RSI_CHOP,1d,16,1,0.0173831059108582,0.2395435054510152,1.1096714473515152,63.836201254366685,0,,,,,,,,,,,,28.14844036102295
S3_CMO_SANDWICH,1d,16,25,0.0173831059108582,0.0480041397410793,0.2223764035057128,12.792673797540829,0,,,,,,,,,,,,28.14844036102295
S4_BB_BBP,1d,16,218,0.0173831059108582,0.023430196914478,0.1085390333286935,6.243937871936659,200,148.0,1.472972972972973,-0.1924353625253477,1.1341533006795894,0.045,3.176862990443853,-0.1915860751990868,1.1448008784435535,0.05,2.886392177346141,0.015,28.14844036102295
N04_ST_KLINGER,1d,16,599,0.0173831059108582,0.0139451874569816,0.0646002750934168,3.716267704096816,200,130.0,4.607692307692307,0.0701540568118641,0.9226778362149796,0.045,2.2164290553804564,0.040108548032236,0.9705394786177064,0.045,2.8900732844968,0.02,28.14844036102295
N05_PSAR_POC,1d,16,53,0.0173831059108582,0.0333433333000758,0.1544610648197487,8.88570003610609,0,,,,,,,,,,,,28.14844036102295
N06_MACD_ORB,1d,16,0,0.0173831059108582,,,,0,,,,,,,,,,,,28.14844036102295
N11_BREAKAWAY,1d,16,5,0.0173831059108582,0.0613207208608011,0.2840646960648168,16.341423536249547,0,,,,,,,,,,,,28.14844036102295
N13_3OUTSIDE,1d,16,38,0.0173831059108582,0.0340460807458819,0.1577165017552731,9.072975943657855,0,,,,,,,,,,,,28.14844036102295
N15_KC_AO,1d,16,1,0.0173831059108582,0.1344592967875811,0.6228749228463365,35.83219972543936,0,,,,,,,,,,,,28.14844036102295
N16_BBRSI,1d,16,64,0.0173831059108582,0.0261978804252009,0.1213601672658139,6.981500767938565,0,,,,,,,,,,,,28.14844036102295
N19_FIB_CHOP,1d,16,47,0.0173831059108582,0.027825498309976,0.1289000130676569,7.415246373615012,0,,,,,,,,,,,,28.14844036102295
N20_EMA9_CHOP,1d,16,232,0.0173831059108582,0.0183918091636896,0.0851989932085959,4.901252609602817,200,73.0,3.1780821917808217,-0.1555508896142821,0.9275139680435416,0.01,2.23473930214078,-0.14837817351877,0.9624214611237568,0.015,2.134956150408216,0.0,28.14844036102295
V39_ALL,1d,16,181,0.0173831059108582,0.0247198744346923,0.1145133899190689,6.58762539366105,200,101.0,1.792079207920792,-0.0701039130802511,1.0076586666588956,0.055,2.4945043352994025,-0.1009837687116286,1.0129552124195291,0.035,2.263254401067882,0.03,28.14844036102295
OBV_S,1d,16,87,0.0173831059108582,0.0246037203397051,0.1139753127858251,6.556671366457678,0,,,,,,,,,,,,28.14844036102295
OBV_B,1d,16,233,0.0173831059108582,0.0177249510022504,0.0821098113090944,4.723540875270471,200,175.0,1.3314285714285714,-0.0124444744113686,0.917329864513658,0.025,2.6613629529599003,-0.007925445558544,0.9223902288500918,0.035,2.563474753872373,0.01,28.14844036102295
V45_AMB,1d,16,17,0.0173831059108582,0.0644338551175997,0.2984861106217968,17.171045965689604,0,,,,,,,,,,,,28.14844036102295
DOGE_L,1d,16,0,0.0173831059108582,,,,0,,,,,,,,,,,,28.14844036102295
DOGE_S,1d,16,0,0.0173831059108582,,,,0,,,,,,,,,,,,28.14844036102295
S2_ST_ROC,1d,64,488,0.0446279099649955,0.0439329112648817,0.2035166728393569,4.56030033669486,200,42.0,11.61904761904762,-0.0524447666620539,1.2328925247417486,0.095,2.757910496203098,0.0151237315971227,1.335553513448389,0.095,3.844228866428401,0.075,28.14844036102295
S5_DONCHIAN_MFI,1d,64,2,0.0446279099649955,0.2240305169001918,1.0378084242838337,23.25469476607469,0,,,,,,,,,,,,28.14844036102295
S6_EMA_DMI_ADX,1d,64,59,0.0446279099649955,0.0362767435259036,0.1680499181883311,3.7655789464517455,0,,,,,,,,,,,,28.14844036102295
N01_ST_EMA,1d,64,146,0.0446279099649955,0.0642228172290321,0.2975084897975047,6.666422201507074,200,39.0,3.743589743589744,0.0926296877217655,1.274064281239495,0.135,2.8274070137789065,0.0409370974491114,1.2620181704394484,0.105,3.359132901059344,0.09,28.14844036102295
N02_ST_KST,1d,64,140,0.0446279099649955,0.0484106664987008,0.2242596152198755,5.02509786803318,200,44.0,3.1818181818181817,0.1688781530347624,1.4524691754171488,0.14,3.583731936523338,0.16718040449148,1.2310954524133786,0.085,3.6710414918184,0.06,28.14844036102295
N03_ADX_GC,1d,64,5,0.0446279099649955,0.1716280389369144,0.7950569731149473,17.815241039487642,0,,,,,,,,,,,,28.14844036102295
N07_ICHI_CMO,1d,64,68,0.0446279099649955,0.0592788504213873,0.274605849240552,6.15323122807998,0,,,,,,,,,,,,28.14844036102295
N08_ICHI_WR,1d,64,4,0.0446279099649955,0.2503374955891149,1.1596739829522664,25.985397565377188,0,,,,,,,,,,,,28.14844036102295
N09_ALLIG_AROON,1d,64,77,0.0446279099649955,0.0329322707779304,0.1525568414385211,3.418417791874661,0,,,,,,,,,,,,28.14844036102295
N10_HA_PSAR,1d,64,183,0.0446279099649955,0.0265379033264922,0.1229353037083493,2.754673113860257,200,109.0,1.6788990825688073,-0.0631903699290928,1.3460031802520571,0.115,5.149919467726192,-0.1003179779109362,1.1692573507462776,0.07,3.993592171411928,0.06,28.14844036102295
N12_ICHI_AO,1d,64,76,0.0446279099649955,0.0389058817250019,0.1802292489749768,4.03848733038007,0,,,,,,,,,,,,28.14844036102295
N14_ICHI_RSI,1d,64,0,0.0446279099649955,,,,0,,,,,,,,,,,,28.14844036102295
N17_KC_RSI,1d,64,883,0.0446279099649955,0.0597352771509408,0.2767202196912972,6.200608989046237,200,66.0,13.37878787878788,-0.2335627774883721,1.531762145544085,0.11,3.3712904900915235,-0.1910665532807234,1.156089837777034,0.055,3.677797427718231,0.045,28.14844036102295
N18_VWMA_MACD,1d,64,422,0.0446279099649955,0.0457632771708981,0.2119957371341199,4.750294990296469,200,69.0,6.115942028985507,-0.1116431768984274,1.4941487455512523,0.14,3.431712075727168,-0.0809044346268538,1.3340580640396358,0.12,3.143355731632504,0.085,28.14844036102295
N21_ST_RSI_ADX,1d,64,0,0.0446279099649955,,,,0,,,,,,,,,,,,28.14844036102295
N22_VORTEX_PSAR,1d,64,380,0.0446279099649955,0.0139521349251085,0.064632458838066,1.448251977042199,200,230.0,1.6521739130434785,0.0799269411351312,1.2086052020303395,0.085,5.130569882956558,0.0684447560505501,1.0577219246069585,0.08,3.1541102938197256,0.065,28.14844036102295
N23_HA_ST,1d,64,612,0.0446279099649955,0.0379975560739025,0.1760214828824492,3.944201801529895,200,42.0,14.571428571428571,-0.0330669413674908,1.421665599205416,0.14,3.0934497850075315,-0.1059478655239056,1.4455275415546724,0.105,3.4689349800054217,0.085,28.14844036102295
N24_DMI,1d,64,217,0.0446279099649955,0.0270230051739787,0.1251825099859719,2.805027393937124,200,86.0,2.5232558139534884,-0.1447468594921575,1.1776583445587652,0.065,3.337920717314203,-0.0813521765095129,1.246879941748475,0.095,3.3546186815380103,0.055,28.14844036102295
N25_DST_CCI,1d,64,241,0.0446279099649955,0.0617432142631567,0.2860218723381025,6.409035793126938,200,64.0,3.765625,-0.0050752036483964,1.7263032400736058,0.17,4.120948279827454,-0.0493400827771855,1.5682609770117737,0.11,4.408565092440901,0.085,28.14844036102295
S1_EMA_RSI_CHOP,1d,64,1,0.0446279099649955,0.7489471188526653,3.469454251336132,77.74180449089918,0,,,,,,,,,,,,28.14844036102295
S3_CMO_SANDWICH,1d,64,23,0.0446279099649955,0.0825784229350537,0.3825397725804144,8.571760875211602,0,,,,,,,,,,,,28.14844036102295
S4_BB_BBP,1d,64,195,0.0446279099649955,0.0420511034914824,0.1947993070664311,4.364965942147517,200,101.0,1.9306930693069304,0.0060272467896866,1.5291049900130218,0.15,3.9779783903615793,0.0570084465256791,1.5979723834976185,0.15,5.380593395701371,0.115,28.14844036102295
N04_ST_KLINGER,1d,64,576,0.0446279099649955,0.0395335538451058,0.1831369038022971,4.103640612924581,200,40.0,14.4,-0.0263694605153423,1.3368235752938404,0.105,2.913131532217419,-0.0127819494262167,1.4361963324496572,0.125,4.148110707951956,0.085,28.14844036102295
N05_PSAR_POC,1d,64,49,0.0446279099649955,0.0673337999368323,0.3119199374280736,6.989346748990313,0,,,,,,,,,,,,28.14844036102295
N06_MACD_ORB,1d,64,0,0.0446279099649955,,,,0,,,,,,,,,,,,28.14844036102295
N11_BREAKAWAY,1d,64,5,0.0446279099649955,0.0839008095043969,0.3886656519508378,8.709026531954844,0,,,,,,,,,,,,28.14844036102295
N13_3OUTSIDE,1d,64,38,0.0446279099649955,0.0913481175699578,0.4231648762333909,9.482067983136696,0,,,,,,,,,,,,28.14844036102295
N15_KC_AO,1d,64,1,0.0446279099649955,0.2215572458996366,1.026351139287894,22.997965624940232,0,,,,,,,,,,,,28.14844036102295
N16_BBRSI,1d,64,62,0.0446279099649955,0.0452296097029024,0.2095235534257777,4.694899527899028,0,,,,,,,,,,,,28.14844036102295
N19_FIB_CHOP,1d,64,45,0.0446279099649955,0.0761431379207063,0.3527286866044238,7.903768894422599,0,,,,,,,,,,,,28.14844036102295
N20_EMA9_CHOP,1d,64,207,0.0446279099649955,0.0417112815185765,0.1932251014130307,4.329691925178424,200,33.0,6.2727272727272725,0.0749246945018095,1.4847084418152192,0.135,3.642897389614618,0.0825182313680254,1.4841752668705663,0.13,4.381839669575292,0.115,28.14844036102295
V39_ALL,1d,64,174,0.0446279099649955,0.0585614293443346,0.2712824375561707,6.078761872759777,200,65.0,2.6769230769230767,-0.0548218890608321,0.8273907522425248,0.015,2.370522526719954,-0.0422172486877151,0.9800278344087716,0.03,2.93085218461715,0.015,28.14844036102295
OBV_S,1d,64,79,0.0446279099649955,0.0478995566483339,0.2218919283717417,4.972043919282476,0,,,,,,,,,,,,28.14844036102295
OBV_B,1d,64,222,0.0446279099649955,0.0332191973952369,0.1538860124135834,3.448201193698876,200,121.0,1.834710743801653,0.063293148572897,1.0552443289632272,0.075,3.3944428470058736,0.0160022489225829,1.0694943898969291,0.055,2.912997555556075,0.035,28.14844036102295
V45_AMB,1d,64,15,0.0446279099649955,0.1759319274718227,0.8149944880593796,18.261990953612468,0,,,,,,,,,,,,28.14844036102295
DOGE_L,1d,64,0,0.0446279099649955,,,,0,,,,,,,,,,,,28.14844036102295
DOGE_S,1d,64,0,0.0446279099649955,,,,0,,,,,,,,,,,,28.14844036102295
