grp,tf,n,clusters,netR,grossR,g_lo,g_hi,costR,feeR,slip_in,slip_out,fund,med_stop_pct,liq,lev_med
core36,15m,630,58,-0.19004264116601785,0.07226259992755246,-0.038978088211802674,0.19367449845931858,0.26230524109357034,0.18733259894141324,0.037465434171167926,0.03746760829589409,3.959968509509079e-05,0.6386236313457966,0,30.0
core36,1h,212,51,-0.07331137424578256,0.042125951126329164,-0.08081675999701152,0.18241057019389478,0.11543732537211171,0.08252620446970657,0.01651844572991027,0.016492037743007087,-9.936257051222569e-05,1.252895269055776,0,30.0
core36,30m,378,57,-0.15179038538346995,0.023996577023275286,-0.07334844876741982,0.14403429867882556,0.17578696240674524,0.12552313340771176,0.025106129619454503,0.02510312470348851,5.457467609046252e-05,0.9044023439675869,0,30.0
core36,4h,31,17,0.1442891416574271,0.20918106390752556,-0.2371761389769107,0.6080197378847224,0.06489192225009845,0.04608121439819792,0.009249005873814374,0.009183488252704696,0.00037821372538146254,2.0166306698524212,0,20.0
core36,5m,837,32,-0.5972174608314369,-0.020536069606654755,-0.14069022206326537,0.09551088872161088,0.576681391224782,0.4111449566602126,0.08219736534888104,0.08226061649374448,0.0010784527219439425,0.3068186084926686,0,50.0
ds200,15m,259,17,-0.28765202941168155,-0.0424708834173577,-0.2189828102960299,0.19962121421808218,0.2451811459943238,0.17475183286487214,0.0349788703615295,0.0349218610855762,0.0005285816823459919,0.6058432071505943,0,30.0
ds200,1h,103,17,-0.1282253736050429,-0.00445130494469974,-0.16350976494509628,0.14366259586852997,0.12377406866034314,0.08812533737226388,0.01766234240470847,0.017587792366139537,0.00039859651723125753,1.1385060826126063,0,30.0
ds200,30m,181,18,-0.12608994523118708,0.04489356497931937,-0.1681556852543088,0.2509120512300261,0.17098351021050645,0.12240586475092277,0.024509538582228277,0.02445280911387826,-0.00038470223652285155,0.8398827427291512,0,30.0
ds200,4h,20,6,-0.13710659897591038,-0.06856184464498923,-0.5239508203295705,0.31578794646927266,0.06854475433092118,0.048398382429178245,0.0097128851258932,0.00964646510330212,0.0007870216725475917,1.8721979604590693,0,20.0
random,15m,50,31,0.09871201562285932,0.4043638799571559,0.11759078989984532,0.6765187096018856,0.30565186433429653,0.21826715696843993,0.043636570482003166,0.04367030847992774,7.782840392570555e-05,0.6176476894130274,0,30.0
random,1h,12,12,-0.16980290140544133,-0.06746396365860528,-0.4223301582042008,0.2777023104647709,0.10233893774683604,0.07428829030203553,0.014848479129400521,0.0148668342928521,-0.0016646659774521278,1.368903217069496,0,30.0
random,30m,24,22,-0.29968710307643603,-0.15005248055960352,-0.418368412995298,0.1193763528140676,0.14963462251683252,0.10712782323526858,0.0214312954185877,0.02141982787341538,-0.0003443240104391427,0.9912398905881603,0,30.0
random,4h,5,5,-0.5212287117960539,-0.4582395114597131,-0.9907664635182052,0.07573316042128672,0.06298920033634083,0.04671241451407198,0.009322393421987702,0.009362554054062016,-0.0024081616537808674,2.2477652279403775,0,20.0
random,5m,126,47,-0.5436772342765532,0.002299308993265495,-0.20391792258455488,0.22872111350326452,0.5459765432698186,0.381931463758104,0.08219005386197266,0.08222940468056325,-0.00037437903082119584,0.3213625430424914,0,40.0
