split,key,n,weeks,netbp,gbp,gR,xR,bothR,sf_med,liq_share,lock_share,gbp_lo,gbp_hi,gR_lo,gR_hi,xR_lo,xR_hi,bothR_lo,bothR_hi
all,15m,1140789,271,-13.816919,0.18308018,0.0024310476,0.008104208,-0.0016210559,0.96851456,0.0007635066607409434,0.5559520647551826,-0.459009351495161,0.8147892794255973,-0.006385079123678622,0.011285797174565404,-0.0057654568534787586,0.02035026332984963,-0.006324698950399348,0.0030043062419792886
yr,15m|2021,93949,23,-13.531722,0.4682775,0.0023726083,-0.01250721,0.008626212,1.2996163,0.0016391872185973241,0.6307996891930728,,,,,,,,
yr,15m|2022,222192,53,-13.491845,0.5081553,0.0055777505,0.021200381,-0.005022439,1.1468964,0.001696730755382732,0.6001926261971628,,,,,,,,
yr,15m|2023,220849,53,-14.494055,-0.49405518,-0.010792068,-0.003657259,-0.008963441,0.77676815,0.00026262287807506487,0.5046706120471454,,,,,,,,
yr,15m|2024,219440,53,-13.25188,0.74812114,0.009800435,0.026938744,-0.0036689383,0.9933737,0.0008202697776157491,0.5728262850893182,,,,,,,,
yr,15m|2025,219853,53,-14.309144,-0.30914435,-0.0037403577,-0.0070009744,-0.00023987047,0.9855484,0.0002501671571459111,0.5545978449236535,,,,,,,,
yr,15m|2026,164506,40,-13.605706,0.39429438,0.014383768,0.013039797,0.007863872,0.758559,0.00028570386490462356,0.5015987258823387,,,,,,,,
coin,15m|BCH,190611,271,-13.296036,0.70396316,0.010332439,0.0026228747,0.009021002,1.0112427,0.000456426963816359,0.5699408743461815,,,,,,,,
coin,15m|BTC,191201,271,-14.334717,-0.33471733,-0.0060087047,0.020875828,-0.016446618,0.64364064,1.5690294506827895e-05,0.4569798275113624,,,,,,,,
coin,15m|DOGE,189489,271,-13.047894,0.95210737,0.008105297,0.009807981,0.003201306,1.1282537,0.001535709196839922,0.597565030160062,,,,,,,,
coin,15m|ETH,191157,271,-14.287213,-0.2872132,-0.0010941274,0.0050544264,-0.0036213414,0.8648659,0.00027202770497549133,0.5274512573434402,,,,,,,,
coin,15m|LTC,190182,271,-14.482806,-0.48280704,-0.003346479,-0.013195597,0.0032513193,0.990689,0.0004206496934515359,0.5624822538410575,,,,,,,,
coin,15m|SOL,188149,271,-13.442033,0.55796814,0.0067097456,0.02359106,-0.005085785,1.2590693,0.0019027472907110854,0.6228042668310754,,,,,,,,
q,15m|0,228158,257,-13.285925,0.7140752,0.010843756,0.016055163,0.0028161744,0.47794256,0.0,0.3742581895002586,,,,,,,,
q,15m|1,228158,271,-13.305972,0.6940281,0.009054795,0.02660532,-0.0042478656,0.73286223,0.0,0.4961956188255507,,,,,,,,
q,15m|2,228157,271,-14.517325,-0.51732516,-0.005428037,-0.0034678027,-0.0036941364,0.96851456,0.0,0.5588301038320104,,,,,,,,
q,15m|3,228160,270,-14.127639,-0.12763886,-0.0007677681,0.0004978251,-0.0010166807,1.2669606,0.0,0.626038744740533,,,,,,,,
q,15m|4,228156,264,-13.847739,0.15226099,-0.0015475469,0.0008304862,-0.0019627898,1.9020872,0.00381756342151861,0.7244385420501762,,,,,,,,
per,15m|1,646804,153,-13.89557,0.10443093,-0.0020871966,0.0046695583,-0.0044219764,1.0199786,0.001043592804002449,0.5659504270227148,,,,,,,,
per,15m|2,493985,118,-13.713939,0.2860603,0.008347055,0.012601398,0.0020463557,0.9106653,0.000396773181371904,0.5428606131765135,,,,,,,,
