kind,tf,coin,days,rows
ds,15m,BTCUSD,547.9895833333334,61958
ds,15m,ETHUSD,547.9895833333334,65044
ds,15m,SOLUSD,290.6979166666667,35101
ds,15m,DOGEUSD,356.6145833333333,45009
ds,15m,LTCUSD,539.6458333333334,64661
ds,15m,BCHUSD,547.9895833333334,66458
ds,30m,BTCUSD,547.9791666666666,34415
ds,30m,ETHUSD,547.9791666666666,36419
ds,30m,SOLUSD,290.6875,19449
ds,30m,DOGEUSD,356.6041666666667,24744
ds,30m,LTCUSD,539.625,36134
ds,30m,BCHUSD,547.9791666666666,36817
ds,1h,BTCUSD,547.9583333333334,19713
ds,1h,ETHUSD,547.9583333333334,20734
ds,1h,SOLUSD,290.6666666666667,11443
ds,1h,DOGEUSD,356.5833333333333,14114
ds,1h,LTCUSD,539.5833333333334,20823
ds,1h,BCHUSD,547.9583333333334,21177
ds,4h,BTCUSD,527.8333333333334,5272
ds,4h,ETHUSD,527.8333333333334,5496
ds,4h,SOLUSD,270.5,3091
ds,4h,DOGEUSD,336.3333333333333,3579
ds,4h,LTCUSD,519.3333333333334,5615
ds,4h,BCHUSD,527.8333333333334,5660
