tf,scope,L,n,mean_R,mean_gross_R,mean_cost_R,win,sl_share,lock_share,liq_gap_share,mean_win_R,mean_loss_R,diff_vs20,diff_lo,diff_hi,liqM_share
15m,all,10,1140636,-0.16470902,0.008871199,0.17358021,0.41573648385637485,0.5783089434315593,0.42168667304907087,4.383519369895392e-06,1.2300134,-1.1571327,0.0040739663,-0.0019023840689486034,0.009981559746758795,4.383519369895392e-06
15m,all,20,1140636,-0.16878298,0.002211219,0.17099419,0.5253542760354749,0.44479746387103336,0.5551762350127473,2.630111621937235e-05,0.6816812,-1.1101061,0.0,0.0,0.0,2.630111621937235e-05
15m,all,30,1140636,-0.1677835,0.0019136193,0.16969714,0.5627895314543816,0.3769239266514471,0.6229577183255658,0.00011835502298717557,0.5080082,-1.0376815,0.0009994635,-0.0016009182083166005,0.0036805494373072767,0.00012712206172696636
15m,all,40,1140636,-0.16671363,0.001610773,0.16832441,0.5736352350793767,0.3356846531233452,0.6639024193520107,0.0004129275246441459,0.42552564,-0.96351796,0.0020693482,-0.0015295399216415666,0.005254508208947832,0.0006101858962894386
15m,all,50,1140636,-0.1648667,0.0013914644,0.16625817,0.574759169445818,0.30806497427750834,0.6908102146521765,0.0011248110703151574,0.377495,-0.89792746,0.0039162766,-0.00037187200683411577,0.008004036784944768,0.0025003594485883316
15m,exec20,10,1115360,-0.16778891,0.008876247,0.17666513,0.40989456319036005,0.5855777506813944,0.41442224931860566,0.0,1.2620043,-1.160941,0.0042980607,-0.002579892529121202,0.010968754930827732,0.0
15m,exec20,20,1115360,-0.17208695,0.0019977954,0.17408475,0.5224698751972457,0.45111981781666904,0.5488801821833309,0.0,0.6933211,-1.1189375,0.0,0.0,0.0,0.0
15m,exec20,30,1115360,-0.17142229,0.0016586886,0.17308097,0.5616106010615407,0.38248099268397645,0.6175190073160235,0.0,0.51437265,-1.0499785,0.00066467625,-0.002054250860995815,0.0027390720403211656,0.0
15m,exec20,40,1115360,-0.17079169,0.0013557673,0.17214747,0.5733736192798737,0.34073931286759435,0.6592311002725577,2.9586859847941472e-05,0.42970848,-0.9778466,0.0012952556,-0.002645682628386098,0.005268444404265405,0.00013358915507100845
15m,exec20,50,1115360,-0.16918868,0.0010187996,0.17020747,0.57491751542103,0.31276986802467366,0.6869208148041888,0.0003093171711375699,0.38049087,-0.9126218,0.0028982738,-0.0011477695712851176,0.007281533978059685,0.0013161669774781237
15m,exec50,10,587801,-0.22217232,0.020444047,0.24261639,0.3255693678642942,0.6728995017021067,0.32710049829789334,0.0,1.8360256,-1.2157307,0.011202004,-0.0005317724113440737,0.022249324331799394,0.0
15m,exec50,20,587801,-0.23337434,0.0055128015,0.23888713,0.44800366110299233,0.5411780517556112,0.4588219482443888,0.0,0.95919544,-1.2012714,0.0,0.0,0.0,0.0
15m,exec50,30,587801,-0.23436174,0.0030117685,0.23737349,0.505264536807525,0.4682264916187621,0.5317735083812378,0.0,0.6806732,-1.1688707,-0.0009873918,-0.005237402702356569,0.003597155204351359,0.0
15m,exec50,40,587801,-0.23443529,0.0021057755,0.23654108,0.5316067852895793,0.42239295271699095,0.577607047283009,0.0,0.5499491,-1.1246789,-0.0010609591,-0.007694023208549212,0.004617241131130735,0.0
15m,exec50,50,587801,-0.23469983,0.0013121872,0.23601203,0.5442726364875188,0.3908635745771103,0.6091364254228897,0.0,0.4731816,-1.0801188,-0.0013254979,-0.008839770952135732,0.0056961319630502725,1.7012560373323626e-05
30m,all,10,573066,-0.11575164,0.005178912,0.12093055,0.4905072016137757,0.4951576258232036,0.5048319041785763,1.0469998220100303e-05,0.8985125,-1.0922204,0.0023540345,-0.004945568224628053,0.008930653257940674,1.0469998220100303e-05
30m,all,20,573066,-0.11810567,6.8140725e-05,0.11817382,0.5780573267302545,0.3645199680316054,0.635392781983227,8.724998516750253e-05,0.5198922,-0.9921565,0.0,0.0,0.0,8.724998516750253e-05
30m,all,30,573066,-0.116140105,1.7352437e-05,0.11615746,0.5934743991093522,0.30193031867184583,0.6976927613922306,0.0003769199359236109,0.40409687,-0.87561834,0.0019655675,-0.0004777929600399877,0.0040306161554952615,0.0004222899282107122
30m,all,40,573066,-0.11307118,-3.267657e-05,0.1130385,0.5887960549046707,0.26547378486945655,0.7330691403782461,0.0014570747522972922,0.3512357,-0.77790445,0.005034487,0.0019193648234812444,0.007883395138892668,0.0022231296220679643
30m,all,50,573066,-0.10795567,0.00018001103,0.108135685,0.5797098414493269,0.24157601393207764,0.7546163967152125,0.0038075893527098103,0.32135528,-0.700108,0.010149999,0.006400437728541724,0.01404714064165877,0.007419738738644414
30m,exec20,10,531987,-0.121164046,0.0062029087,0.12736695,0.47720714979877327,0.5128696753868046,0.48713032461319544,0.0,0.9559323,-1.1043414,0.0032983958,-0.003941964733069117,0.010801827665290196,0.0
30m,exec20,20,531987,-0.12446245,0.00023629604,0.12469874,0.5733204006864829,0.3794397231511296,0.6205602768488704,0.0,0.54191244,-1.0198563,0.0,0.0,0.0,0.0
30m,exec20,30,531987,-0.12363865,5.6569155e-05,0.123695225,0.5931423136279645,0.31484603947088935,0.6851539605291107,0.0,0.41644627,-0.91100794,0.00082379504,-0.0016271802851507246,0.003133535212015519,1.1278471090458978e-05
30m,exec20,40,531987,-0.122128226,-0.00013684595,0.12199138,0.5901629175149017,0.2769860917654003,0.7228541298941515,0.00015977834044816886,0.35957247,-0.8157743,0.002334217,-0.001281146772546402,0.005999495943657485,0.0005282083960698288
30m,exec20,50,531987,-0.11753302,-0.00024171919,0.117291294,0.5817642160428732,0.2522204489959341,0.7467062165052906,0.0010733344987753461,0.32751474,-0.7365926,0.0069294246,0.003400614421535588,0.010801751547656656,0.003520762725404944
30m,exec50,10,143741,-0.18072362,0.03563466,0.21635829,0.350442810332473,0.6477483807681872,0.35225161923181275,0.0,1.6899041,-1.1899467,0.017210288,-0.005108251186498802,0.03800057946196929,0.0
30m,exec50,20,143741,-0.19793391,0.0133907255,0.21132465,0.4724191427637209,0.5127625381763032,0.48723746182369676,0.0,0.8825845,-1.1654776,0.0,0.0,0.0,0.0
30m,exec50,30,143741,-0.20203511,0.0072951834,0.2093303,0.5217509270145609,0.44123806012202504,0.558761939877975,0.0,0.63695586,-1.1173413,-0.0041011903,-0.011482480754796602,0.0028996841063267686,0.0
30m,exec50,40,143741,-0.20316288,0.0050591803,0.20822206,0.5435192464223847,0.3967483181555715,0.6032516818444286,0.0,0.51998997,-1.0642015,-0.0052289674,-0.015620838875013261,0.005016830575734597,0.0
30m,exec50,50,143741,-0.20404266,0.003448189,0.20749082,0.5517006282132446,0.36652729562198677,0.6334727043780133,0.0,0.45270568,-1.0122715,-0.0061087217,-0.01783839871918187,0.006834596709804009,0.0
1h,all,10,287900,-0.07595246,0.008620181,0.08457265,0.5582667592914207,0.4073358805140674,0.5926467523445641,1.736714136853074e-05,0.6663621,-1.0140969,0.005686697,-0.0014629706174364725,0.013256970863345159,1.736714136853074e-05
1h,all,20,287900,-0.08163916,-0.0003735209,0.08126564,0.6054949635290031,0.2879645710316082,0.7118825981243487,0.0001528308440430705,0.41094783,-0.8376724,0.0,0.0,0.0,0.00016325112886418896
1h,all,30,287900,-0.07814076,-0.0011809403,0.07695982,0.5970823202500868,0.23409517193469956,0.7644043070510594,0.001500521014241056,0.33669454,-0.69288373,0.003498403,0.0007872518047525668,0.005987542380498941,0.0017124001389371309
1h,all,40,287900,-0.0714804,-0.0020237672,0.06945662,0.5798888502952414,0.20426884334838485,0.7909030913511635,0.004828065300451546,0.304308,-0.5901895,0.010158767,0.006133670438243551,0.013491156973880591,0.006939909690864884
1h,all,50,287900,-0.06148114,-0.0018624793,0.059618656,0.5636609934004863,0.18521708926710664,0.8035046891281695,0.011278221604723863,0.28692526,-0.51155114,0.020158026,0.015367875607994826,0.024417336951784267,0.020357763112191733
1h,exec20,10,226400,-0.08271882,0.014598704,0.097317524,0.5327031802120141,0.4470980565371025,0.5529019434628976,0.0,0.7692479,-1.0539331,0.009121237,0.00028824292497667395,0.017857457591765713,0.0
1h,exec20,20,226400,-0.09184006,0.0025519533,0.09439201,0.6012765017667845,0.3201899293286219,0.6798100706713781,0.0,0.4529786,-0.91342854,0.0,0.0,0.0,0.0
1h,exec20,30,226400,-0.09217051,0.0011424293,0.09331294,0.6021863957597173,0.2614885159010601,0.73851148409894,0.0,0.36137712,-0.7787238,-0.00033045257,-0.003488561076139854,0.003278240414314798,1.76678445229682e-05
1h,exec20,40,226400,-0.08992086,-0.00067735626,0.08924351,0.5877075971731449,0.2288118374558304,0.7708922261484099,0.0002959363957597173,0.32160786,-0.67653984,0.0019191923,-0.0021879685917417153,0.006252220493756332,0.0009452296819787985
1h,exec20,50,226400,-0.080114394,-0.0013279585,0.07878644,0.5720008833922261,0.20763250883392226,0.7900971731448764,0.0022703180212014134,0.30029732,-0.58851695,0.011725665,0.0062610821076556815,0.01722157161578897,0.007234982332155477
1h,exec50,10,23879,-0.11061879,0.09484291,0.2054617,0.37819841701913814,0.6192470371456091,0.38075296285439086,0.0,1.6446052,-1.1781987,0.057861164,0.013013857186131152,0.11248126429447791,0.0
1h,exec50,20,23879,-0.16847995,0.030394487,0.19887444,0.48741572092633695,0.48800201013442773,0.5119979898655722,0.0,0.84785575,-1.1349124,0.0,0.0,0.0,0.0
1h,exec50,30,23879,-0.17437899,0.021866215,0.19624521,0.5279115540851794,0.4173122827589095,0.5826877172410905,0.0,0.624454,-1.0676718,-0.0058990456,-0.02079580381637169,0.008978175130854483,0.0
1h,exec50,40,23879,-0.18412697,0.010685032,0.19481201,0.5448301855186566,0.37543448218099584,0.6245655178190042,0.0,0.5057129,-1.009853,-0.01564701,-0.03924985489501745,0.007092035149475009,0.0
1h,exec50,50,23879,-0.18571007,0.0080690095,0.19377907,0.5493111101804933,0.34595251057414467,0.6540474894258553,0.0,0.44364467,-0.9527837,-0.017230118,-0.04258727678468527,0.006736937973349125,0.0
4h,all,10,70058,-0.03941929,0.0028607277,0.04228002,0.632404579063062,0.2517057295383825,0.7481658054754632,0.00012846498615432927,0.38438198,-0.7685194,-0.008448287,-0.01474001759305451,-0.001617282683176369,0.00012846498615432927
4h,all,20,70058,-0.030971004,0.0005613246,0.03153233,0.5965628479260041,0.16256530303462846,0.8339661423392046,0.0034685546261668905,0.28578976,-0.49936542,0.0,0.0,0.0,0.0035684718376202576
4h,all,30,70058,-0.01425404,0.0010295326,0.015283573,0.5595649319135574,0.12763710068800138,0.8574609609180964,0.014901938393902196,0.2628171,-0.366268,0.016716963,0.013736396177540456,0.019997567738486793,0.016928830397670503
4h,all,40,70058,-0.0005231361,0.0038121124,0.0043352493,0.5364555082931286,0.1097804676125496,0.8533643552485084,0.03685517713894202,0.25489017,-0.29611048,0.030447867,0.02559862171479584,0.03496658243707954,0.04614747780410517
4h,all,50,70058,0.009701641,0.008710924,-0.0009907174,0.520682862770847,0.09791886722429986,0.8365639898369922,0.06551714293870793,0.2511388,-0.25257188,0.040672645,0.03567273226021716,0.04495355429591082,0.09023951582974107
4h,exec20,10,14127,-0.04388277,0.03288717,0.07676994,0.5902881007998867,0.37042542648828486,0.6295745735117152,0.0,0.6113301,-0.98787385,0.008799229,-0.012271743048072057,0.028872674021693308,0.0
4h,exec20,20,14127,-0.052681994,0.019263541,0.07194553,0.6222835704678984,0.25072556098251575,0.7492744390174843,0.0,0.38508102,-0.7738916,0.0,0.0,0.0,0.0
4h,exec20,30,14127,-0.059088945,0.011092033,0.07018098,0.5943937141643661,0.2001840447370284,0.7998159552629717,0.0,0.32428333,-0.6208999,-0.0064069494,-0.014030953144049603,0.0029308523835250237,0.00028314574927443904
4h,exec20,40,14127,-0.05343329,0.005349031,0.05878232,0.5713881220358179,0.17604586961138247,0.8226799745168826,0.0012741558717349756,0.3002891,-0.52498525,-0.0007512947,-0.013901587673753291,0.012537003086661698,0.0033269625539746584
4h,exec20,50,14127,-0.03487484,0.0048050066,0.03967985,0.5520634246478374,0.1602604940893325,0.8320237842429391,0.007715721667728463,0.29062694,-0.43604246,0.017807154,0.004816894518172702,0.031725742800718916,0.014723578962270828
4h,exec50,10,104,-0.15628491,0.023177084,0.17946199,0.4807692307692308,0.5192307692307693,0.4807692307692308,0.0,0.91390616,-1.1472026,0.06058136,-0.11343647169237232,0.47920039993311675,0.0
4h,exec50,20,104,-0.21686627,-0.04680868,0.1700576,0.4807692307692308,0.4326923076923077,0.5673076923076923,0.0,0.5989588,-0.9722599,0.0,0.0,0.0,0.0
4h,exec50,30,104,-0.17589752,-0.010013723,0.1658838,0.5673076923076923,0.375,0.625,0.0,0.4720847,-1.0254742,0.04096874,-0.014361341048546781,0.25704422298774643,0.0
4h,exec50,40,104,-0.11034028,0.05334359,0.16368386,0.6634615384615384,0.2980769230769231,0.7019230769230769,0.0,0.36460024,-1.0466516,0.106526,0.014355330656092942,0.4144629910557686,0.0
4h,exec50,50,104,-0.1393474,0.02356851,0.16291592,0.6442307692307693,0.28846153846153844,0.7115384615384616,0.0,0.31694523,-0.9656071,0.077518865,-0.00026656969920055415,0.36787885764540973,0.0
