ts,bars,miss%,open!=prevC%,jump>0.5%,jump>2%,p99jump%,wick>3%,wick>20xMedR,spikes3%,medRng%,flat%,dec_med,dec_max
2021-05,682,92.36111111111111,95.60117302052787,10,0,0.5668863300442223,0,0,0,0.44460129308106483,1.6129032258064515,3.0,3
2021-06,8506,1.5509259259259278,91.93510463202446,162,0,0.5901994090428984,10,2,1,0.5352990971217745,2.374794262873266,3.0,3
2021-07,8928,0.0,91.92428315412187,3,0,0.25805159342996997,2,1,0,0.429014686673749,0.0,3.0,3
2021-08,8928,0.0,89.78494623655914,0,0,0.203336731153793,11,3,0,0.5640649274344177,0.0,3.0,3
2021-09,8640,0.0,89.97685185185185,6,1,0.17438086308619996,21,1,6,0.7118033767622166,0.0,3.0,3
2021-10,8928,0.0,92.42831541218638,0,0,0.11074406899345174,4,0,1,0.45681683072923907,0.0,3.0,3
2021-11,8640,0.0,88.68055555555556,4,0,0.11065891514935543,1,0,0,0.44356588629161103,0.0,3.0,3
2021-12,8928,0.0,84.20698924731182,6,1,0.11817676329139233,9,0,1,0.44905378466927925,0.0,2.0,3
2022-01,8928,0.0,78.77464157706093,1,1,0.08772632040678374,2,0,2,0.42047933006129723,0.0,2.0,3
2022-02,8064,0.0,79.53869047619048,0,0,0.09589417561371104,0,0,0,0.45852179878701005,0.0,2.0,3
2022-03,8928,0.0,77.53136200716845,0,0,0.09134142100420715,0,0,0,0.3619202608556668,0.0,2.0,3
2022-04,8640,0.0,79.4675925925926,0,0,0.07904572067709617,0,0,0,0.3587446432928619,0.0,2.0,3
2022-05,8928,0.0,76.05286738351255,19,4,0.19478532986087757,27,0,4,0.5799784387438442,0.0,2.0,3
2022-06,8640,0.0,71.73611111111111,1,1,0.1880568439044851,2,0,2,0.6393049610290198,0.0,2.0,3
2022-07,8928,0.0,68.87320788530465,0,0,0.11330117887579506,0,0,0,0.43449384394909624,0.0,2.0,3
2022-08,8928,0.0,65.32258064516128,0,0,0.09923030575114963,0,0,0,0.3573591982313755,0.0,2.0,3
2022-09,8640,0.0,60.59027777777778,0,0,0.09455431147302899,1,0,0,0.31479769539202945,0.0,2.0,3
2022-10,8928,0.0,55.51075268817204,0,0,0.09145369770869964,0,0,0,0.2344967985671467,0.0,2.0,3
2022-11,8640,0.0,57.80092592592593,49,10,0.35160577006616855,86,0,10,0.509483564957019,0.0,2.0,3
2022-12,8927,0.011200716845882752,50.946566595720846,0,0,0.1821263079791774,3,0,1,0.28115501519756103,0.0,2.0,4
2023-01,8928,0.0,58.96057347670251,3,0,0.17933478190978852,8,0,2,0.45295451786248164,0.0,2.0,4
2023-02,8064,0.0,61.644345238095234,0,0,0.13019799803661647,1,0,0,0.3227293683725232,0.0,2.0,3
2023-03,8926,0.022401433691754402,62.60362984539547,35,0,0.3482748496677983,1,0,0,0.41792251906464284,0.02240645305848084,2.0,3
2023-04,8640,0.0,59.3287037037037,2,0,0.1465479588473575,1,0,0,0.2832861189801711,0.0,2.0,3
2023-05,8928,0.0,54.41308243727598,0,0,0.13354833898178128,0,0,0,0.22779043280182557,0.03360215053763441,2.0,3
2023-06,8640,0.0,57.013888888888886,3,0,0.17688284626316872,8,0,1,0.32414518806371956,0.0,2.0,3
2023-07,8928,0.0,60.12544802867383,0,0,0.16328575414213203,4,1,0,0.36076330404827645,0.0,2.0,3
2023-08,8928,0.0,52.49775985663082,3,0,0.158877448919243,1,0,1,0.25392707569215495,0.011200716845878136,2.0,3
2023-09,8640,0.0,51.74768518518519,0,0,0.155721509645574,0,0,0,0.24937021314399435,0.011574074074074075,2.0,3
2023-10,8928,0.0,61.122311827956985,0,0,0.1396500578698,1,1,0,0.31090334842640216,0.022401433691756272,2.0,3
2023-11,8640,0.0,70.2199074074074,3,1,0.1299162990932347,3,1,0,0.4858603683194467,0.0,2.0,3
2023-12,8928,0.0,73.91353046594982,0,0,0.15303318332414118,6,0,0,0.5056380291218384,0.0,2.0,3
2024-01,8928,0.0,77.22894265232975,3,1,0.1543871303864701,7,1,2,0.439400109715841,0.0,2.0,3
2024-02,8352,0.0,73.97030651340997,1,0,0.11975043727444704,2,0,0,0.30993200206576094,0.0,2.0,3
2024-03,8928,0.0,78.11379928315412,11,0,0.1778420165465126,6,0,0,0.5167021303745408,0.0,2.0,2
2024-04,8640,0.0,77.14120370370371,7,2,0.1467806747869738,8,1,1,0.4404772701512628,0.0,2.0,2
2024-05,8928,0.0,71.72939068100358,1,0,0.2292586586729475,3,0,0,0.3966202107118552,0.0,2.0,2
2024-06,8639,0.011574074074072183,67.90137747424471,0,0,0.12335469396402919,0,0,0,0.2962336013542162,0.0,2.0,2
2024-07,8928,0.0,71.415770609319,1,0,0.18717903619002496,0,0,0,0.43005491132066287,0.0,2.0,2
2024-08,8928,0.0,71.59498207885304,4,0,0.16134897217782232,2,0,0,0.4110243448303145,0.0,2.0,2
2024-09,8639,0.011574074074072183,70.9457113091793,1,0,0.29576697295754545,0,0,0,0.38242410052289133,0.09260331056835282,2.0,2
2024-10,8928,0.0,68.68279569892472,0,0,0.12516188751617432,0,0,0,0.29725745900020284,0.0,2.0,2
2024-11,8640,0.0,69.38657407407408,3,0,0.11901347165741971,0,0,0,0.39990453527512326,0.0,2.0,2
2024-12,8928,0.0,69.54525089605734,0,0,0.1037104751619098,2,0,1,0.3825750649837306,0.0,2.0,2
2025-01,8928,0.0,68.35797491039428,5,0,0.19952074064449069,2,0,0,0.39677248703257034,0.0,2.0,2
2025-02,8064,0.0,67.13789682539682,6,0,0.24057385589924646,1,0,0,0.45476652467068157,0.0,2.0,2
2025-03,8639,3.237007168458783,69.09364509781226,8,1,0.3222884335147583,11,0,0,0.5265815480054749,0.0,2.0,2
2025-04,8640,0.0,65.55555555555556,0,0,0.09198763451638482,1,0,0,0.34017729439038347,0.0,2.0,2
2025-05,8928,0.0,69.14202508960572,0,0,0.08139439045332832,1,0,0,0.29777475911169093,0.0,2.0,2
2025-06,8640,0.0,70.2662037037037,0,0,0.07312206209696316,1,0,0,0.2653961881004847,0.0,2.0,2
2025-07,8928,0.0,67.5739247311828,0,0,0.12392697979443217,0,0,0,0.31011370313274644,0.0,2.0,2
2025-08,8928,0.0,70.22849462365592,0,0,0.18576757168995336,0,0,0,0.3814087732116326,0.0,2.0,2
2025-09,8640,0.0,66.88657407407408,0,0,0.15459014919084366,0,0,0,0.3148444227707439,0.0,2.0,2
2025-10,8928,0.0,70.59811827956989,4,1,0.10303202382499164,13,6,0,0.34242749999343025,0.0,2.0,2
2025-11,8640,0.0,67.52314814814815,0,0,0.19822136554451708,1,0,0,0.41998858558046825,0.0,2.0,2
2025-12,8927,0.011200716845882752,63.49277472835219,0,0,0.1609884850371779,0,0,0,0.28610029404752396,0.0,2.0,2
2026-01,8928,0.0,63.12724014336918,0,0,0.17495183928718344,2,1,0,0.2791967555958793,0.0,2.0,2
2026-02,8064,0.0,62.16517857142857,0,0,0.1961776501284792,0,0,1,0.4414330924580753,0.0,2.0,3
2026-03,8928,0.0,63.452060931899645,0,0,0.07179146097674914,0,0,0,0.2630385962958213,0.0,2.0,3
2026-04,8352,3.3333333333333326,58.285440613026815,0,0,0.06846335962286121,0,0,0,0.19880116889026903,0.0,2.0,3
2026-05,8928,0.0,60.47267025089605,0,0,0.19792094267053317,1,1,0,0.24993883095938965,0.0,2.0,3
2026-06,8640,0.0,68.22916666666666,3,0,0.19622732562160766,0,0,0,0.3717026597076378,0.0,2.0,3
2026-07,8928,0.0,64.19130824372759,0,0,0.17292849186985726,0,0,0,0.28182878575687087,0.0,2.0,3
2026-08,8928,0.0,62.298387096774185,0,0,0.15603199242650329,3,1,0,0.2528842205922841,0.0,2.0,3
2026-09,8177,5.358796296296298,70.93065916595329,2,0,0.15583692536827454,0,0,0,0.2793027063469193,0.0,2.0,3
