account_id,kind,strategy,timeframe,sub,rec,ENTERED:ok,REJECTED:sizing,SKIPPED:in position,SKIPPED:lower,trades,run,days,SKIPPED:reel,cause
N14_ICHI_RSI@5m,strategy,N14_ICHI_RSI,5m,0.0,0.0,0.0,0.0,0.0,0.0,0.0,v3a,2.6075569791666666,0.0,no_signal
N21_ST_RSI_ADX@5m,strategy,N21_ST_RSI_ADX,5m,0.0,0.0,0.0,0.0,0.0,0.0,0.0,v3a,2.6075569791666666,0.0,no_signal
S1_EMA_RSI_CHOP@5m,strategy,S1_EMA_RSI_CHOP,5m,0.0,0.0,0.0,0.0,0.0,0.0,0.0,v3a,2.6075569791666666,0.0,no_signal
N15_KC_AO@5m,strategy,N15_KC_AO,5m,0.0,0.0,0.0,0.0,0.0,0.0,0.0,v3a,2.6075569791666666,0.0,no_signal
N14_ICHI_RSI@15m,strategy,N14_ICHI_RSI,15m,0.0,0.0,0.0,0.0,0.0,0.0,0.0,v3a,2.6075569791666666,0.0,no_signal
N21_ST_RSI_ADX@15m,strategy,N21_ST_RSI_ADX,15m,0.0,0.0,0.0,0.0,0.0,0.0,0.0,v3a,2.6075569791666666,0.0,no_signal
S1_EMA_RSI_CHOP@15m,strategy,S1_EMA_RSI_CHOP,15m,0.0,0.0,0.0,0.0,0.0,0.0,0.0,v3a,2.6075569791666666,0.0,no_signal
N15_KC_AO@15m,strategy,N15_KC_AO,15m,0.0,0.0,0.0,0.0,0.0,0.0,0.0,v3a,2.6075569791666666,0.0,no_signal
N14_ICHI_RSI@30m,strategy,N14_ICHI_RSI,30m,0.0,0.0,0.0,0.0,0.0,0.0,0.0,v3a,2.6075569791666666,0.0,no_signal
N21_ST_RSI_ADX@30m,strategy,N21_ST_RSI_ADX,30m,0.0,0.0,0.0,0.0,0.0,0.0,0.0,v3a,2.6075569791666666,0.0,no_signal
S1_EMA_RSI_CHOP@30m,strategy,S1_EMA_RSI_CHOP,30m,0.0,0.0,0.0,0.0,0.0,0.0,0.0,v3a,2.6075569791666666,0.0,no_signal
N11_BREAKAWAY@30m,strategy,N11_BREAKAWAY,30m,0.0,0.0,0.0,0.0,0.0,0.0,0.0,v3a,2.6075569791666666,0.0,no_signal
N15_KC_AO@30m,strategy,N15_KC_AO,30m,0.0,0.0,0.0,0.0,0.0,0.0,0.0,v3a,2.6075569791666666,0.0,no_signal
S5_DONCHIAN_MFI@1h,strategy,S5_DONCHIAN_MFI,1h,0.0,0.0,0.0,0.0,0.0,0.0,0.0,v3a,2.6075569791666666,0.0,no_signal
N03_ADX_GC@1h,strategy,N03_ADX_GC,1h,0.0,0.0,0.0,0.0,0.0,0.0,0.0,v3a,2.6075569791666666,0.0,no_signal
N08_ICHI_WR@1h,strategy,N08_ICHI_WR,1h,0.0,0.0,0.0,0.0,0.0,0.0,0.0,v3a,2.6075569791666666,0.0,no_signal
N14_ICHI_RSI@1h,strategy,N14_ICHI_RSI,1h,0.0,0.0,0.0,0.0,0.0,0.0,0.0,v3a,2.6075569791666666,0.0,no_signal
N21_ST_RSI_ADX@1h,strategy,N21_ST_RSI_ADX,1h,0.0,0.0,0.0,0.0,0.0,0.0,0.0,v3a,2.6075569791666666,0.0,no_signal
S1_EMA_RSI_CHOP@1h,strategy,S1_EMA_RSI_CHOP,1h,0.0,0.0,0.0,0.0,0.0,0.0,0.0,v3a,2.6075569791666666,0.0,no_signal
N06_MACD_ORB@1h,strategy,N06_MACD_ORB,1h,0.0,0.0,0.0,0.0,0.0,0.0,0.0,v3a,2.6075569791666666,0.0,no_signal
N11_BREAKAWAY@1h,strategy,N11_BREAKAWAY,1h,0.0,0.0,0.0,0.0,0.0,0.0,0.0,v3a,2.6075569791666666,0.0,no_signal
N15_KC_AO@1h,strategy,N15_KC_AO,1h,0.0,0.0,0.0,0.0,0.0,0.0,0.0,v3a,2.6075569791666666,0.0,no_signal
V45_AMB@1h,strategy,V45_AMB,1h,0.0,0.0,0.0,0.0,0.0,0.0,0.0,v3a,2.6075569791666666,0.0,no_signal
S5_DONCHIAN_MFI@4h,strategy,S5_DONCHIAN_MFI,4h,0.0,0.0,0.0,0.0,0.0,0.0,0.0,v3a,2.6075569791666666,0.0,no_signal
S6_EMA_DMI_ADX@4h,strategy,S6_EMA_DMI_ADX,4h,0.0,0.0,0.0,0.0,0.0,0.0,0.0,v3a,2.6075569791666666,0.0,no_signal
N02_ST_KST@4h,strategy,N02_ST_KST,4h,3.0,1.0,1.0,1.0,0.0,1.0,0.0,v3a,2.6075569791666666,0.0,open_at_end
N03_ADX_GC@4h,strategy,N03_ADX_GC,4h,0.0,0.0,0.0,0.0,0.0,0.0,0.0,v3a,2.6075569791666666,0.0,no_signal
N07_ICHI_CMO@4h,strategy,N07_ICHI_CMO,4h,3.0,2.0,1.0,0.0,2.0,0.0,0.0,v3a,2.6075569791666666,0.0,open_at_end
N08_ICHI_WR@4h,strategy,N08_ICHI_WR,4h,0.0,0.0,0.0,0.0,0.0,0.0,0.0,v3a,2.6075569791666666,0.0,no_signal
N09_ALLIG_AROON@4h,strategy,N09_ALLIG_AROON,4h,1.0,0.0,0.0,1.0,0.0,0.0,0.0,v3a,2.6075569791666666,0.0,all_rejected_sizing
N10_HA_PSAR@4h,strategy,N10_HA_PSAR,4h,4.0,1.0,1.0,1.0,1.0,1.0,0.0,v3a,2.6075569791666666,0.0,open_at_end
N12_ICHI_AO@4h,strategy,N12_ICHI_AO,4h,3.0,1.0,0.0,3.0,0.0,0.0,0.0,v3a,2.6075569791666666,0.0,all_rejected_sizing
N14_ICHI_RSI@4h,strategy,N14_ICHI_RSI,4h,0.0,0.0,0.0,0.0,0.0,0.0,0.0,v3a,2.6075569791666666,0.0,no_signal
N21_ST_RSI_ADX@4h,strategy,N21_ST_RSI_ADX,4h,0.0,0.0,0.0,0.0,0.0,0.0,0.0,v3a,2.6075569791666666,0.0,no_signal
N22_VORTEX_PSAR@4h,strategy,N22_VORTEX_PSAR,4h,8.0,3.0,1.0,0.0,5.0,2.0,0.0,v3a,2.6075569791666666,0.0,open_at_end
N24_DMI@4h,strategy,N24_DMI,4h,3.0,1.0,0.0,3.0,0.0,0.0,0.0,v3a,2.6075569791666666,0.0,all_rejected_sizing
S1_EMA_RSI_CHOP@4h,strategy,S1_EMA_RSI_CHOP,4h,0.0,0.0,0.0,0.0,0.0,0.0,0.0,v3a,2.6075569791666666,0.0,no_signal
S4_BB_BBP@4h,strategy,S4_BB_BBP,4h,3.0,1.0,0.0,3.0,0.0,0.0,0.0,v3a,2.6075569791666666,0.0,all_rejected_sizing
N05_PSAR_POC@4h,strategy,N05_PSAR_POC,4h,0.0,0.0,0.0,0.0,0.0,0.0,0.0,v3a,2.6075569791666666,0.0,no_signal
N11_BREAKAWAY@4h,strategy,N11_BREAKAWAY,4h,0.0,0.0,0.0,0.0,0.0,0.0,0.0,v3a,2.6075569791666666,0.0,no_signal
N13_3OUTSIDE@4h,strategy,N13_3OUTSIDE,4h,1.0,0.0,0.0,1.0,0.0,0.0,0.0,v3a,2.6075569791666666,0.0,all_rejected_sizing
N15_KC_AO@4h,strategy,N15_KC_AO,4h,0.0,0.0,0.0,0.0,0.0,0.0,0.0,v3a,2.6075569791666666,0.0,no_signal
N16_BBRSI@4h,strategy,N16_BBRSI,4h,0.0,0.0,0.0,0.0,0.0,0.0,0.0,v3a,2.6075569791666666,0.0,no_signal
N19_FIB_CHOP@4h,strategy,N19_FIB_CHOP,4h,1.0,0.0,0.0,1.0,0.0,0.0,0.0,v3a,2.6075569791666666,0.0,all_rejected_sizing
N20_EMA9_CHOP@4h,strategy,N20_EMA9_CHOP,4h,4.0,0.0,0.0,4.0,0.0,0.0,0.0,v3a,2.6075569791666666,0.0,all_rejected_sizing
V39_ALL@4h,strategy,V39_ALL,4h,2.0,0.0,1.0,1.0,0.0,0.0,0.0,v3a,2.6075569791666666,0.0,open_at_end
V45_AMB@4h,strategy,V45_AMB,4h,1.0,0.0,0.0,1.0,0.0,0.0,0.0,v3a,2.6075569791666666,0.0,all_rejected_sizing
DOGE@4h,strategy,DOGE,4h,0.0,0.0,0.0,0.0,0.0,0.0,0.0,v3a,2.6075569791666666,0.0,no_signal
S5_DONCHIAN_MFI@15m,strategy,S5_DONCHIAN_MFI,15m,0.0,0.0,0.0,0.0,0.0,0.0,0.0,v3b,0.6969080555555556,0.0,no_signal
N03_ADX_GC@15m,strategy,N03_ADX_GC,15m,0.0,0.0,0.0,0.0,0.0,0.0,0.0,v3b,0.6969080555555556,0.0,no_signal
N08_ICHI_WR@15m,strategy,N08_ICHI_WR,15m,0.0,0.0,0.0,0.0,0.0,0.0,0.0,v3b,0.6969080555555556,0.0,no_signal
N14_ICHI_RSI@15m,strategy,N14_ICHI_RSI,15m,0.0,0.0,0.0,0.0,0.0,0.0,0.0,v3b,0.6969080555555556,0.0,no_signal
N21_ST_RSI_ADX@15m,strategy,N21_ST_RSI_ADX,15m,0.0,0.0,0.0,0.0,0.0,0.0,0.0,v3b,0.6969080555555556,0.0,no_signal
S1_EMA_RSI_CHOP@15m,strategy,S1_EMA_RSI_CHOP,15m,0.0,0.0,0.0,0.0,0.0,0.0,0.0,v3b,0.6969080555555556,0.0,no_signal
N11_BREAKAWAY@15m,strategy,N11_BREAKAWAY,15m,0.0,0.0,0.0,0.0,0.0,0.0,0.0,v3b,0.6969080555555556,0.0,no_signal
N15_KC_AO@15m,strategy,N15_KC_AO,15m,0.0,0.0,0.0,0.0,0.0,0.0,0.0,v3b,0.6969080555555556,0.0,no_signal
S5_DONCHIAN_MFI@30m,strategy,S5_DONCHIAN_MFI,30m,0.0,0.0,0.0,0.0,0.0,0.0,0.0,v3b,0.6969080555555556,0.0,no_signal
N03_ADX_GC@30m,strategy,N03_ADX_GC,30m,0.0,0.0,0.0,0.0,0.0,0.0,0.0,v3b,0.6969080555555556,0.0,no_signal
N14_ICHI_RSI@30m,strategy,N14_ICHI_RSI,30m,0.0,0.0,0.0,0.0,0.0,0.0,0.0,v3b,0.6969080555555556,0.0,no_signal
N21_ST_RSI_ADX@30m,strategy,N21_ST_RSI_ADX,30m,0.0,0.0,0.0,0.0,0.0,0.0,0.0,v3b,0.6969080555555556,0.0,no_signal
S1_EMA_RSI_CHOP@30m,strategy,S1_EMA_RSI_CHOP,30m,0.0,0.0,0.0,0.0,0.0,0.0,0.0,v3b,0.6969080555555556,0.0,no_signal
N15_KC_AO@30m,strategy,N15_KC_AO,30m,0.0,0.0,0.0,0.0,0.0,0.0,0.0,v3b,0.6969080555555556,0.0,no_signal
N19_FIB_CHOP@30m,strategy,N19_FIB_CHOP,30m,0.0,0.0,0.0,0.0,0.0,0.0,0.0,v3b,0.6969080555555556,0.0,no_signal
S5_DONCHIAN_MFI@1h,strategy,S5_DONCHIAN_MFI,1h,0.0,0.0,0.0,0.0,0.0,0.0,0.0,v3b,0.6969080555555556,0.0,no_signal
N03_ADX_GC@1h,strategy,N03_ADX_GC,1h,0.0,0.0,0.0,0.0,0.0,0.0,0.0,v3b,0.6969080555555556,0.0,no_signal
N08_ICHI_WR@1h,strategy,N08_ICHI_WR,1h,0.0,0.0,0.0,0.0,0.0,0.0,0.0,v3b,0.6969080555555556,0.0,no_signal
N14_ICHI_RSI@1h,strategy,N14_ICHI_RSI,1h,0.0,0.0,0.0,0.0,0.0,0.0,0.0,v3b,0.6969080555555556,0.0,no_signal
N21_ST_RSI_ADX@1h,strategy,N21_ST_RSI_ADX,1h,0.0,0.0,0.0,0.0,0.0,0.0,0.0,v3b,0.6969080555555556,0.0,no_signal
S1_EMA_RSI_CHOP@1h,strategy,S1_EMA_RSI_CHOP,1h,0.0,0.0,0.0,0.0,0.0,0.0,0.0,v3b,0.6969080555555556,0.0,no_signal
S3_CMO_SANDWICH@1h,strategy,S3_CMO_SANDWICH,1h,1.0,0.0,1.0,0.0,0.0,0.0,0.0,v3b,0.6969080555555556,0.0,open_at_end
N05_PSAR_POC@1h,strategy,N05_PSAR_POC,1h,0.0,0.0,0.0,0.0,0.0,0.0,0.0,v3b,0.6969080555555556,0.0,no_signal
N11_BREAKAWAY@1h,strategy,N11_BREAKAWAY,1h,0.0,0.0,0.0,0.0,0.0,0.0,0.0,v3b,0.6969080555555556,0.0,no_signal
N15_KC_AO@1h,strategy,N15_KC_AO,1h,0.0,0.0,0.0,0.0,0.0,0.0,0.0,v3b,0.6969080555555556,0.0,no_signal
N19_FIB_CHOP@1h,strategy,N19_FIB_CHOP,1h,0.0,0.0,0.0,0.0,0.0,0.0,0.0,v3b,0.6969080555555556,0.0,no_signal
N20_EMA9_CHOP@1h,strategy,N20_EMA9_CHOP,1h,1.0,0.0,1.0,0.0,0.0,0.0,0.0,v3b,0.6969080555555556,0.0,open_at_end
OBV_S@1h,strategy,OBV_S,1h,0.0,1.0,0.0,0.0,0.0,0.0,0.0,v3b,0.6969080555555556,0.0,no_signal(record-only rows)
V45_AMB@1h,strategy,V45_AMB,1h,0.0,0.0,0.0,0.0,0.0,0.0,0.0,v3b,0.6969080555555556,0.0,no_signal
S2_ST_ROC@4h,strategy,S2_ST_ROC,4h,0.0,0.0,0.0,0.0,0.0,0.0,0.0,v3b,0.6969080555555556,0.0,no_signal
S5_DONCHIAN_MFI@4h,strategy,S5_DONCHIAN_MFI,4h,0.0,0.0,0.0,0.0,0.0,0.0,0.0,v3b,0.6969080555555556,0.0,no_signal
S6_EMA_DMI_ADX@4h,strategy,S6_EMA_DMI_ADX,4h,0.0,0.0,0.0,0.0,0.0,0.0,0.0,v3b,0.6969080555555556,0.0,no_signal
N01_ST_EMA@4h,strategy,N01_ST_EMA,4h,0.0,0.0,0.0,0.0,0.0,0.0,0.0,v3b,0.6969080555555556,0.0,no_signal
N02_ST_KST@4h,strategy,N02_ST_KST,4h,0.0,0.0,0.0,0.0,0.0,0.0,0.0,v3b,0.6969080555555556,0.0,no_signal
N03_ADX_GC@4h,strategy,N03_ADX_GC,4h,0.0,0.0,0.0,0.0,0.0,0.0,0.0,v3b,0.6969080555555556,0.0,no_signal
N07_ICHI_CMO@4h,strategy,N07_ICHI_CMO,4h,0.0,0.0,0.0,0.0,0.0,0.0,0.0,v3b,0.6969080555555556,0.0,no_signal
N08_ICHI_WR@4h,strategy,N08_ICHI_WR,4h,0.0,0.0,0.0,0.0,0.0,0.0,0.0,v3b,0.6969080555555556,0.0,no_signal
N09_ALLIG_AROON@4h,strategy,N09_ALLIG_AROON,4h,0.0,0.0,0.0,0.0,0.0,0.0,0.0,v3b,0.6969080555555556,0.0,no_signal
N10_HA_PSAR@4h,strategy,N10_HA_PSAR,4h,0.0,0.0,0.0,0.0,0.0,0.0,0.0,v3b,0.6969080555555556,0.0,no_signal
N12_ICHI_AO@4h,strategy,N12_ICHI_AO,4h,0.0,0.0,0.0,0.0,0.0,0.0,0.0,v3b,0.6969080555555556,0.0,no_signal
N14_ICHI_RSI@4h,strategy,N14_ICHI_RSI,4h,0.0,0.0,0.0,0.0,0.0,0.0,0.0,v3b,0.6969080555555556,0.0,no_signal
N17_KC_RSI@4h,strategy,N17_KC_RSI,4h,0.0,0.0,0.0,0.0,0.0,0.0,0.0,v3b,0.6969080555555556,0.0,no_signal
N18_VWMA_MACD@4h,strategy,N18_VWMA_MACD,4h,0.0,0.0,0.0,0.0,0.0,0.0,0.0,v3b,0.6969080555555556,0.0,no_signal
N21_ST_RSI_ADX@4h,strategy,N21_ST_RSI_ADX,4h,0.0,0.0,0.0,0.0,0.0,0.0,0.0,v3b,0.6969080555555556,0.0,no_signal
N22_VORTEX_PSAR@4h,strategy,N22_VORTEX_PSAR,4h,2.0,1.0,1.0,0.0,0.0,1.0,0.0,v3b,0.6969080555555556,0.0,open_at_end
N23_HA_ST@4h,strategy,N23_HA_ST,4h,1.0,0.0,0.0,1.0,0.0,0.0,0.0,v3b,0.6969080555555556,0.0,all_rejected_sizing
N24_DMI@4h,strategy,N24_DMI,4h,2.0,1.0,0.0,2.0,0.0,0.0,0.0,v3b,0.6969080555555556,0.0,all_rejected_sizing
N25_DST_CCI@4h,strategy,N25_DST_CCI,4h,0.0,0.0,0.0,0.0,0.0,0.0,0.0,v3b,0.6969080555555556,0.0,no_signal
S1_EMA_RSI_CHOP@4h,strategy,S1_EMA_RSI_CHOP,4h,0.0,0.0,0.0,0.0,0.0,0.0,0.0,v3b,0.6969080555555556,0.0,no_signal
S3_CMO_SANDWICH@4h,strategy,S3_CMO_SANDWICH,4h,0.0,0.0,0.0,0.0,0.0,0.0,0.0,v3b,0.6969080555555556,0.0,no_signal
S4_BB_BBP@4h,strategy,S4_BB_BBP,4h,0.0,0.0,0.0,0.0,0.0,0.0,0.0,v3b,0.6969080555555556,0.0,no_signal
N05_PSAR_POC@4h,strategy,N05_PSAR_POC,4h,0.0,0.0,0.0,0.0,0.0,0.0,0.0,v3b,0.6969080555555556,0.0,no_signal
N06_MACD_ORB@4h,strategy,N06_MACD_ORB,4h,0.0,0.0,0.0,0.0,0.0,0.0,0.0,v3b,0.6969080555555556,0.0,no_signal
N11_BREAKAWAY@4h,strategy,N11_BREAKAWAY,4h,0.0,0.0,0.0,0.0,0.0,0.0,0.0,v3b,0.6969080555555556,0.0,no_signal
N13_3OUTSIDE@4h,strategy,N13_3OUTSIDE,4h,0.0,0.0,0.0,0.0,0.0,0.0,0.0,v3b,0.6969080555555556,0.0,no_signal
N15_KC_AO@4h,strategy,N15_KC_AO,4h,0.0,0.0,0.0,0.0,0.0,0.0,0.0,v3b,0.6969080555555556,0.0,no_signal
N16_BBRSI@4h,strategy,N16_BBRSI,4h,0.0,0.0,0.0,0.0,0.0,0.0,0.0,v3b,0.6969080555555556,0.0,no_signal
N19_FIB_CHOP@4h,strategy,N19_FIB_CHOP,4h,0.0,0.0,0.0,0.0,0.0,0.0,0.0,v3b,0.6969080555555556,0.0,no_signal
N20_EMA9_CHOP@4h,strategy,N20_EMA9_CHOP,4h,3.0,1.0,0.0,3.0,0.0,0.0,0.0,v3b,0.6969080555555556,0.0,all_rejected_sizing
V39_ALL@4h,strategy,V39_ALL,4h,1.0,1.0,0.0,1.0,0.0,0.0,0.0,v3b,0.6969080555555556,0.0,all_rejected_sizing
OBV_S@4h,strategy,OBV_S,4h,0.0,0.0,0.0,0.0,0.0,0.0,0.0,v3b,0.6969080555555556,0.0,no_signal
OBV_B@4h,strategy,OBV_B,4h,3.0,0.0,1.0,1.0,0.0,1.0,0.0,v3b,0.6969080555555556,0.0,open_at_end
V45_AMB@4h,strategy,V45_AMB,4h,0.0,0.0,0.0,0.0,0.0,0.0,0.0,v3b,0.6969080555555556,0.0,no_signal
DOGE@4h,strategy,DOGE,4h,0.0,0.0,0.0,0.0,0.0,0.0,0.0,v3b,0.6969080555555556,0.0,no_signal
RANDOM_2@30m,random,RANDOM_2,30m,0.0,0.0,0.0,0.0,0.0,0.0,0.0,v3b,0.6969080555555556,0.0,no_signal
RANDOM_3@30m,random,RANDOM_3,30m,0.0,0.0,0.0,0.0,0.0,0.0,0.0,v3b,0.6969080555555556,0.0,no_signal
RANDOM_1@1h,random,RANDOM_1,1h,0.0,0.0,0.0,0.0,0.0,0.0,0.0,v3b,0.6969080555555556,0.0,no_signal
RANDOM_1@4h,random,RANDOM_1,4h,1.0,0.0,0.0,1.0,0.0,0.0,0.0,v3b,0.6969080555555556,0.0,all_rejected_sizing
RANDOM_2@4h,random,RANDOM_2,4h,0.0,0.0,0.0,0.0,0.0,0.0,0.0,v3b,0.6969080555555556,0.0,no_signal
RANDOM_3@4h,random,RANDOM_3,4h,1.0,0.0,0.0,1.0,0.0,0.0,0.0,v3b,0.6969080555555556,0.0,all_rejected_sizing
S5_DONCHIAN_MFI@15m,strategy,S5_DONCHIAN_MFI,15m,0.0,0.0,0.0,0.0,0.0,0.0,0.0,v4,1.4999868171296296,0.0,no_signal
N08_ICHI_WR@15m,strategy,N08_ICHI_WR,15m,0.0,0.0,0.0,0.0,0.0,0.0,0.0,v4,1.4999868171296296,0.0,no_signal
N14_ICHI_RSI@15m,strategy,N14_ICHI_RSI,15m,0.0,0.0,0.0,0.0,0.0,0.0,0.0,v4,1.4999868171296296,0.0,no_signal
N21_ST_RSI_ADX@15m,strategy,N21_ST_RSI_ADX,15m,0.0,0.0,0.0,0.0,0.0,0.0,0.0,v4,1.4999868171296296,0.0,no_signal
S1_EMA_RSI_CHOP@15m,strategy,S1_EMA_RSI_CHOP,15m,0.0,0.0,0.0,0.0,0.0,0.0,0.0,v4,1.4999868171296296,0.0,no_signal
N11_BREAKAWAY@15m,strategy,N11_BREAKAWAY,15m,0.0,0.0,0.0,0.0,0.0,0.0,0.0,v4,1.4999868171296296,0.0,no_signal
N15_KC_AO@15m,strategy,N15_KC_AO,15m,0.0,0.0,0.0,0.0,0.0,0.0,0.0,v4,1.4999868171296296,0.0,no_signal
S6_EMA_DMI_ADX@30m,strategy,S6_EMA_DMI_ADX,30m,0.0,0.0,0.0,0.0,0.0,0.0,0.0,v4,1.4999868171296296,0.0,no_signal
N14_ICHI_RSI@30m,strategy,N14_ICHI_RSI,30m,0.0,0.0,0.0,0.0,0.0,0.0,0.0,v4,1.4999868171296296,0.0,no_signal
N21_ST_RSI_ADX@30m,strategy,N21_ST_RSI_ADX,30m,0.0,0.0,0.0,0.0,0.0,0.0,0.0,v4,1.4999868171296296,0.0,no_signal
S1_EMA_RSI_CHOP@30m,strategy,S1_EMA_RSI_CHOP,30m,0.0,0.0,0.0,0.0,0.0,0.0,0.0,v4,1.4999868171296296,0.0,no_signal
N11_BREAKAWAY@30m,strategy,N11_BREAKAWAY,30m,0.0,0.0,0.0,0.0,0.0,0.0,0.0,v4,1.4999868171296296,0.0,no_signal
N15_KC_AO@30m,strategy,N15_KC_AO,30m,0.0,0.0,0.0,0.0,0.0,0.0,0.0,v4,1.4999868171296296,0.0,no_signal
S5_DONCHIAN_MFI@1h,strategy,S5_DONCHIAN_MFI,1h,0.0,0.0,0.0,0.0,0.0,0.0,0.0,v4,1.4999868171296296,0.0,no_signal
N03_ADX_GC@1h,strategy,N03_ADX_GC,1h,2.0,1.0,1.0,0.0,1.0,0.0,0.0,v4,1.4999868171296296,0.0,open_at_end
N14_ICHI_RSI@1h,strategy,N14_ICHI_RSI,1h,0.0,0.0,0.0,0.0,0.0,0.0,0.0,v4,1.4999868171296296,0.0,no_signal
N21_ST_RSI_ADX@1h,strategy,N21_ST_RSI_ADX,1h,0.0,0.0,0.0,0.0,0.0,0.0,0.0,v4,1.4999868171296296,0.0,no_signal
S1_EMA_RSI_CHOP@1h,strategy,S1_EMA_RSI_CHOP,1h,0.0,0.0,0.0,0.0,0.0,0.0,0.0,v4,1.4999868171296296,0.0,no_signal
N11_BREAKAWAY@1h,strategy,N11_BREAKAWAY,1h,1.0,1.0,1.0,0.0,0.0,0.0,0.0,v4,1.4999868171296296,0.0,open_at_end
N15_KC_AO@1h,strategy,N15_KC_AO,1h,0.0,0.0,0.0,0.0,0.0,0.0,0.0,v4,1.4999868171296296,0.0,no_signal
S5_DONCHIAN_MFI@4h,strategy,S5_DONCHIAN_MFI,4h,0.0,0.0,0.0,0.0,0.0,0.0,0.0,v4,1.4999868171296296,0.0,no_signal
S6_EMA_DMI_ADX@4h,strategy,S6_EMA_DMI_ADX,4h,0.0,0.0,0.0,0.0,0.0,0.0,0.0,v4,1.4999868171296296,0.0,no_signal
N02_ST_KST@4h,strategy,N02_ST_KST,4h,0.0,0.0,0.0,0.0,0.0,0.0,0.0,v4,1.4999868171296296,0.0,no_signal
N03_ADX_GC@4h,strategy,N03_ADX_GC,4h,0.0,0.0,0.0,0.0,0.0,0.0,0.0,v4,1.4999868171296296,0.0,no_signal
N07_ICHI_CMO@4h,strategy,N07_ICHI_CMO,4h,1.0,1.0,0.0,1.0,0.0,0.0,0.0,v4,1.4999868171296296,0.0,all_rejected_sizing
N14_ICHI_RSI@4h,strategy,N14_ICHI_RSI,4h,0.0,0.0,0.0,0.0,0.0,0.0,0.0,v4,1.4999868171296296,0.0,no_signal
N17_KC_RSI@4h,strategy,N17_KC_RSI,4h,1.0,0.0,1.0,0.0,0.0,0.0,0.0,v4,1.4999868171296296,0.0,open_at_end
N18_VWMA_MACD@4h,strategy,N18_VWMA_MACD,4h,0.0,3.0,0.0,0.0,0.0,0.0,0.0,v4,1.4999868171296296,0.0,no_signal(record-only rows)
N21_ST_RSI_ADX@4h,strategy,N21_ST_RSI_ADX,4h,0.0,0.0,0.0,0.0,0.0,0.0,0.0,v4,1.4999868171296296,0.0,no_signal
N23_HA_ST@4h,strategy,N23_HA_ST,4h,2.0,0.0,0.0,2.0,0.0,0.0,0.0,v4,1.4999868171296296,0.0,all_rejected_sizing
N25_DST_CCI@4h,strategy,N25_DST_CCI,4h,0.0,0.0,0.0,0.0,0.0,0.0,0.0,v4,1.4999868171296296,0.0,no_signal
S1_EMA_RSI_CHOP@4h,strategy,S1_EMA_RSI_CHOP,4h,0.0,0.0,0.0,0.0,0.0,0.0,0.0,v4,1.4999868171296296,0.0,no_signal
S3_CMO_SANDWICH@4h,strategy,S3_CMO_SANDWICH,4h,0.0,0.0,0.0,0.0,0.0,0.0,0.0,v4,1.4999868171296296,0.0,no_signal
S4_BB_BBP@4h,strategy,S4_BB_BBP,4h,6.0,1.0,1.0,1.0,0.0,4.0,0.0,v4,1.4999868171296296,0.0,open_at_end
N05_PSAR_POC@4h,strategy,N05_PSAR_POC,4h,1.0,0.0,0.0,1.0,0.0,0.0,0.0,v4,1.4999868171296296,0.0,all_rejected_sizing
N06_MACD_ORB@4h,strategy,N06_MACD_ORB,4h,0.0,0.0,0.0,0.0,0.0,0.0,0.0,v4,1.4999868171296296,0.0,no_signal
N11_BREAKAWAY@4h,strategy,N11_BREAKAWAY,4h,0.0,0.0,0.0,0.0,0.0,0.0,0.0,v4,1.4999868171296296,0.0,no_signal
N13_3OUTSIDE@4h,strategy,N13_3OUTSIDE,4h,0.0,0.0,0.0,0.0,0.0,0.0,0.0,v4,1.4999868171296296,0.0,no_signal
N15_KC_AO@4h,strategy,N15_KC_AO,4h,0.0,0.0,0.0,0.0,0.0,0.0,0.0,v4,1.4999868171296296,0.0,no_signal
N16_BBRSI@4h,strategy,N16_BBRSI,4h,0.0,0.0,0.0,0.0,0.0,0.0,0.0,v4,1.4999868171296296,0.0,no_signal
N19_FIB_CHOP@4h,strategy,N19_FIB_CHOP,4h,0.0,0.0,0.0,0.0,0.0,0.0,0.0,v4,1.4999868171296296,0.0,no_signal
V45_AMB@4h,strategy,V45_AMB,4h,0.0,0.0,0.0,0.0,0.0,0.0,0.0,v4,1.4999868171296296,0.0,no_signal
DOGE@4h,strategy,DOGE,4h,0.0,0.0,0.0,0.0,0.0,0.0,0.0,v4,1.4999868171296296,0.0,no_signal
RANDOM_3@4h,random,RANDOM_3,4h,0.0,0.0,0.0,0.0,0.0,0.0,0.0,v4,1.4999868171296296,0.0,no_signal
F4_PULL_RSI@30m,ds200,F4_PULL_RSI,30m,0.0,0.0,0.0,0.0,0.0,0.0,0.0,v4,1.4999868171296296,0.0,no_signal
F5_BOX_RSI@30m,ds200,F5_BOX_RSI,30m,0.0,0.0,0.0,0.0,0.0,0.0,0.0,v4,1.4999868171296296,0.0,no_signal
F10_M2022@30m,ds200,F10_M2022,30m,0.0,0.0,0.0,0.0,0.0,0.0,0.0,v4,1.4999868171296296,0.0,no_signal
F4_PULL_RSI@1h,ds200,F4_PULL_RSI,1h,0.0,0.0,0.0,0.0,0.0,0.0,0.0,v4,1.4999868171296296,0.0,no_signal
F5_BOX_RSI@1h,ds200,F5_BOX_RSI,1h,0.0,0.0,0.0,0.0,0.0,0.0,0.0,v4,1.4999868171296296,0.0,no_signal
F8_VWICK@1h,ds200,F8_VWICK,1h,0.0,0.0,0.0,0.0,0.0,0.0,0.0,v4,1.4999868171296296,0.0,no_signal
F10_M2022@1h,ds200,F10_M2022,1h,0.0,0.0,0.0,0.0,0.0,0.0,0.0,v4,1.4999868171296296,0.0,no_signal
F13_FVG_PD@1h,ds200,F13_FVG_PD,1h,0.0,0.0,0.0,0.0,0.0,0.0,0.0,v4,1.4999868171296296,0.0,no_signal
F1_MOM_DIV@4h,ds200,F1_MOM_DIV,4h,0.0,0.0,0.0,0.0,0.0,0.0,0.0,v4,1.4999868171296296,0.0,no_signal
F3_BOS@4h,ds200,F3_BOS,4h,3.0,0.0,1.0,2.0,0.0,0.0,0.0,v4,1.4999868171296296,0.0,open_at_end
F3_BOS_ZONE@4h,ds200,F3_BOS_ZONE,4h,1.0,0.0,0.0,1.0,0.0,0.0,0.0,v4,1.4999868171296296,0.0,all_rejected_sizing
F3_HHHL@4h,ds200,F3_HHHL,4h,3.0,0.0,1.0,2.0,0.0,0.0,0.0,v4,1.4999868171296296,0.0,open_at_end
F4_PULL_RSI@4h,ds200,F4_PULL_RSI,4h,0.0,0.0,0.0,0.0,0.0,0.0,0.0,v4,1.4999868171296296,0.0,no_signal
F5_BOX@4h,ds200,F5_BOX,4h,0.0,0.0,0.0,0.0,0.0,0.0,0.0,v4,1.4999868171296296,0.0,no_signal
F5_BOX_RSI@4h,ds200,F5_BOX_RSI,4h,0.0,0.0,0.0,0.0,0.0,0.0,0.0,v4,1.4999868171296296,0.0,no_signal
F5_BOX_HTF@4h,ds200,F5_BOX_HTF,4h,0.0,0.0,0.0,0.0,0.0,0.0,0.0,v4,1.4999868171296296,0.0,no_signal
F7_RF_ONLY@4h,ds200,F7_RF_ONLY,4h,3.0,0.0,1.0,0.0,0.0,2.0,0.0,v4,1.4999868171296296,0.0,open_at_end
F8_VWICK@4h,ds200,F8_VWICK,4h,0.0,0.0,0.0,0.0,0.0,0.0,0.0,v4,1.4999868171296296,0.0,no_signal
F9_FVG@4h,ds200,F9_FVG,4h,0.0,0.0,0.0,0.0,0.0,0.0,0.0,v4,1.4999868171296296,0.0,no_signal
F9_OB@4h,ds200,F9_OB,4h,1.0,0.0,0.0,1.0,0.0,0.0,0.0,v4,1.4999868171296296,0.0,all_rejected_sizing
F9_BREAKER@4h,ds200,F9_BREAKER,4h,0.0,0.0,0.0,0.0,0.0,0.0,0.0,v4,1.4999868171296296,0.0,no_signal
F10_M2022@4h,ds200,F10_M2022,4h,0.0,0.0,0.0,0.0,0.0,0.0,0.0,v4,1.4999868171296296,0.0,no_signal
F11_TSOUP@4h,ds200,F11_TSOUP,4h,1.0,0.0,0.0,1.0,0.0,0.0,0.0,v4,1.4999868171296296,0.0,all_rejected_sizing
F12_MSS@4h,ds200,F12_MSS,4h,4.0,0.0,1.0,2.0,0.0,1.0,0.0,v4,1.4999868171296296,0.0,open_at_end
F12_MSS_DISP@4h,ds200,F12_MSS_DISP,4h,2.0,0.0,1.0,0.0,0.0,1.0,0.0,v4,1.4999868171296296,0.0,open_at_end
F13_FVG_PD@4h,ds200,F13_FVG_PD,4h,0.0,0.0,0.0,0.0,0.0,0.0,0.0,v4,1.4999868171296296,0.0,no_signal
F14_SMT@4h,ds200,F14_SMT,4h,0.0,0.0,0.0,0.0,0.0,0.0,0.0,v4,1.4999868171296296,0.0,no_signal
F16_FIB382@4h,ds200,F16_FIB382,4h,0.0,0.0,0.0,0.0,0.0,0.0,0.0,v4,1.4999868171296296,0.0,no_signal
F17_Z@4h,ds200,F17_Z,4h,6.0,0.0,1.0,1.0,0.0,4.0,0.0,v4,1.4999868171296296,0.0,open_at_end
F17_Z_HL@4h,ds200,F17_Z_HL,4h,6.0,0.0,1.0,1.0,0.0,4.0,0.0,v4,1.4999868171296296,0.0,open_at_end
