grp,combo,windows,trades_per_window,sumR_median,dd_raw_median,dd_raw_p90,dd_demeaned_median,dd_demeaned_p90,share_windows_pos,dd1_raw_median,dd1_demeaned_median,dd1_demeaned_p90,dd1_demeaned_gt25,sdR
core,ALLINF|FC,708,390.0,-48.600410610684776,0.6707064752003399,0.8480770597758174,0.2946038877729595,0.5117483382085795,0.022598870056497175,0.4199442069873074,0.156057358859568,0.29417834759943245,0.18785310734463276,0.7897120514944356
core,ALL|FC,704,384.0,-52.04671375639737,0.6895593217436181,0.859612818450325,0.3078564450993369,0.5061811262931065,0.02556818181818182,0.4374646864232748,0.16225315366357695,0.2899601642265898,0.1875,0.8136153216679103
core,ALL|LTF,704,380.0,-49.704141974041704,0.6793761791994183,0.8374576904822273,0.29337580937161173,0.5000957122485912,0.024147727272727272,0.4259897120308104,0.15519015272652392,0.2851421134979733,0.18181818181818182,0.800827339062636
core,ALL|SW,707,883.0,-139.50431631836145,0.9466152097575918,0.999969670610732,0.3417620182416995,0.8119242654053656,0.018387553041018388,0.7647327951819523,0.1853704838217869,0.5595658095951642,0.3734087694483734,0.6096214269888122
core,ALL|SWH,706,418.5,-52.86408043589229,0.6882053505070823,0.8283855339566927,0.2689062475391951,0.4460854377280447,0.0226628895184136,0.4361055065406568,0.142702577888485,0.24943285816398797,0.10056657223796034,0.7169891241814721
core,A|FC,702,389.0,-57.49940190091729,0.7159556562971341,0.8990322759825647,0.3122004325679956,0.5356050433120928,0.019943019943019943,0.4602959911512783,0.1672711683621404,0.31056510307983815,0.2336182336182336,0.8459913811335722
core,A|LTF,702,388.5,-55.75134317623451,0.70948474431526,0.884833839469571,0.30512904522458656,0.5317411529780799,0.018518518518518517,0.45391262267346993,0.16222067647598692,0.3057274623747798,0.22507122507122507,0.8344121585669232
core,A|SW,704,789.0,-131.76952872080284,0.9354245754404849,0.9999623872735193,0.3434625604553229,0.8208946541129863,0.017045454545454544,0.7413525730921667,0.1859703124010637,0.5678803182423875,0.3721590909090909,0.6431001219545767
core,A|SWH,703,426.0,-62.1529230473099,0.7421986222676014,0.9052333978143534,0.30167309897626304,0.5233771827743942,0.01991465149359886,0.4870433825067616,0.15871096674104945,0.3018284910693071,0.1891891891891892,0.7714564995150185
core,HI|FC,663,103.0,-8.516784051433206,0.2141265959408991,0.40930701539745984,0.12917780200608708,0.24159444758273702,0.11613876319758673,0.11280119245920794,0.06554828842394911,0.1271472832194324,0.0,0.6798016054191054
core,HI|SWH,663,103.0,-8.662199287728997,0.21569477811450888,0.3952829201665316,0.1305829682874986,0.23915309073775798,0.11613876319758673,0.11285514103337035,0.06672844334613182,0.12531842244460628,0.0,0.662157371732514
core,T15|FC,689,339.0,-57.901465580333024,0.7232470140785572,0.9152643120511643,0.3133757523031383,0.581387164986374,0.02177068214804064,0.4662223587291672,0.16776067182374477,0.3422745549432643,0.24383164005805516,0.8907307642583301
core,T1h|FC,661,102.0,-8.89093510620296,0.22146909346728816,0.4224058057922522,0.13235188874991377,0.2573253128967662,0.12102874432677761,0.11573832702825082,0.06766584081922444,0.13699260307700778,0.0,0.6852247709886377
core,T30|FC,680,194.5,-23.370383490459062,0.4269363422208899,0.692761744185565,0.2097317144080909,0.3874821408604772,0.051470588235294115,0.23815464698115663,0.10830644553343821,0.21246097641237732,0.052941176470588235,0.7682122878253527
core,T4h|FC,382,16.0,-0.5997432786971331,0.043039567520479494,0.10984211423749615,0.04055622595985653,0.09667636635649868,0.39790575916230364,0.02162931779763,0.020383980468280494,0.04906678756019116,0.0,0.5839744657055502
ds,ALLINF|FC,924,452.5,-54.38348342536483,0.7045288737619928,0.8655638916854563,0.3039304566421872,0.54031689723648,0.003246753246753247,0.44879600638245615,0.16147261051223788,0.31327250527168327,0.22077922077922077,0.7830378639726265
ds,ALL|FC,924,460.0,-58.8069286942482,0.7293260611121122,0.8804908281500726,0.31333740609421495,0.5415195839069333,0.005411255411255411,0.472095438847268,0.16688096805412278,0.312166233899232,0.2132034632034632,0.8097095291641747
ds,ALL|LTF,924,441.0,-53.77130843093619,0.6981682107761591,0.8539149805679936,0.2899727390248791,0.5204979900278416,0.008658008658008658,0.44332727989433846,0.1538518290373695,0.2975981598858396,0.2002164502164502,0.7930840872261008
ds,ALL|SW,924,1261.0,-172.13001939400857,0.9717381029192116,0.9997574441251217,0.3520804988091651,0.808763485717483,0.0021645021645021645,0.8286838907592792,0.1898490734036895,0.5577397903397465,0.3917748917748918,0.573238291201843
ds,ALL|SWH,924,497.5,-56.261821954649825,0.7041733051614414,0.8465829056507279,0.2633303693386716,0.47258503764299425,0.007575757575757576,0.45066553734437426,0.138824293918141,0.2677569765060169,0.13528138528138528,0.6572822495233057
ds,A|FC,924,482.5,-67.6456208229065,0.7734348146975999,0.9057033499100337,0.3197547008703897,0.5851042246701382,0.006493506493506494,0.5160923869293483,0.16812551487467348,0.3464762425786308,0.2554112554112554,0.8382658130779731
ds,A|LTF,924,476.0,-63.50125615124125,0.7524244084464151,0.8948041630892661,0.3055265419779825,0.5721935525525607,0.005411255411255411,0.49509493490143014,0.16073902847407823,0.3366137464491261,0.23484848484848486,0.8244663899651612
ds,A|SW,924,1129.5,-166.6201454002832,0.9683225731491835,0.9996589943815443,0.3567904630675896,0.816735359388946,0.003246753246753247,0.817704814530319,0.1933116972594724,0.5624315620263038,0.39285714285714285,0.6044820706618079
ds,A|SWH,924,548.5,-70.5107082628466,0.781652345700915,0.9065294057145421,0.2981620339775059,0.557069151072333,0.005411255411255411,0.5248911422427376,0.15842920762705354,0.3252239810459017,0.22186147186147187,0.737480538691152
ds,HI|FC,921,132.0,-11.588933686420205,0.26474481218808577,0.4358589379323209,0.14383549589946998,0.26615867006631855,0.07600434310532031,0.14058422922657576,0.07359315901236907,0.14087192045357677,0.003257328990228013,0.6673477902027449
ds,HI|SWH,921,133.0,-11.901437916964465,0.2651220733118016,0.4286106997070487,0.14174544427512992,0.2601667641825368,0.06623235613463627,0.14066700213019911,0.07285403965815107,0.1374215075197318,0.0,0.6504182488691198
ds,T15|FC,924,454.0,-68.32501531027447,0.7766830363391588,0.9183439203600376,0.3201393044366407,0.5862551536825273,0.011904761904761904,0.5204248514132923,0.17149380191940194,0.3463630601036264,0.27380952380952384,0.8755349573753926
ds,T1h|FC,921,131.0,-12.461326058954,0.27379826138717067,0.4629504269008867,0.1454893701236044,0.27564562663166703,0.07600434310532031,0.14544076985930898,0.07435456839475008,0.1468715125023653,0.004343105320304018,0.6751801867893105
ds,T30|FC,924,252.0,-28.663370976166334,0.48388437864394995,0.6978033661087035,0.21476428614428783,0.4089638834783083,0.015151515151515152,0.2768207134853169,0.11190536861935507,0.2265979688536888,0.06926406926406926,0.7502015779345312
ds,T4h|FC,559,18.0,-1.2321056686341763,0.05461743558250454,0.13474065825838302,0.0429711726984896,0.10405590908612103,0.3220035778175313,0.027402000793274373,0.02160354205620174,0.05294675431620943,0.0,0.5914708660533032
