scen,pol,trades_pm,liq_pm,liq_rate_t2,mean_N,cost_eq_pt,gross_pt,drift_taken,gross_t2,drift_t2,mean_lr_pt,A_med,A_P500,B_med,B_P500,B_p10,B_p90,C_med,C_P500,full_hist_med_end,fee_yr_pct_eq_simple
S0,tiered,12.374760979068856,0.45668158255086067,0.09306788198608779,6.592176486154883,0.008054983545641175,0.0005028303740316686,4.814341803475836e-05,0.00035475552099524077,2.618902711754927e-05,-0.009985017731504347,248.6948378746221,0.7692708333333333,230.50293745605376,0.7862,57.798336798132325,779.2883556911963,243.80927510136937,0.7724,10.750321525172936,119.53232382649483
S0,rec,11.404535895931142,0.011312842331768387,0.001041124414367517,0.3435163741044536,0.00047779458917244746,0.0005798307889479912,4.7311637223481956e-05,0.0004003082746849191,-1.9606275662914263e-05,-0.00037274207850641314,950.6427865844673,0.0,951.5645343504625,0.0,860.5308681815299,1047.3335298113686,952.4365977052206,0.0,873.5854828143854,6.534355066056937
S0,flat20,12.253892189945226,0.2801417008998435,0.026876513317191285,4.0,0.005068009867755076,0.0005204712052172248,5.959860247857508e-05,0.00039175921413586533,7.392805477070016e-06,-0.004912361736328136,511.6796934557077,0.48510416666666667,493.11333230216377,0.507,197.02652600899236,1132.0046732497,501.70195561100974,0.4978,135.65514856544388,74.47240734627675
S1,tiered,12.391134829812206,0.4465595657276995,0.09180249280920422,6.591105665273173,0.008050520407877244,0.0006151932377661456,0.0005325408303167683,0.0003763125040817734,0.0005371918367641638,-0.00931016615091243,273.706358870199,0.7332291666666667,253.0579717266939,0.7568,65.13784234892154,861.6981824022378,267.06950769449827,0.7382,17.023022214301854,119.62416622856351
S1,rec,11.425970755086071,0.010419723200312987,0.0007798284377436964,0.3435660249132865,0.00047690963538545093,0.0008387750357344393,0.0005452532410981537,0.0006691037778023035,0.0005204825163182722,-0.00028668564279626225,962.5224801033702,0.0,962.9621821166598,0.0,870.2752893040148,1059.450038865134,964.55202988912,0.0,897.9973243855547,6.53451096363866
S1,flat20,12.27294539808294,0.27269904147104845,0.026353965183752416,4.0,0.005062970689306652,0.000655884459326529,0.0005453417780454997,0.0005349712380520725,0.0005225359488351057,-0.004312940673265037,563.39598732486,0.43072916666666666,540.0774477413427,0.4548,216.94617677901923,1226.8764835608997,552.53135249624,0.4384,176.68364695715414,74.5140383737611
S3,tiered,12.389348591549295,0.44179626369327074,0.08674814282290917,6.59186370626682,0.008056579150246702,0.0005987329428103741,0.0005423912435483937,0.00046253961916353266,0.0014745411607268322,-0.009170496696772988,282.04160543011574,0.7329166666666667,257.618591458121,0.754,67.19396767474942,869.1095236603368,267.42974595598844,0.7416,17.946651048534505,119.69693685405258
S3,rec,11.425970755086071,0.010419723200312987,0.0007798284377436964,0.34355480281122097,0.0004765668460584038,0.0008458161209641544,0.000546457282292541,0.0012463903025271043,0.0014375967189432098,-0.0002649430221070446,965.9390386302698,0.0,964.9312596979978,0.0,872.0224515602766,1061.2102780206353,964.1045937042913,0.0,897.2739257599522,6.529814139650196
S3,flat20,12.273243104460093,0.2732944542253521,0.025622431713802272,4.0,0.0050622859360597685,0.0006564886891476169,0.0005552172647454469,0.0008225382309756567,0.0014662838232422626,-0.004311142761715359,560.5219757652803,0.4348958333333333,539.6158636289191,0.4566,216.645503362588,1234.320135885251,534.3898892183547,0.4582,193.4485819998886,74.50576780125196
S4,tiered,12.401554553012518,0.4307811277386541,0.08097747963584093,6.590537004585063,0.008055811973377824,0.0006896694736284408,0.0010456506021477453,0.0005679915078562437,0.0031786487788205663,-0.00841292539077934,324.56804207381913,0.6901041666666666,289.93922485900805,0.7118,76.01849649776392,944.9945882083603,295.5746320696746,0.7058,25.253535715588395,119.80345282851623
S4,rec,11.447405614241001,0.009824310446009388,0.0005198856251624642,0.3435366294079235,0.0004752993287234879,0.0011118654113269498,0.0010586314078607315,0.002125898299900802,0.003159808456445537,-0.00014740296748659253,980.7480124639612,0.0,981.7741554808725,0.0,889.169657395159,1074.925055297332,981.786560013077,0.0,938.0789821883973,6.5246640968775225
S4,flat20,12.287830716940531,0.2688288585680751,0.023924601256645722,4.0,0.005056317383403997,0.000791171322186381,0.0010520779929164958,0.0012689402797027873,0.003172622870367817,-0.003721453076714456,608.0405032260239,0.37854166666666667,587.4668685521863,0.4026,240.68193209437715,1328.6314514114986,592.7868553648924,0.403,227.0046175462179,74.50637470657277
