set,scope,thin,cs_cap,cluster,book_cap,clusters_active,trades,sumR,meanR,sumG,meanG,blocked_meanG,worst_day,worst_30d,maxDD_R,intended,blocked_first,blocked_flat,blocked_share,trades_per_day,book_mean_day,book_sd_day,book_sd_day_gross,worst_day_gross,worst_day_demeaned,diversification_ratio,same_dir_max,same_dir_p99,same_dir_max_R_1p5,same_dir_p50,share_time_same_dir_ge8,share_time_same_dir_ge6,cs_max,share_time_cs_ge3,share_time_cs_ge5,blocked_meanR,share_book_days_le_m12R,share_book_days_le_m20R,share_book_days_le_m30R,share_trader_days_le_m3R,share_trader_days_le_m4R,blocked_share_IS,blocked_share_CF,taken_meanR,dG_book,dG_book_ci_lo,dG_book_ci_hi,dR_book,dR_book_ci_lo,dR_book_ci_hi,dTrades,dR_per_trade_taken
T10,CARD,1,0,off,0,0,117680,-12662,-0.1076,758.06,0.0064417,,-33.153,-383.3,12662,117680,0,0,0,62.397,-6.7138,8.3695,8.1315,-25.377,-26.44,1.3728,10,9,13,5,0.068241,0.38867,8,0.42463,0.024353,,0.25292,0.050901,0.0021209,0.11082,0.04719,0,0,-0.1076,,,,,,,,
T10,CARD,1,3,off,0,0,116760,-12521,-0.10723,803.66,0.006883,0.014033,-33.008,-376.97,12521,119865,4765,3105,0.039753,61.909,-6.6388,8.2005,7.9505,-22.219,-26.369,1.3543,10,9,13,5,0.057404,0.37058,3,0.40085,0,-0.12529,0.24496,0.04825,0.0015907,0.11018,0.04491,0.035745,0.045066,-0.10723,45.602,-116.58,200.48,141.48,-20.235,294.84,-920,0.00036392
T10,CARD,1,2,off,0,0,113399,-12161,-0.10724,813.2,0.0071712,0.0044097,-32.399,-343.93,12161,127048,19878,13649,0.15646,60.127,-6.4481,7.5835,7.325,-20.603,-25.95,1.273,10,8,12.5,5,0.034538,0.31896,2,0,0,-0.13235,0.22534,0.031813,0.00053022,0.10636,0.041622,0.1489,0.1664,-0.10724,55.145,-236.88,361.8,501.04,188.94,810.09,-4281,0.00035637
T10,CARD,1,4,off,0,0,117500,-12577,-0.10704,824.67,0.0070185,-0.039594,-32.112,-375.09,12577,118153,1032,653,0.0087344,62.301,-6.6687,8.294,8.0537,-24.169,-25.444,1.3654,10,9,13,5,0.065303,0.38493,4,0.42154,0,-0.18613,0.25027,0.050371,0.0021209,0.10981,0.046182,0.0076619,0.010163,-0.10704,66.611,2.0449,128.37,85.089,16.398,146.68,-180,0.00055933
T10,CARD,1,0,PROP,0,3,116314,-12785,-0.10992,542.16,0.0046611,0.011184,-33.908,-368.73,12785,120152,6120,3838,0.050935,61.672,-6.779,8.1739,7.9212,-26.467,-27.129,1.3481,10,9,12.5,5,0.057598,0.36719,7,0.36826,0.0094284,-0.10721,0.24708,0.04878,0.0010604,0.11092,0.046023,0.049481,0.052867,-0.10992,-215.9,-387.41,-34.325,-122.9,-299.69,54.321,-1366,-0.0023203
T10,CARD,1,0,D60,0,0,117680,-12662,-0.1076,758.06,0.0064417,,-33.153,-383.3,12662,117680,0,0,0,62.397,-6.7138,8.3695,8.1315,-25.377,-26.44,1.3728,10,9,13,5,0.068241,0.38867,8,0.42463,0.024353,,0.25292,0.050901,0.0021209,0.11082,0.04719,0,0,-0.1076,0,0,0,0,0,0,0,0
T10,CARD,1,0,off,8,0,117292,-12665,-0.10798,695.21,0.0059272,0.0099574,-33.153,-371.72,12665,118498,1221,1206,0.010304,62.191,-6.7155,8.2242,7.975,-25.377,-26.438,1.353,8,8,11.5,5,0.063353,0.38707,8,0.4214,0.022977,-0.16063,0.25239,0.04772,0.0015907,0.11023,0.047031,0.0089858,0.012058,-0.10798,-62.848,-136.55,6.4278,-3.2511,-77.447,66.186,-388,-0.00038365
T10,CARD,1,3,PROP,8,3,115449,-12703,-0.11004,512.09,0.0044356,0.010258,-32.763,-362.51,12703,122090,9841,6641,0.080604,61.214,-6.7357,7.9195,7.6543,-22.251,-26.027,1.3127,8,8,11,5,0.047081,0.35539,3,0.35125,0,-0.11957,0.24602,0.045599,0.0010604,0.11013,0.045652,0.076259,0.086334,-0.11004,-245.97,-467.61,-23.1,-41.262,-262.1,183.77,-2231,-0.0024367
T10,CARD,1,3,D60,8,0,116431,-12487,-0.10724,786.5,0.0067551,0.011009,-31.811,-357.06,12487,120536,5745,4105,0.047662,61.734,-6.6207,8.0496,7.8031,-22.219,-25.19,1.3333,8,8,11,5,0.052919,0.36978,3,0.39818,0,-0.13297,0.24655,0.045069,0.0015907,0.10938,0.044751,0.042564,0.054407,-0.10724,28.443,-149.83,187.87,175.58,-6.2467,334.58,-1249,0.00035376
T10,CARD,1,2,D60,8,0,113276,-12190,-0.10761,765.31,0.0067561,0.0049114,-32.399,-345.35,12190,127307,20226,14031,0.15888,60.062,-6.4634,7.5475,7.2822,-20.603,-25.935,1.2685,8,8,11,5,0.032168,0.31817,2,0,0,-0.13262,0.22322,0.031283,0.00053022,0.1062,0.04141,0.15118,0.16899,-0.10761,7.2506,-295.74,314.88,472.16,160.83,789.44,-4404,-1.506e-05
T10,CARD,1,4,D60,8,0,117134,-12569,-0.1073,774.4,0.0066112,-0.0062579,-32.112,-357.05,12569,118908,2160,1774,0.018165,62.107,-6.6644,8.1514,7.9045,-24.169,-25.448,1.345,8,8,11,5,0.060304,0.38319,4,0.41909,0,-0.16605,0.24761,0.04772,0.0021209,0.10944,0.046235,0.016021,0.021015,-0.1073,16.339,-83.203,110.51,93.173,-10.702,188.38,-546,0.00029389
T10,CARD,1,3,D60,0,0,116760,-12521,-0.10723,803.66,0.006883,0.014033,-33.008,-376.97,12521,119865,4765,3105,0.039753,61.909,-6.6388,8.2005,7.9505,-22.219,-26.369,1.3543,10,9,13,5,0.057404,0.37058,3,0.40085,0,-0.12529,0.24496,0.04825,0.0015907,0.11018,0.04491,0.035745,0.045066,-0.10723,45.602,-116.58,200.48,141.48,-20.235,294.84,-920,0.00036392
T10,CARD,1,3,off,8,0,116431,-12487,-0.10724,786.5,0.0067551,0.011009,-31.811,-357.06,12487,120536,5745,4105,0.047662,61.734,-6.6207,8.0496,7.8031,-22.219,-25.19,1.3333,8,8,11,5,0.052919,0.36978,3,0.39818,0,-0.13297,0.24655,0.045069,0.0015907,0.10938,0.044751,0.042564,0.054407,-0.10724,28.443,-149.83,187.87,175.58,-6.2467,334.58,-1249,0.00035376
T10,CARD,1,4,D60,10,0,117500,-12577,-0.10704,824.67,0.0070185,-0.039594,-32.112,-375.09,12577,118153,1032,653,0.0087344,62.301,-6.6687,8.294,8.0537,-24.169,-25.444,1.3654,10,9,13,5,0.065303,0.38493,4,0.42154,0,-0.18613,0.25027,0.050371,0.0021209,0.10981,0.046182,0.0076619,0.010163,-0.10704,66.611,2.0449,128.37,85.089,16.398,146.68,-180,0.00055933
T10,CARD,1,4,off,10,0,117500,-12577,-0.10704,824.67,0.0070185,-0.039594,-32.112,-375.09,12577,118153,1032,653,0.0087344,62.301,-6.6687,8.294,8.0537,-24.169,-25.444,1.3654,10,9,13,5,0.065303,0.38493,4,0.42154,0,-0.18613,0.25027,0.050371,0.0021209,0.10981,0.046182,0.0076619,0.010163,-0.10704,66.611,2.0449,128.37,85.089,16.398,146.68,-180,0.00055933
T10,CARD,1,0,off,10,0,117680,-12662,-0.1076,758.06,0.0064417,,-33.153,-383.3,12662,117680,0,0,0,62.397,-6.7138,8.3695,8.1315,-25.377,-26.44,1.3728,10,9,13,5,0.068241,0.38867,8,0.42463,0.024353,,0.25292,0.050901,0.0021209,0.11082,0.04719,0,0,-0.1076,0,0,0,0,0,0,0,0
T10,CARD,1,0,off,6,0,113333,-12289,-0.10843,518.79,0.0045775,0.019979,-30.733,-310.36,12289,128053,14981,14720,0.11699,60.092,-6.5157,7.2794,6.9808,-19.069,-24.217,1.2238,6,6,9,5,0,0.33617,6,0.3805,0.012383,-0.13357,0.22322,0.02492,0.00053022,0.10366,0.041941,0.11137,0.12443,-0.10843,-239.27,-492.95,13.383,373.66,125.39,617.05,-4347,-0.00083003
T10,CARD,1,3,REC,8,0,116431,-12487,-0.10724,786.5,0.0067551,0.011009,-31.811,-357.06,12487,120536,5745,4105,0.047662,61.734,-6.6207,8.0496,7.8031,-22.219,-25.19,1.3333,8,8,11,5,0.052919,0.36978,3,0.39818,0,-0.13297,0.24655,0.045069,0.0015907,0.10938,0.044751,0.042564,0.054407,-0.10724,28.443,-149.83,187.87,175.58,-6.2467,334.58,-1249,0.00035376
T10,CARD,1,4,REC,10,0,117500,-12577,-0.10704,824.67,0.0070185,-0.039594,-32.112,-375.09,12577,118153,1032,653,0.0087344,62.301,-6.6687,8.294,8.0537,-24.169,-25.444,1.3654,10,9,13,5,0.065303,0.38493,4,0.42154,0,-0.18613,0.25027,0.050371,0.0021209,0.10981,0.046182,0.0076619,0.010163,-0.10704,66.611,2.0449,128.37,85.089,16.398,146.68,-180,0.00055933
T10,CARD,1,3,REC,10,0,116760,-12521,-0.10723,803.66,0.006883,0.014033,-33.008,-376.97,12521,119865,4765,3105,0.039753,61.909,-6.6388,8.2005,7.9505,-22.219,-26.369,1.3543,10,9,13,5,0.057404,0.37058,3,0.40085,0,-0.12529,0.24496,0.04825,0.0015907,0.11018,0.04491,0.035745,0.045066,-0.10723,45.602,-116.58,200.48,141.48,-20.235,294.84,-920,0.00036392
T10,CARD,1,0,REC,0,0,117680,-12662,-0.1076,758.06,0.0064417,,-33.153,-383.3,12662,117680,0,0,0,62.397,-6.7138,8.3695,8.1315,-25.377,-26.44,1.3728,10,9,13,5,0.068241,0.38867,8,0.42463,0.024353,,0.25292,0.050901,0.0021209,0.11082,0.04719,0,0,-0.1076,0,0,0,0,0,0,0,0
T10,CARD,1,4,REC,0,0,117500,-12577,-0.10704,824.67,0.0070185,-0.039594,-32.112,-375.09,12577,118153,1032,653,0.0087344,62.301,-6.6687,8.294,8.0537,-24.169,-25.444,1.3654,10,9,13,5,0.065303,0.38493,4,0.42154,0,-0.18613,0.25027,0.050371,0.0021209,0.10981,0.046182,0.0076619,0.010163,-0.10704,66.611,2.0449,128.37,85.089,16.398,146.68,-180,0.00055933
T10,CARD,1,3,REC,0,0,116760,-12521,-0.10723,803.66,0.006883,0.014033,-33.008,-376.97,12521,119865,4765,3105,0.039753,61.909,-6.6388,8.2005,7.9505,-22.219,-26.369,1.3543,10,9,13,5,0.057404,0.37058,3,0.40085,0,-0.12529,0.24496,0.04825,0.0015907,0.11018,0.04491,0.035745,0.045066,-0.10723,45.602,-116.58,200.48,141.48,-20.235,294.84,-920,0.00036392
T10,CARD,1,2,REC,8,0,113276,-12190,-0.10761,765.31,0.0067561,0.0049114,-32.399,-345.35,12190,127307,20226,14031,0.15888,60.062,-6.4634,7.5475,7.2822,-20.603,-25.935,1.2685,8,8,11,5,0.032168,0.31817,2,0,0,-0.13262,0.22322,0.031283,0.00053022,0.1062,0.04141,0.15118,0.16899,-0.10761,7.2506,-295.74,314.88,472.16,160.83,789.44,-4404,-1.506e-05
T17,U,1,0,off,0,0,192547,-19746,-0.10255,1399.8,0.00727,,-53.313,-520.68,19746,192547,0,0,0,102.09,-10.47,12.445,12.358,-35.536,-42.843,1.6228,17,14,22,9,0.69914,0.90649,14,0.87208,0.2515,,0.46819,0.20997,0.041357,0.099682,0.041045,0,0,-0.10255,,,,,,,,
T17,U,1,3,off,0,0,185482,-19211,-0.10357,1108,0.0059737,0.010597,-49.527,-488,19211,208193,32833,22711,0.1577,98.347,-10.186,11.248,11.074,-31.058,-39.341,1.5037,16,13,21.5,8,0.64256,0.89401,3,0.84371,0,-0.12285,0.45334,0.17975,0.027041,0.094723,0.036897,0.1508,0.16685,-0.10357,-291.8,-742.76,163.63,535.54,85.932,988.69,-7065,-0.001019
T17,U,1,2,off,0,0,172437,-18365,-0.1065,473.87,0.0027481,0.011171,-37.699,-435.13,18365,240823,90832,68386,0.37717,91.43,-9.7375,9.5852,9.3034,-24.413,-27.962,1.3362,12,11,17.5,8,0.50717,0.85461,2,0,0,-0.12087,0.42365,0.12831,0.009544,0.083744,0.030036,0.36764,0.38967,-0.1065,-925.94,-1586.4,-280.27,1381.5,721.31,2026.5,-20110,-0.0039484
T17,U,1,4,off,0,0,190022,-19435,-0.10228,1388.2,0.0073052,0.0050455,-48.218,-508.22,19435,198462,12501,8440,0.062989,100.75,-10.305,11.942,11.818,-31.773,-37.913,1.5709,17,14,22.5,9,0.67918,0.90305,4,0.86587,0,-0.13051,0.45864,0.19247,0.038706,0.097623,0.03933,0.058425,0.069079,-0.10228,-11.655,-286.03,250.02,311.17,41.907,571.93,-2525,0.00027482
T17,U,1,0,PROP,0,3,184942,-19698,-0.10651,895.64,0.0048428,0.0062801,-42.643,-483.49,19698,211046,38499,26104,0.18242,98.06,-10.444,11.46,11.322,-27.642,-32.198,1.5181,17,14,21.5,8,0.63607,0.8856,9,0.78021,0.088633,-0.10936,0.46925,0.18717,0.034464,0.095752,0.03827,0.17943,0.1864,-0.10651,-504.17,-867.79,-129.16,48.666,-337.71,421.91,-7605,-0.003954
T17,U,1,0,D60,0,2,191551,-19692,-0.1028,1443,0.0075333,0.0020111,-53.839,-499.32,19692,195260,7130,3709,0.036515,101.56,-10.441,12.277,12.186,-35.403,-43.397,1.6051,17,14,22,9,0.69059,0.90322,13,0.85641,0.21933,-0.10129,0.47031,0.20785,0.039236,0.099058,0.04089,0.035765,0.037521,-0.1028,43.2,-143.63,234.44,54.303,-134.9,249.42,-996,-0.00024975
T17,U,1,0,off,8,0,172666,-17788,-0.10302,651.91,0.0037755,0.0093281,-35.353,-440.94,17788,239132,67770,66466,0.2834,91.551,-9.4318,9.0054,8.6978,-23.943,-25.922,1.2641,8,8,12,8,0.59491,0.88812,8,0.82322,0.14349,-0.13216,0.39661,0.11082,0.0053022,0.081966,0.028726,0.27378,0.29606,-0.10302,-747.9,-1353.4,-148.89,1958,1365.5,2553,-19881,-0.00046838
T17,U,1,3,PROP,8,3,167620,-18026,-0.10754,134.57,0.00080282,0.01204,-34.197,-419.22,18026,253369,99081,85749,0.39105,88.876,-9.5577,8.5862,8.2422,-22.435,-24.639,1.2216,8,8,12,8,0.50777,0.86055,3,0.68358,0,-0.12113,0.40297,0.092259,0.0058324,0.080188,0.028944,0.38208,0.40281,-0.10754,-1265.2,-1909.9,-622.92,1720.6,1076.7,2355.2,-24927,-0.0049862
T17,U,1,3,D60,8,2,169534,-17571,-0.10365,591.03,0.0034862,0.01198,-36.413,-452.5,17571,246727,86378,77193,0.3501,89.891,-9.3168,8.6838,8.3624,-23.112,-27.096,1.2258,8,8,12,8,0.54285,0.87448,3,0.77219,0,-0.12527,0.38971,0.10074,0.0031813,0.08022,0.029724,0.34058,0.36257,-0.10365,-808.78,-1456,-184.33,2175,1522,2805.2,-23013,-0.0010918
T17,U,1,2,D60,8,2,163592,-17309,-0.10581,344.33,0.0021048,0.011392,-34.1,-451.88,17309,262815,119140,99223,0.45332,86.74,-9.1776,8.3498,7.9834,-22.144,-24.923,1.1978,8,8,12,7,0.43716,0.84074,2,0,0,-0.12265,0.38865,0.085366,0.0021209,0.077849,0.02754,0.44439,0.46498,-0.10581,-1055.5,-1773,-327.55,2437.5,1705.8,3168.9,-28955,-0.0032517
T17,U,1,4,D60,8,2,171385,-17689,-0.10321,674.06,0.003933,0.012879,-38.722,-432.76,17689,242367,76500,70982,0.31564,90.872,-9.3789,8.7242,8.3805,-25.222,-29.343,1.2272,8,8,12,8,0.57072,0.88227,4,0.79323,0,-0.12502,0.38388,0.10233,0.0031813,0.08153,0.029661,0.30509,0.32944,-0.10321,-725.75,-1374.9,-97.543,2057.9,1407.8,2694.4,-21162,-0.00065568
T17,U,1,3,D60,0,2,185134,-19442,-0.10502,908.83,0.004909,0.010999,-45.994,-487.23,19442,209735,36414,24601,0.17362,98.162,-10.309,11.118,10.902,-30.999,-35.685,1.4836,16,13,21,8,0.63761,0.89109,3,0.8277,0,-0.11894,0.46129,0.18028,0.025981,0.096438,0.037708,0.16621,0.18341,-0.10502,-490.98,-939.29,-45.415,304.45,-147.22,753.52,-7413,-0.0024619
T17,U,1,3,off,8,0,170005,-17536,-0.10315,672.68,0.0039568,0.010621,-38.195,-454.98,17536,245085,82679,75080,0.33735,90.141,-9.2982,8.7541,8.4362,-24.298,-28.897,1.2357,8,8,12,8,0.54745,0.87687,3,0.79392,0,-0.12808,0.3913,0.09544,0.0053022,0.080282,0.028383,0.32697,0.35094,-0.10315,-727.13,-1395.9,-77.251,2210,1529,2861.7,-22542,-0.00059864
T17,U,1,4,D60,10,2,183052,-18863,-0.10305,1043.2,0.0056988,0.017863,-39.65,-473.89,18863,214548,37543,31496,0.17499,97.058,-10.002,10.449,10.218,-26.529,-29.648,1.4086,10,10,15,8,0.65406,0.89618,4,0.83967,0,-0.11938,0.43955,0.15854,0.020679,0.091978,0.037053,0.16759,0.18476,-0.10305,-356.62,-809.23,104.12,883.22,436.3,1323.5,-9495,-0.00049457
T17,U,1,4,off,10,0,183831,-18909,-0.10286,1024.5,0.0055728,0.019504,-40.49,-490.91,18909,212656,32433,28825,0.15251,97.471,-10.026,10.539,10.313,-28.856,-30.464,1.4214,10,10,15,8,0.65938,0.89953,4,0.85646,0,-0.12335,0.43372,0.16543,0.017497,0.092103,0.036461,0.14566,0.16161,-0.10286,-375.35,-808.62,41.19,837.11,394.78,1250.1,-8716,-0.00030873
T17,U,1,0,off,10,0,185079,-18945,-0.10236,1110.2,0.0059985,0.013335,-42.792,-470.04,18945,209670,25045,24591,0.11945,98.133,-10.045,10.771,10.565,-28.662,-32.747,1.4472,10,10,15,8,0.67575,0.90209,10,0.86017,0.20431,-0.13478,0.44857,0.16596,0.021209,0.091978,0.036398,0.11382,0.12694,-0.10236,-289.62,-670.86,95.046,801.24,428.3,1169.8,-7468,0.0001911
T17,U,1,0,off,6,0,147534,-15032,-0.10189,187.09,0.0012681,0.0092925,-32.156,-369.32,15032,310290,165447,162756,0.5332,78.226,-7.9702,7.1452,6.8872,-19.805,-24.185,1.1012,6,6,9,6,0,0.83029,6,0.68877,0.058813,-0.134,0.27943,0.034995,0.0010604,0.061443,0.019587,0.52359,0.54577,-0.10189,-1212.7,-2028.6,-449.48,4714.7,3863.8,5497.1,-45013,0.00066725
T17,U,1,3,REC,8,2,169224,-17640,-0.10424,534.83,0.0031605,0.012748,-37.655,-447.14,17640,248007,88790,78783,0.35801,89.726,-9.3529,8.616,8.285,-24.897,-28.302,1.218,8,8,12,8,0.53461,0.87197,3,0.75691,0,-0.12316,0.38971,0.097561,0.0026511,0.080001,0.029006,0.34842,0.37059,-0.10424,-864.98,-1500.3,-238.87,2106.9,1463.3,2727.7,-23323,-0.0016841
T17,U,1,4,REC,10,2,182073,-18913,-0.10387,919.02,0.0050475,0.019444,-43.328,-480.36,18913,216655,41928,34582,0.19352,96.539,-10.028,10.439,10.182,-28.244,-33.3,1.411,10,10,15,8,0.64624,0.89224,4,0.82502,0,-0.11474,0.45546,0.15429,0.017497,0.09229,0.036055,0.18652,0.20279,-0.10387,-480.79,-941.4,-27.637,833.93,375.88,1278.4,-10474,-0.0013193
T17,U,1,3,REC,10,2,179620,-18704,-0.10413,853.62,0.0047524,0.018929,-40.512,-461.85,18704,222056,54145,42436,0.24383,95.239,-9.9173,10.071,9.8294,-25.234,-30.595,1.3783,10,10,15,8,0.61628,0.88513,3,0.80543,0,-0.11482,0.43266,0.14528,0.012195,0.088859,0.033061,0.23694,0.25296,-0.10413,-546.19,-1068.6,-31.945,1042.4,525.69,1537,-12927,-0.0015773
T17,U,1,0,REC,0,2,189995,-19514,-0.10271,1461.5,0.0076922,0.0080939,-50.115,-498.63,19514,198078,13454,8083,0.067923,100.74,-10.347,12.151,12.047,-32.131,-39.769,1.5952,17,14,21.5,9,0.67944,0.89872,12,0.84298,0.19225,-0.10183,0.47296,0.20095,0.037116,0.097218,0.040079,0.06699,0.069171,-0.10271,61.676,-217.96,317.12,232.84,-48.723,498.18,-2552,-0.00015199
T17,U,1,4,REC,0,2,188103,-19370,-0.10298,1311.7,0.0069734,0.011547,-46.08,-489.25,19370,202423,22212,14320,0.10973,99.736,-10.27,11.767,11.642,-28.326,-35.81,1.5549,17,14,21.5,8,0.66465,0.89583,4,0.83708,0,-0.11165,0.45546,0.19406,0.033404,0.096282,0.039205,0.10559,0.11525,-0.10298,-88.088,-437.94,227.17,376.29,23.527,691.15,-4444,-0.0004224
T17,U,1,3,REC,0,2,184313,-19196,-0.10415,1063.6,0.0057706,0.014301,-46.8,-464.45,19196,211633,40024,27320,0.18912,97.727,-10.178,11.018,10.832,-30.367,-36.621,1.4777,16,13,21.5,8,0.63061,0.88725,3,0.81598,0,-0.11435,0.45016,0.17179,0.02386,0.093849,0.036492,0.18292,0.19734,-0.10415,-336.21,-778.57,104.82,550.21,112.02,995.13,-8234,-0.0015963
T17,U,1,2,REC,8,2,163195,-17184,-0.1053,449.89,0.0027567,0.012282,-34.505,-422.76,17184,263993,121057,100798,0.45856,86.53,-9.1112,8.2914,7.9297,-22.663,-25.394,1.1956,8,8,12,7,0.43253,0.83768,2,0,0,-0.12152,0.37699,0.079533,0.0021209,0.075822,0.027634,0.44932,0.47061,-0.1053,-949.92,-1663.5,-218.74,2562.7,1858,3245.3,-29352,-0.0027417
T17,CARD,0.5,0,off,0,0,153334,-17480,-0.114,1178.2,0.0076837,,-47.368,-523.73,17483,153334,0,0,0,81.301,-9.2685,11.403,11.013,-29.345,-38.1,1.5887,16,13,20,7,0.40221,0.7132,10,0.67132,0.11474,,0.40403,0.16596,0.025981,0.080999,0.031439,0,0,-0.114,,,,,,,,
T17,CARD,0.5,3,off,0,0,148718,-16925,-0.1138,964.9,0.0064881,0.019307,-44.162,-471.54,16925,160452,14324,11734,0.089273,78.854,-8.9738,10.414,9.9873,-26.757,-35.188,1.4852,16,12,18.5,7,0.34544,0.68895,3,0.6405,0,-0.14139,0.386,0.12937,0.014316,0.077319,0.028632,0.085439,0.094318,-0.1138,-213.27,-515.05,91.245,555.72,262.33,858.14,-4616,0.00019828
T17,CARD,0.5,2,off,0,0,138039,-15514,-0.11239,842.4,0.0061026,0.011229,-37.428,-413.6,15514,176273,45322,38234,0.25711,73.191,-8.2259,9.104,8.7122,-22.777,-29.202,1.3584,12,10,15.5,6,0.22942,0.61265,2,0,0,-0.14031,0.34464,0.086426,0.004772,0.065779,0.022145,0.25074,0.26546,-0.11239,-335.77,-789.76,137.54,1966.3,1497.3,2429.7,-15295,0.0016127
T17,CARD,0.5,4,off,0,0,151983,-17386,-0.11439,1011.5,0.0066551,0.026859,-46.836,-486.19,17386,155773,4585,3790,0.029434,80.585,-9.2184,11.042,10.619,-28.366,-37.617,1.5491,16,12,18.5,7,0.38277,0.7067,4,0.66418,0,-0.14805,0.40456,0.15376,0.020679,0.080064,0.030597,0.027417,0.032096,-0.11439,-166.72,-337.87,7.8008,94.559,-73.982,267.46,-1351,-0.00039122
T17,CARD,0.5,0,PROP,0,3,145922,-16848,-0.11546,900.59,0.0061717,0.017406,-53.94,-472.77,16848,165064,23834,19142,0.14439,77.371,-8.9333,10.47,10.034,-30.377,-45.007,1.5001,16,12,18,6,0.32891,0.66066,8,0.54001,0.029335,-0.11581,0.37911,0.1315,0.016967,0.074169,0.028476,0.14293,0.14631,-0.11546,-277.58,-592.26,12.617,632.19,314.73,924.63,-7412,-0.0014582
T17,CARD,0.5,0,D60,0,2,152366,-17335,-0.11377,1216.5,0.0079838,0.011269,-47.368,-497.51,17338,155540,4544,3174,0.029214,80.788,-9.1916,11.297,10.923,-30.326,-38.177,1.5786,16,13,19,7,0.39058,0.70491,10,0.64984,0.091809,-0.10617,0.39979,0.16278,0.02492,0.079939,0.030815,0.029302,0.029098,-0.11377,38.28,-104.35,170.38,144.99,-1.5896,282.96,-968,0.00022731
T17,CARD,0.5,0,off,8,0,143537,-16056,-0.11186,1012.4,0.0070531,0.013477,-36.387,-434.02,16056,167536,24219,23999,0.14456,76.107,-8.5132,9.474,9.0287,-23.008,-27.874,1.3853,8,8,12,7,0.32328,0.69132,8,0.62407,0.063883,-0.14995,0.35472,0.10021,0.0074231,0.071798,0.025419,0.14124,0.14893,-0.11186,-165.79,-530.18,190.38,1424.4,1052.5,1769.5,-9797,0.0021427
T17,CARD,0.5,3,PROP,8,3,137829,-15735,-0.11416,657.42,0.0047698,0.018807,-43.558,-430.17,15735,176515,43611,38686,0.24707,73.08,-8.3428,8.9341,8.4547,-24.058,-35.215,1.345,8,8,12,6,0.24737,0.63401,3,0.47558,0,-0.1301,0.34199,0.082715,0.0042418,0.06606,0.023642,0.2427,0.2528,-0.11416,-520.76,-994.78,-58.72,1745.8,1271.8,2196.6,-15505,-0.00015828
T17,CARD,0.5,3,D60,8,2,141052,-15826,-0.1122,892.25,0.0063257,0.01661,-43.153,-422.34,15826,171935,33711,30883,0.19607,74.789,-8.3914,9.0916,8.6448,-23.889,-34.762,1.3467,8,8,12,6,0.27859,0.6659,3,0.57484,0,-0.14017,0.34464,0.087487,0.0074231,0.06896,0.024297,0.19112,0.20257,-0.1122,-285.92,-729.29,150.95,1654.3,1211.6,2091.9,-12282,0.0018017
T17,CARD,0.5,2,D60,8,2,134307,-15149,-0.1128,665.42,0.0049545,0.013651,-37.428,-402.42,15149,181500,53937,47193,0.29717,71.213,-8.0325,8.5787,8.181,-22.777,-29.396,1.3042,8,8,12,6,0.19373,0.59979,2,0,0,-0.1381,0.32768,0.068929,0.0021209,0.062847,0.021271,0.29044,0.306,-0.1128,-512.76,-1017.1,17.119,2331.2,1808.7,2868.9,-19027,0.0012066
T17,CARD,0.5,4,D60,8,2,142549,-15880,-0.1114,1059.4,0.0074322,0.019859,-37.688,-423.57,15880,169677,28803,27128,0.16975,75.583,-8.4197,9.3486,8.9096,-24.119,-29.268,1.3746,8,8,12,7,0.30294,0.68026,4,0.59655,0,-0.13831,0.3526,0.096501,0.0068929,0.070114,0.023922,0.16509,0.17588,-0.1114,-118.73,-516.84,267.06,1600.9,1193,1988.2,-10785,0.0026052
T17,CARD,0.5,3,D60,0,2,148141,-16898,-0.11406,944.89,0.0063783,0.023668,-41.096,-476.61,16898,161874,17107,13733,0.10568,78.548,-8.9595,10.424,10.021,-28.014,-32.136,1.4871,16,12,18,7,0.34051,0.68415,3,0.62047,0,-0.1287,0.38441,0.13256,0.014846,0.076664,0.028538,0.10226,0.11018,-0.11406,-233.28,-547.16,86.526,582.69,252.29,906.8,-5193,-6.2926e-05
T17,CARD,0.5,3,off,8,0,141419,-15836,-0.11198,910.13,0.0064357,0.015172,-47.655,-446.32,15836,170823,31506,29404,0.18444,74.984,-8.3965,9.1661,8.6972,-23.179,-39.258,1.3546,8,8,12,6,0.28353,0.67098,3,0.59848,0,-0.14537,0.34836,0.090668,0.0068929,0.070208,0.024453,0.17888,0.19172,-0.11198,-268.05,-708.83,168.18,1644.6,1209.7,2064.3,-11915,0.0020242
T17,CARD,0.5,4,D60,10,2,148960,-16906,-0.11349,1014.2,0.0068087,0.017974,-42.011,-446.05,16906,160431,13295,11471,0.082871,78.982,-8.9639,10.417,10.007,-28.139,-33.047,1.4851,10,10,14.5,7,0.36566,0.69702,4,0.63739,0,-0.13926,0.38918,0.1368,0.012195,0.075791,0.028289,0.079993,0.086667,-0.11349,-163.95,-435.15,97.58,574.42,291.15,849.64,-4374,0.0005087
T17,CARD,0.5,4,off,10,0,149592,-16985,-0.11354,986.6,0.0065953,0.018554,-42.011,-463.07,16985,158746,9870,9154,0.062175,79.317,-9.0058,10.491,10.077,-27.158,-33.005,1.4917,10,10,14.5,7,0.37227,0.70379,4,0.65778,0,-0.15584,0.39343,0.13786,0.014846,0.077163,0.028819,0.058922,0.066459,-0.11354,-191.58,-437.02,58.433,495.55,247.89,741.53,-3742,0.00046092
T17,CARD,0.5,0,off,10,0,150518,-17048,-0.11326,1097.5,0.0072917,0.0035928,-51.656,-492,17050,157253,6793,6735,0.043198,79.808,-9.0392,10.743,10.316,-28.136,-42.617,1.5183,10,10,14.5,7,0.38902,0.70964,9,0.66377,0.095416,-0.17201,0.39555,0.14581,0.018028,0.077537,0.029568,0.041586,0.045326,-0.11326,-80.642,-269.25,109.71,432.44,244.24,612.65,-2816,0.00074015
T17,CARD,0.5,0,off,6,0,127464,-14090,-0.11054,613.94,0.0048165,0.015113,-38.352,-372.43,14090,192243,65351,64779,0.33994,67.584,-7.4709,7.5604,7.1765,-19.473,-30.881,1.1898,6,6,9,6,0,0.60606,6,0.5027,0.025562,-0.14273,0.27094,0.034995,0.0015907,0.057763,0.018433,0.33495,0.3465,-0.11054,-564.24,-1185.4,52.458,3390.3,2765.1,3986.5,-25870,0.0034602
T17,CARD,0.5,3,REC,8,2,140367,-15726,-0.11203,919.9,0.0065535,0.014248,-45.967,-431.63,15726,172712,35589,32345,0.20606,74.426,-8.3383,9.0855,8.6097,-23.653,-37.629,1.3477,8,8,12,6,0.27262,0.65957,3,0.55905,0,-0.14194,0.33192,0.088547,0.0053022,0.069459,0.024172,0.20064,0.21317,-0.11203,-258.28,-706.54,181.34,1754.4,1304.7,2183.7,-12967,0.0019673
T17,CARD,0.5,4,REC,10,2,148006,-16813,-0.1136,1010.7,0.0068285,0.017119,-42.725,-469.89,16813,161774,16113,13768,0.099602,78.476,-8.9147,10.411,9.9888,-28.139,-33.81,1.4872,10,10,14.5,7,0.35746,0.6897,4,0.61987,0,-0.13594,0.386,0.13839,0.013256,0.075167,0.028133,0.096703,0.10343,-0.1136,-167.52,-442.24,89.814,667.3,384.08,927.48,-5328,0.00040467
T17,CARD,0.5,3,REC,10,2,145773,-16653,-0.11424,830.73,0.0056988,0.022226,-38.747,-453.28,16653,164811,22687,19038,0.13765,77.292,-8.8299,10.055,9.654,-28.014,-29.917,1.4504,10,10,14,7,0.32671,0.67562,3,0.5976,0,-0.13129,0.37275,0.11983,0.011665,0.07445,0.027197,0.13385,0.14266,-0.11424,-347.45,-671.43,-7.8297,827.21,492,1161.2,-7561,-0.00023845
T17,CARD,0.5,0,REC,0,2,151098,-17159,-0.11356,1235.6,0.0081772,0.010939,-49.308,-511.65,17161,157241,8126,6143,0.051679,80.116,-9.098,11.191,10.815,-30.326,-40.21,1.5711,16,13,19,7,0.37959,0.69645,9,0.63224,0.079117,-0.11786,0.39714,0.15695,0.020148,0.078754,0.030347,0.051411,0.052034,-0.11356,57.376,-128.91,228.61,321.47,135.92,497.38,-2236,0.00044055
T17,CARD,0.5,4,REC,0,2,150175,-17110,-0.11393,1093.1,0.0072791,0.020732,-46.845,-482.97,17110,159002,11288,8827,0.070993,79.626,-9.072,10.886,10.496,-29.348,-37.773,1.5379,16,12,18.5,7,0.36698,0.6918,4,0.62584,0,-0.12345,0.3929,0.15111,0.017497,0.078067,0.029349,0.069215,0.073342,-0.11393,-85.036,-313.27,134.55,370.52,132.38,603.16,-3159,6.9154e-05
T17,CARD,0.5,3,REC,0,2,147252,-16818,-0.11421,920.97,0.0062544,0.022815,-44.246,-478.68,16818,163036,19577,15784,0.12008,78.076,-8.9172,10.311,9.9142,-28.014,-35.328,1.4773,16,12,18,7,0.33351,0.67716,3,0.60317,0,-0.12757,0.37169,0.12831,0.014316,0.075416,0.028195,0.11671,0.12451,-0.11421,-257.2,-565.84,61.516,662.6,345.97,1000.1,-6082,-0.00020887
T17,CARD,0.5,2,REC,8,2,133831,-15075,-0.11265,688.63,0.0051455,0.012487,-36.698,-395.31,15075,182116,55201,48285,0.30311,70.96,-7.9933,8.579,8.1839,-21.602,-28.705,1.304,8,8,12,6,0.1903,0.59499,2,0,0,-0.1389,0.32078,0.067338,0.0031813,0.062722,0.021022,0.29619,0.31216,-0.11265,-489.55,-994.22,15.318,2405,1885.9,2896.3,-19503,0.001357
T23,CARD,1,0,off,0,0,249896,-27003,-0.10806,1755.3,0.007024,,-61.9,-735.69,27003,249896,0,0,0,132.5,-14.318,16.005,15.506,-41.908,-47.582,1.7947,22,18,26.5,11,0.85277,0.94827,15,0.92985,0.45271,,0.58324,0.36426,0.14846,0.099843,0.041611,0,0,-0.10806,,,,,,,,
T23,CARD,1,3,off,0,0,231724,-25459,-0.10987,1018.9,0.0043971,0.012032,-59.991,-666.48,25459,283213,69320,51489,0.24476,122.87,-13.499,13.371,12.782,-35.498,-46.492,1.5736,18,15,23.5,10,0.80878,0.93889,3,0.91333,0,-0.12812,0.57211,0.3176,0.09438,0.089585,0.035041,0.23415,0.25858,-0.10987,-736.34,-1392.3,-109.19,1544.4,855.85,2161.4,-18172,-0.001809
T23,CARD,1,2,off,0,0,205219,-22433,-0.10931,649.52,0.003165,0.012015,-45.725,-567.28,22433,340201,166155,134982,0.4884,108.81,-11.894,10.724,10.09,-26.906,-33.831,1.3466,12,12,17.5,9,0.69661,0.91167,2,0,0,-0.1284,0.50583,0.21474,0.035525,0.073885,0.026419,0.47873,0.5009,-0.10931,-1105.7,-1967.8,-252.07,4570.6,3668.6,5416.8,-44677,-0.0012527
T23,CARD,1,4,off,0,0,241736,-26315,-0.10886,1398.1,0.0057838,0.021552,-65.384,-755.12,26315,264068,31225,22332,0.11825,128.17,-13.953,14.616,14.058,-38.784,-51.432,1.6781,21,17,25,10,0.83647,0.94521,4,0.92488,0,-0.12051,0.57476,0.33987,0.12248,0.095002,0.0376,0.11054,0.12835,-0.10886,-357.11,-834.51,84.718,688.4,187.99,1136.9,-8160,-0.00079984
T23,CARD,1,0,PROP,0,3,232392,-25848,-0.11123,1014.5,0.0043655,0.012004,-56.68,-683.7,25848,285932,70523,53540,0.24664,123.22,-13.705,13.988,13.388,-35.355,-42.975,1.6302,20,16,25,10,0.80442,0.934,10,0.87152,0.20057,-0.11801,0.56681,0.3176,0.11082,0.091682,0.036217,0.24442,0.24958,-0.11123,-740.75,-1212.5,-305.16,1155,678.88,1601.4,-17504,-0.0031688
T23,CARD,1,0,D60,0,3,246338,-26710,-0.10843,1743,0.0070758,0.01081,-60.625,-739.21,26710,256612,15444,10274,0.060184,130.61,-14.162,15.622,15.123,-37.562,-46.462,1.7632,22,18,26,11,0.84298,0.94584,13,0.92004,0.3904,-0.11001,0.57635,0.35684,0.13733,0.098506,0.040366,0.058898,0.061886,-0.10843,-12.214,-271.8,226.71,293.12,17.55,545.79,-3558,-0.00037082
T23,CARD,1,0,off,8,0,199182,-20782,-0.10434,726.9,0.0036494,0.012992,-43.876,-512.35,20782,359741,163003,160559,0.45311,105.61,-11.019,9.5085,9.1092,-28.303,-32.857,1.2374,8,8,12,8,0.7561,0.92824,8,0.87326,0.20349,-0.1388,0.46394,0.16013,0.018028,0.065402,0.021647,0.44521,0.46343,-0.10434,-1028.4,-1931,-125.54,6221.3,5255.9,7125.8,-50714,0.0037215
T23,CARD,1,3,PROP,8,3,190522,-20421,-0.10718,435.07,0.0022836,0.010644,-41.004,-521.39,20421,377414,203884,186892,0.54021,101.02,-10.827,8.8538,8.3348,-22.254,-30.176,1.1712,8,8,12,8,0.67573,0.90928,3,0.75832,0,-0.13464,0.46076,0.13256,0.011135,0.063143,0.021163,0.53268,0.54998,-0.10718,-1320.2,-2228.7,-426.76,6582.5,5576.1,7476.9,-59374,0.00087502
T23,CARD,1,3,D60,8,3,194033,-20637,-0.10636,481.02,0.002479,0.011886,-39.246,-523.67,20637,369160,187223,175127,0.50716,102.88,-10.942,8.9725,8.477,-25.35,-28.304,1.1826,8,8,12,8,0.70622,0.91904,3,0.83401,0,-0.13561,0.45917,0.14634,0.0090138,0.064042,0.021255,0.49863,0.51823,-0.10636,-1274.2,-2197.9,-324.39,6366.1,5388.4,7339,-55863,0.0016992
T23,CARD,1,2,D60,8,3,185430,-19981,-0.10776,380.06,0.0020496,0.013645,-33.047,-515.92,19981,386091,225308,200661,0.58356,98.319,-10.594,8.5669,8.0414,-18.84,-22.452,1.1487,8,8,12,8,0.60938,0.89729,2,0,0,-0.12984,0.44221,0.12195,0.0074231,0.060192,0.020425,0.57653,0.59268,-0.10776,-1375.2,-2297.8,-436.7,7022.2,6021.3,7944.9,-64466,0.00030267
T23,CARD,1,4,D60,8,3,196585,-20696,-0.10528,612.84,0.0031174,0.013927,-39.855,-488.13,20696,364513,175431,167928,0.48128,104.23,-10.974,9.1674,8.7602,-22.787,-28.881,1.2024,8,8,12,8,0.73175,0.92353,4,0.85184,0,-0.13548,0.46925,0.14952,0.015376,0.063926,0.020817,0.47266,0.4925,-0.10528,-1142.4,-2032.3,-234.16,6306.9,5371.4,7234.5,-53311,0.0027788
T23,CARD,1,3,D60,0,3,230386,-25364,-0.11009,976.59,0.0042389,0.010681,-54.013,-662.93,25365,285970,74925,55584,0.262,122.16,-13.448,13.211,12.636,-31.552,-40.564,1.5622,18,15,24,10,0.80375,0.93683,3,0.90353,0,-0.12772,0.5684,0.31283,0.091198,0.088455,0.034211,0.25254,0.27434,-0.11009,-778.67,-1445.5,-135.27,1639.4,954.5,2284.6,-19510,-0.0020348
T23,CARD,1,3,off,8,0,194471,-20640,-0.10614,487,0.0025042,0.014431,-41.627,-478.48,20640,366914,183222,172443,0.49936,103.11,-10.944,8.9716,8.4806,-25.882,-30.683,1.1791,8,8,12,8,0.71304,0.92088,3,0.85137,0,-0.1337,0.46607,0.14581,0.011665,0.063304,0.021163,0.48989,0.51165,-0.10614,-1268.3,-2177,-369.32,6362.9,5391.9,7275.1,-55425,0.0019223
T23,CARD,1,4,D60,10,3,219307,-23574,-0.1075,877.26,0.0040001,0.015628,-46.029,-623.14,23574,310686,100197,91379,0.3225,116.28,-12.5,11.198,10.624,-27.901,-33.53,1.3673,10,10,15,10,0.80255,0.93688,4,0.90069,0,-0.13207,0.53606,0.2492,0.046129,0.078934,0.029185,0.31309,0.33475,-0.1075,-878,-1684,-107.07,3428.8,2584,4199.9,-30589,0.00056262
T23,CARD,1,4,off,10,0,220711,-23750,-0.10761,821.6,0.0037225,0.020264,-48.709,-651.43,23750,307344,93062,86633,0.30279,117.03,-12.593,11.326,10.762,-26.972,-36.116,1.383,10,10,15,10,0.80908,0.93873,4,0.91099,0,-0.12983,0.53871,0.25133,0.04719,0.079049,0.028932,0.29216,0.31662,-0.10761,-933.66,-1696.6,-181.71,3252.7,2475.8,3977.4,-29185,0.00044888
T23,CARD,1,0,off,10,0,223941,-23908,-0.10676,985.93,0.0044026,0.014412,-47.986,-634.24,23908,302259,79599,78318,0.26335,118.74,-12.676,11.729,11.177,-32.085,-35.31,1.4166,10,10,15,10,0.82247,0.9406,10,0.91619,0.31267,-0.13924,0.54189,0.26193,0.060976,0.081562,0.029854,0.25463,0.27472,-0.10676,-769.33,-1490.1,-64.371,3095.6,2321.8,3802.1,-25955,0.0012992
T23,CARD,1,0,off,6,0,162733,-16640,-0.10226,255.54,0.0015703,0.012022,-33.934,-379.11,16640,455728,296502,292995,0.65061,86.285,-8.8232,7.3865,7.0614,-22.323,-25.111,1.0904,6,6,9,6,0,0.88862,6,0.73102,0.079128,-0.13578,0.31866,0.058324,0.0021209,0.044078,0.012795,0.64412,0.65908,-0.10226,-1499.7,-2543.2,-519.68,10363,9244.2,11369,-87163,0.0058013
T23,CARD,1,3,REC,8,2,193545,-20647,-0.10668,407.09,0.0021033,0.014033,-37.968,-529.26,20647,370199,189019,176654,0.51059,102.62,-10.948,8.8675,8.356,-23.66,-27.021,1.1693,8,8,12,8,0.70401,0.91819,3,0.82635,0,-0.13339,0.46341,0.14422,0.011665,0.063419,0.020955,0.502,0.52173,-0.10668,-1348.2,-2253.7,-419.48,6356.1,5378.6,7291.4,-56351,0.0013795
T23,CARD,1,4,REC,10,2,218494,-23461,-0.10738,917.36,0.0041986,0.017957,-46.688,-622.88,23461,312406,103286,93912,0.33061,115.85,-12.44,11.014,10.462,-25.12,-34.249,1.3519,10,10,15,9,0.79925,0.93593,4,0.89641,0,-0.12932,0.53287,0.23754,0.04719,0.078473,0.029139,0.32151,0.34245,-0.10738,-837.9,-1640.3,-40.209,3542.1,2724.9,4344.9,-31402,0.00068122
T23,CARD,1,3,REC,10,2,214311,-23293,-0.10869,675.9,0.0031538,0.01675,-50.337,-641.85,23293,320170,121529,105859,0.37958,113.63,-12.351,10.757,10.179,-29.594,-37.987,1.3361,10,10,15,9,0.77783,0.93142,3,0.88429,0,-0.12819,0.52492,0.24284,0.037646,0.077113,0.027802,0.3699,0.39215,-0.10869,-1079.4,-1917.1,-291.09,3709.9,2852.8,4467.4,-35585,-0.00063148
T23,CARD,1,0,REC,0,2,244425,-26521,-0.1085,1668.1,0.0068246,0.016286,-57.594,-738.71,26521,260051,21807,15626,0.083857,129.6,-14.062,15.304,14.833,-38.968,-43.532,1.7379,22,17,26,10,0.83858,0.94448,13,0.91634,0.36761,-0.11203,0.57158,0.35154,0.13468,0.096293,0.039075,0.082599,0.085519,-0.1085,-87.156,-386.93,208.73,482.58,168.05,785.53,-5471,-0.00044431
T23,CARD,1,4,REC,0,2,238835,-26126,-0.10939,1324.2,0.0055445,0.018145,-62.828,-736.02,26126,270829,44243,31994,0.16336,126.64,-13.852,14.428,13.858,-36.913,-48.976,1.6682,20,16,25,10,0.82598,0.94218,4,0.91186,0,-0.11942,0.57317,0.33828,0.12248,0.093596,0.037531,0.15666,0.17214,-0.10939,-431.05,-958.93,49.224,877.6,335.59,1354.9,-11061,-0.0013299
T23,CARD,1,3,REC,0,2,229463,-25181,-0.10974,1056.3,0.0046033,0.012185,-59.522,-691.52,25182,288487,78493,59024,0.27209,121.67,-13.351,13.147,12.545,-35.213,-46.171,1.5587,18,15,23.5,10,0.79935,0.93571,3,0.8995,0,-0.12688,0.56204,0.30859,0.091729,0.087625,0.033888,0.26253,0.28455,-0.10974,-698.96,-1373.7,-49.592,1822.7,1123.4,2502.2,-20433,-0.0016791
T23,CARD,1,2,REC,8,2,185323,-19859,-0.10716,451.01,0.0024337,0.012249,-36.158,-525.05,19859,386157,225604,200834,0.58423,98.262,-10.529,8.5304,8.028,-21.143,-25.629,1.1449,8,8,12,8,0.60665,0.89665,2,0,0,-0.13128,0.44168,0.11824,0.0068929,0.0601,0.020448,0.57751,0.59295,-0.10716,-1304.2,-2238.8,-362.7,7144.7,6134.4,8073.1,-64573,0.00090149
T17S,CARD,0.5,0,off,0,0,148057,-16726,-0.11297,1261.9,0.0085228,,-45.734,-472.71,16726,148057,0,0,0,78.503,-8.8685,10.538,10.186,-31.737,-36.866,1.5071,16,12,18.5,7,0.34772,0.68076,9,0.62854,0.092351,,0.38759,0.13574,0.019618,0.075947,0.026948,0,0,-0.11297,,,,,,,,
T17S,CARD,0.5,3,off,0,0,144256,-15906,-0.11027,1408.2,0.0097618,0.0026436,-40.906,-433.09,15906,153975,11804,9719,0.076662,76.488,-8.434,9.7538,9.4257,-26.218,-32.472,1.4285,15,11,18,6,0.29602,0.65317,3,0.59645,0,-0.16193,0.35578,0.11135,0.009544,0.06949,0.024141,0.072393,0.082226,-0.11027,146.34,-141.18,410.01,819.43,527.72,1086.3,-3801,0.0027038
T17S,CARD,0.5,2,off,0,0,134695,-15029,-0.11158,906.65,0.0067311,0.014931,-31.711,-398.88,15029,167125,38538,32430,0.23059,71.418,-7.9688,8.5057,8.18,-21.398,-23.742,1.2963,12,10,16,6,0.18497,0.57348,2,0,0,-0.13908,0.31336,0.07158,0.0026511,0.062566,0.020336,0.22371,0.23953,-0.11158,-355.21,-781.08,57.284,1696.7,1254.7,2120.2,-13362,0.0013899
T17S,CARD,0.5,4,off,0,0,147032,-16513,-0.11231,1256.1,0.0085431,0.0018987,-42.839,-449.23,16513,149982,3526,2950,0.023509,77.96,-8.7558,10.211,9.8476,-29.07,-34.083,1.4712,16,12,18,7,0.33047,0.6747,4,0.62141,0,-0.17548,0.38229,0.12566,0.013256,0.07395,0.026761,0.021444,0.026212,-0.11231,-5.7426,-173.22,137.74,212.52,48.31,363.29,-1025,0.00065785
T17S,CARD,0.5,0,PROP,0,3,143454,-16187,-0.11284,1259.2,0.0087777,0.01845,-44.188,-447.07,16187,154550,14006,11096,0.090624,76.063,-8.5827,9.9312,9.5649,-30.152,-35.606,1.4491,15,12,18,6,0.29845,0.64493,8,0.54242,0.039144,-0.11303,0.36267,0.11612,0.011135,0.072173,0.024515,0.088134,0.093885,-0.11284,-2.6584,-256.99,229.31,539,278.43,775.94,-4603,0.00013247
T17S,CARD,0.5,0,D60,0,1,147593,-16667,-0.11293,1282.5,0.0086894,-0.019551,-45.734,-472.62,16667,148788,1538,1195,0.010337,78.257,-8.8374,10.507,10.161,-31.737,-36.897,1.504,16,12,19,7,0.34038,0.67604,9,0.61792,0.083326,-0.12406,0.38918,0.13256,0.018558,0.075697,0.026885,0.010075,0.010681,-0.11293,20.631,-45.051,83.878,58.613,-9.2797,122.24,-464,4.1974e-05
T17S,CARD,0.5,0,off,8,0,140695,-15642,-0.11118,1107.9,0.0078745,0.015405,-37.826,-407.2,15642,158131,17583,17436,0.11119,74.6,-8.2939,9.1352,8.8132,-27.019,-29.532,1.3534,8,8,11.5,6,0.28012,0.65916,8,0.59093,0.058288,-0.15203,0.34889,0.089077,0.0090138,0.06659,0.023455,0.10746,0.11608,-0.11118,-153.95,-461.69,176.93,1083.7,769.65,1400.6,-7362,0.0017912
T17S,CARD,0.5,3,PROP,8,3,136443,-15240,-0.11169,998.12,0.0073153,0.015583,-35.724,-439.42,15240,164556,31633,28113,0.19223,72.345,-8.0804,8.6337,8.2495,-26.63,-27.643,1.3097,8,8,11.5,6,0.22029,0.61392,3,0.48287,0,-0.13626,0.31813,0.074231,0.004772,0.064188,0.02149,0.1873,0.19864,-0.11169,-263.74,-653.43,113.62,1486.3,1093.9,1854.1,-11614,0.0012771
T17S,CARD,0.5,3,D60,8,1,138705,-15432,-0.11126,1007.1,0.0072605,0.012643,-35.849,-421.4,15432,161440,24621,22735,0.15251,73.545,-8.1826,8.7961,8.46,-26.45,-27.666,1.3218,8,8,11.5,6,0.24174,0.6366,3,0.55506,0,-0.14934,0.33457,0.077413,0.0053022,0.064469,0.022768,0.14718,0.15945,-0.11126,-254.79,-637.84,114.35,1293.6,896.86,1674.6,-9352,0.0017095
T17S,CARD,0.5,2,D60,8,1,132212,-14815,-0.11206,756.48,0.0057217,0.018155,-32.729,-397.61,14815,170381,43820,38169,0.25719,70.102,-7.8553,8.1209,7.7879,-21.144,-24.874,1.251,8,8,11.5,6,0.15813,0.56452,2,0,0,-0.13621,0.3017,0.056734,0.0026511,0.060071,0.019338,0.25039,0.266,-0.11206,-505.38,-953.89,-46.685,1910.9,1446.6,2384.2,-15845,0.00091445
T17S,CARD,0.5,4,D60,8,1,140127,-15614,-0.11143,1051.8,0.0075063,0.01294,-37.826,-415.34,15614,159220,19855,19093,0.1247,74.299,-8.279,8.9847,8.6471,-27.023,-29.547,1.3369,8,8,11.5,6,0.265,0.65135,4,0.57552,0,-0.15123,0.34199,0.084836,0.0074231,0.065498,0.023299,0.12068,0.12995,-0.11143,-210.02,-561.77,145.93,1111.7,762.04,1452.4,-7930,0.0015403
T17S,CARD,0.5,3,D60,0,1,144037,-15987,-0.11099,1320.6,0.0091688,0.0024479,-40.906,-433.86,15987,154414,12625,10377,0.081761,76.372,-8.4768,9.7413,9.4061,-26.218,-32.429,1.4249,15,11,18,6,0.2927,0.65056,3,0.58711,0,-0.15719,0.35525,0.10923,0.010074,0.070239,0.024297,0.07759,0.087197,-0.11099,58.784,-223.28,327.41,738.69,456.61,1002.8,-4020,0.0019755
T17S,CARD,0.5,3,off,8,0,138874,-15356,-0.11058,1083.4,0.0078014,0.012023,-33.866,-419.42,15356,161213,24078,22339,0.14936,73.634,-8.1422,8.7756,8.4493,-26.45,-25.724,1.3179,8,8,11.5,6,0.24495,0.63922,3,0.56418,0,-0.15237,0.33086,0.076882,0.0042418,0.063939,0.022581,0.14436,0.15587,-0.11058,-178.45,-557.03,182.87,1369.7,974.02,1737.8,-9183,0.002393
T17S,CARD,0.5,4,D60,10,1,145272,-16210,-0.11158,1280,0.0088112,-0.0018199,-42.034,-433.53,16210,152237,7768,6965,0.051026,77.027,-8.595,9.8344,9.4881,-28.848,-33.439,1.4324,10,10,14,6,0.31783,0.66816,4,0.60659,0,-0.16764,0.36426,0.11188,0.012195,0.071705,0.025482,0.048583,0.054221,-0.11158,18.159,-209.66,218.11,515.82,286.08,724.53,-2785,0.001385
T17S,CARD,0.5,4,off,10,0,145627,-16277,-0.11177,1239.1,0.0085089,0.00060451,-42.034,-441.12,16277,151740,6658,6113,0.043878,77.215,-8.6305,9.8463,9.4942,-28.848,-33.403,1.4344,10,10,14,6,0.32269,0.67186,4,0.6171,0,-0.17748,0.37116,0.11135,0.013256,0.07183,0.025388,0.041343,0.047195,-0.11177,-22.736,-241.69,168,448.86,221.64,649.93,-2430,0.0011972
T17S,CARD,0.5,0,off,10,0,146323,-16469,-0.11255,1193.1,0.008154,0.009054,-43.327,-471.7,16469,150381,4087,4058,0.027178,77.584,-8.7323,10.084,9.7549,-29.803,-34.595,1.4546,10,10,14,7,0.33777,0.67749,9,0.62381,0.081541,-0.17405,0.37381,0.12089,0.014316,0.07342,0.025856,0.026056,0.028648,-0.11255,-68.746,-229.04,101.84,256.89,96.413,434.12,-1734,0.00041687
T17S,CARD,0.5,0,off,6,0,126444,-13972,-0.1105,681.17,0.0053871,0.018522,-32.553,-388.31,13972,178932,52978,52488,0.29608,67.043,-7.4085,7.4694,7.1978,-21.8,-25.145,1.1782,6,6,9,6,0,0.57272,6,0.47726,0.024391,-0.14089,0.26723,0.037116,0.0015907,0.054332,0.017435,0.28893,0.30539,-0.1105,-580.69,-1057.6,-62.534,2753.6,2264.2,3274,-21613,0.0024671
T17S,CARD,0.5,3,REC,8,1,138705,-15432,-0.11126,1007.1,0.0072605,0.012643,-35.849,-421.4,15432,161440,24621,22735,0.15251,73.545,-8.1826,8.7961,8.46,-26.45,-27.666,1.3218,8,8,11.5,6,0.24174,0.6366,3,0.55506,0,-0.14934,0.33457,0.077413,0.0053022,0.064469,0.022768,0.14718,0.15945,-0.11126,-254.79,-637.84,114.35,1293.6,896.86,1674.6,-9352,0.0017095
T17S,CARD,0.5,4,REC,10,1,145272,-16210,-0.11158,1280,0.0088112,-0.0018199,-42.034,-433.53,16210,152237,7768,6965,0.051026,77.027,-8.595,9.8344,9.4881,-28.848,-33.439,1.4324,10,10,14,6,0.31783,0.66816,4,0.60659,0,-0.16764,0.36426,0.11188,0.012195,0.071705,0.025482,0.048583,0.054221,-0.11158,18.159,-209.66,218.11,515.82,286.08,724.53,-2785,0.001385
T17S,CARD,0.5,3,REC,10,1,143180,-15912,-0.11113,1253.8,0.0087565,-0.00032061,-38.119,-441.7,15912,155611,14591,12431,0.093766,75.917,-8.4367,9.5541,9.2188,-26.218,-29.682,1.4061,10,10,14,6,0.28771,0.64907,3,0.58296,0,-0.16271,0.35525,0.10286,0.010074,0.069116,0.024078,0.089541,0.09927,-0.11113,-8.1075,-308.71,281.1,814.23,503.45,1108.5,-4877,0.0018388
T17S,CARD,0.5,0,REC,0,1,147593,-16667,-0.11293,1282.5,0.0086894,-0.019551,-45.734,-472.62,16667,148788,1538,1195,0.010337,78.257,-8.8374,10.507,10.161,-31.737,-36.897,1.504,16,12,19,7,0.34038,0.67604,9,0.61792,0.083326,-0.12406,0.38918,0.13256,0.018558,0.075697,0.026885,0.010075,0.010681,-0.11293,20.631,-45.051,83.878,58.613,-9.2797,122.24,-464,4.1974e-05
T17S,CARD,0.5,4,REC,0,1,146645,-16476,-0.11235,1265.4,0.008629,0.0058567,-42.839,-448.37,16476,150512,4701,3867,0.031233,77.755,-8.736,10.172,9.8168,-29.07,-34.103,1.4666,16,12,18.5,6,0.32507,0.67095,4,0.61115,0,-0.15044,0.37858,0.12619,0.013256,0.073607,0.026729,0.029197,0.033898,-0.11235,3.5431,-176.54,152.63,249.85,61.638,400.46,-1412,0.000616
T17S,CARD,0.5,3,REC,0,1,144037,-15987,-0.11099,1320.6,0.0091688,0.0024479,-40.906,-433.86,15987,154414,12625,10377,0.081761,76.372,-8.4768,9.7413,9.4061,-26.218,-32.429,1.4249,15,11,18,6,0.2927,0.65056,3,0.58711,0,-0.15719,0.35525,0.10923,0.010074,0.070239,0.024297,0.07759,0.087197,-0.11099,58.784,-223.28,327.41,738.69,456.61,1002.8,-4020,0.0019755
T17S,CARD,0.5,2,REC,8,1,132212,-14815,-0.11206,756.48,0.0057217,0.018155,-32.729,-397.61,14815,170381,43820,38169,0.25719,70.102,-7.8553,8.1209,7.7879,-21.144,-24.874,1.251,8,8,11.5,6,0.15813,0.56452,2,0,0,-0.13621,0.3017,0.056734,0.0026511,0.060071,0.019338,0.25039,0.266,-0.11206,-505.38,-953.89,-46.685,1910.9,1446.6,2384.2,-15845,0.00091445
T17S,CARD,1,0,off,0,0,181911,-19697,-0.10828,1363.5,0.0074952,,-49.224,-523.95,19697,181911,0,0,0,96.453,-10.444,11.928,11.534,-32.463,-38.78,1.5699,17,13,19.5,8,0.55633,0.83829,11,0.79163,0.17255,,0.46235,0.20414,0.044008,0.095846,0.038956,0,0,-0.10828,,,,,,,,
T17S,CARD,1,3,off,0,0,175424,-18807,-0.10721,1420.5,0.0080973,0.010239,-47.998,-531.71,18808,192526,23856,17102,0.12391,93.014,-9.972,10.836,10.487,-29.226,-38.026,1.4624,16,12,19,8,0.50007,0.81978,3,0.75887,0,-0.13133,0.43001,0.16119,0.027041,0.089701,0.03434,0.11586,0.13443,-0.10721,56.989,-293.45,398.44,889.77,523.27,1245.5,-6487,0.0010681
T17S,CARD,1,2,off,0,0,163049,-17972,-0.11023,727.52,0.0044619,0.010273,-37.187,-477.66,17975,216399,69400,53350,0.3207,86.452,-9.5293,9.3951,8.9553,-26.713,-27.658,1.3195,12,11,16,7,0.36691,0.76699,2,0,0,-0.12917,0.40721,0.12566,0.011665,0.081093,0.029661,0.30841,0.3366,-0.11023,-635.95,-1185.6,-97.654,1724.7,1156,2242.1,-18862,-0.001948
T17S,CARD,1,4,off,0,0,179825,-19387,-0.10781,1394.3,0.0077535,0.011404,-46.565,-530.87,19387,185750,8493,5925,0.045723,95.347,-10.279,11.493,11.121,-32.565,-36.286,1.5277,16,13,19.5,8,0.53604,0.83335,4,0.78383,0,-0.13324,0.45493,0.19406,0.033404,0.093787,0.03696,0.041116,0.051797,-0.10781,30.803,-196.3,233.67,309.96,68.696,523.48,-2086,0.00046763
T17S,CARD,1,0,PROP,0,3,176285,-19273,-0.10933,1257.8,0.0071348,0.0097872,-47.308,-502,19273,191620,21978,15335,0.1147,93.47,-10.219,11.077,10.686,-26.94,-37.089,1.4843,16,13,19,8,0.50869,0.81745,9,0.71866,0.079338,-0.11145,0.43955,0.17656,0.030753,0.092851,0.036429,0.11213,0.11808,-0.10933,-105.7,-410.73,177.25,423.58,118,699.67,-5626,-0.0010528
T17S,CARD,1,0,D60,0,1,181387,-19649,-0.10832,1378.5,0.0075998,0.0121,-49.321,-529.4,19649,182902,2380,1515,0.013012,96.176,-10.418,11.862,11.485,-32.999,-38.902,1.5623,17,13,19.5,8,0.5503,0.83591,11,0.78332,0.15866,-0.083616,0.45917,0.20148,0.044539,0.095471,0.038893,0.01236,0.013878,-0.10832,15.036,-70.667,100.46,48.205,-39.04,133.97,-524,-4.704e-05
T17S,CARD,1,0,off,8,0,167687,-17957,-0.10709,951.89,0.0056766,0.012018,-44.2,-467.79,17957,208791,41746,41104,0.19994,88.911,-9.5214,9.2283,8.7696,-28.209,-34.678,1.2846,8,8,12,7,0.46554,0.81931,8,0.74261,0.10092,-0.14241,0.4141,0.11082,0.0090138,0.08312,0.030192,0.19082,0.21187,-0.10709,-411.58,-896.41,86.745,1739.6,1234.1,2232.6,-14224,0.0011892
T17S,CARD,1,3,PROP,8,3,162659,-17642,-0.10846,834.79,0.0051321,0.013504,-44.355,-471.3,17642,217835,63749,55176,0.29265,86.245,-9.3541,8.7798,8.3418,-25.273,-35.001,1.25,8,8,12,7,0.39142,0.78849,3,0.63885,0,-0.12919,0.38176,0.10445,0.004772,0.078504,0.027478,0.28126,0.3074,-0.10846,-528.68,-1063.4,15.47,2055,1507.2,2585.6,-19252,-0.00018146
T17S,CARD,1,3,D60,8,1,164855,-17620,-0.10688,1029.6,0.0062452,0.011523,-37.056,-493.1,17620,213938,54715,49083,0.25575,87.41,-9.3426,8.8834,8.4647,-27.326,-27.713,1.2525,8,8,12,7,0.4164,0.80221,3,0.70822,0,-0.13617,0.39555,0.10392,0.0074231,0.079253,0.026823,0.24424,0.27067,-0.10688,-333.91,-836.94,171.85,2076.8,1560.1,2586.4,-17056,0.0013952
T17S,CARD,1,2,D60,8,1,157633,-17246,-0.10941,633.68,0.00402,0.01196,-33.55,-429.84,17246,227296,84106,69663,0.37003,83.581,-9.1442,8.4685,8.032,-24.227,-24.406,1.2223,8,8,12,7,0.31317,0.75638,2,0,0,-0.12986,0.38282,0.093319,0.004772,0.076196,0.025856,0.35748,0.38617,-0.10941,-729.79,-1323.5,-160.6,2451,1832.3,3023.5,-24278,-0.001128
T17S,CARD,1,4,D60,8,1,166812,-17971,-0.10773,873.22,0.0052347,0.013579,-38.402,-486.58,17971,210489,46233,43677,0.21965,88.448,-9.5286,9.0732,8.6298,-28.736,-28.873,1.266,8,8,12,7,0.44487,0.81247,4,0.73006,0,-0.13702,0.41463,0.1071,0.009544,0.081779,0.029225,0.20926,0.23318,-0.10773,-490.25,-996.98,51.601,1726,1216.9,2267.9,-15099,0.00054645
T17S,CARD,1,3,D60,0,1,175158,-18730,-0.10693,1477,0.0084321,0.012128,-47.998,-535.38,18730,192979,24952,17821,0.1293,92.873,-9.9308,10.809,10.46,-29.226,-38.067,1.4593,16,12,19,7,0.4966,0.81834,3,0.75314,0,-0.12692,0.43319,0.15748,0.027572,0.089171,0.033747,0.12104,0.14009,-0.10693,113.49,-241.19,444.82,967.33,602.76,1306.5,-6753,0.0013481
T17S,CARD,1,3,off,8,0,165170,-17658,-0.10691,1017.3,0.0061592,0.011386,-41.223,-489.39,17658,213834,53928,48664,0.2522,87.577,-9.3627,8.8575,8.421,-27.5,-31.86,1.2475,8,8,12,7,0.41941,0.80441,3,0.71573,0,-0.13786,0.39979,0.098091,0.0074231,0.079596,0.027291,0.24104,0.26666,-0.10691,-346.14,-868.59,175.82,2038.8,1510.2,2551.6,-16741,0.0013693
T17S,CARD,1,4,D60,10,1,176038,-18887,-0.10729,1314.8,0.0074688,0.015252,-41.194,-535.95,18887,192876,19640,16838,0.10183,93.339,-10.014,10.628,10.262,-29.891,-31.18,1.4358,10,10,15,8,0.51858,0.82791,4,0.7694,0,-0.13343,0.43955,0.1596,0.022269,0.090013,0.033716,0.094091,0.11197,-0.10729,-48.67,-373.45,245.05,809.95,471.85,1108.1,-5873,0.00098863
T17S,CARD,1,4,off,10,0,176308,-18906,-0.10723,1300.8,0.0073778,0.015435,-41.099,-532.24,18906,192351,18303,16043,0.095154,93.483,-10.024,10.662,10.277,-29.359,-31.075,1.4397,10,10,15,8,0.52315,0.83022,4,0.77686,0,-0.13869,0.44115,0.16225,0.021739,0.089701,0.033934,0.087604,0.10506,-0.10723,-62.705,-397.39,239.06,791.35,451.62,1095.1,-5603,0.0010474
T17S,CARD,1,0,off,10,0,177564,-19169,-0.10795,1175.4,0.0066195,0.016788,-45.618,-519.5,19169,189924,12509,12360,0.065863,94.148,-10.164,10.855,10.45,-30.359,-35.454,1.4562,10,10,15,8,0.54114,0.83482,10,0.78337,0.14658,-0.14646,0.44062,0.17497,0.027041,0.091354,0.035494,0.060378,0.073106,-0.10795,-188.08,-465.86,100.51,528.11,243.33,810.08,-4347,0.00032339
T17S,CARD,1,0,off,6,0,146339,-15411,-0.10531,602.94,0.0041201,0.010623,-32.169,-366.18,15411,254840,110058,108501,0.43187,77.592,-8.1711,7.2769,6.9774,-20.396,-23.998,1.0988,6,6,9,6,0,0.74989,6,0.60931,0.043894,-0.13969,0.30859,0.04825,0.00053022,0.064687,0.021115,0.42117,0.44577,-0.10531,-760.53,-1391.5,-99.011,4286.1,3598.9,4974.9,-35572,0.002969
T17S,CARD,1,3,REC,8,1,164855,-17620,-0.10688,1029.6,0.0062452,0.011523,-37.056,-493.1,17620,213938,54715,49083,0.25575,87.41,-9.3426,8.8834,8.4647,-27.326,-27.713,1.2525,8,8,12,7,0.4164,0.80221,3,0.70822,0,-0.13617,0.39555,0.10392,0.0074231,0.079253,0.026823,0.24424,0.27067,-0.10688,-333.91,-836.94,171.85,2076.8,1560.1,2586.4,-17056,0.0013952
T17S,CARD,1,4,REC,10,1,176038,-18887,-0.10729,1314.8,0.0074688,0.015252,-41.194,-535.95,18887,192876,19640,16838,0.10183,93.339,-10.014,10.628,10.262,-29.891,-31.18,1.4358,10,10,15,8,0.51858,0.82791,4,0.7694,0,-0.13343,0.43955,0.1596,0.022269,0.090013,0.033716,0.094091,0.11197,-0.10729,-48.67,-373.45,245.05,809.95,471.85,1108.1,-5873,0.00098863
T17S,CARD,1,3,REC,10,1,172743,-18596,-0.10765,1211.9,0.0070155,0.020076,-40.706,-555.81,18596,197868,31731,25125,0.16036,91.592,-9.8601,10.244,9.8279,-27.31,-30.846,1.4022,10,10,14.5,7,0.48662,0.81593,3,0.74688,0,-0.12421,0.42895,0.14422,0.021209,0.086801,0.031813,0.15083,0.1728,-0.10765,-151.59,-565.67,228.09,1100.8,685.44,1488.9,-9168,0.00062581
T17S,CARD,1,0,REC,0,1,181387,-19649,-0.10832,1378.5,0.0075998,0.0121,-49.321,-529.4,19649,182902,2380,1515,0.013012,96.176,-10.418,11.862,11.485,-32.999,-38.902,1.5623,17,13,19.5,8,0.5503,0.83591,11,0.78332,0.15866,-0.083616,0.45917,0.20148,0.044539,0.095471,0.038893,0.01236,0.013878,-0.10832,15.036,-70.667,100.46,48.205,-39.04,133.97,-524,-4.704e-05
T17S,CARD,1,4,REC,0,1,179492,-19416,-0.10817,1352.1,0.007533,0.012049,-46.881,-535.66,19416,186420,10062,6928,0.053975,95.171,-10.295,11.475,11.1,-33.097,-36.586,1.5273,16,13,19.5,8,0.53223,0.83116,4,0.7764,0,-0.12321,0.45281,0.18982,0.033934,0.093943,0.036679,0.049026,0.060489,-0.10817,-11.356,-236.2,189.46,281.14,47.911,487.29,-2419,0.00010705
T17S,CARD,1,3,REC,0,1,175158,-18730,-0.10693,1477,0.0084321,0.012128,-47.998,-535.38,18730,192979,24952,17821,0.1293,92.873,-9.9308,10.809,10.46,-29.226,-38.067,1.4593,16,12,19,7,0.4966,0.81834,3,0.75314,0,-0.12692,0.43319,0.15748,0.027572,0.089171,0.033747,0.12104,0.14009,-0.10693,113.49,-241.19,444.82,967.33,602.76,1306.5,-6753,0.0013481
T17S,CARD,1,2,REC,8,1,157633,-17246,-0.10941,633.68,0.00402,0.01196,-33.55,-429.84,17246,227296,84106,69663,0.37003,83.581,-9.1442,8.4685,8.032,-24.227,-24.406,1.2223,8,8,12,7,0.31317,0.75638,2,0,0,-0.12986,0.38282,0.093319,0.004772,0.076196,0.025856,0.35748,0.38617,-0.10941,-729.79,-1323.5,-160.6,2451,1832.3,3023.5,-24278,-0.001128
T17,CARD,1,0,off,0,0,186065,-20113,-0.10809,1388.6,0.007463,,-50.152,-552.18,20113,186065,0,0,0,98.656,-10.664,12.937,12.606,-34.083,-39.488,1.6741,17,14,20.5,8,0.60454,0.85754,11,0.82153,0.21122,,0.46872,0.23277,0.056734,0.10124,0.041794,0,0,-0.10809,,,,,,,,
T17,CARD,1,0,off,6,0,146311,-15335,-0.10481,569.66,0.0038935,0.011863,-34.041,-387.1,15335,273585,128946,127274,0.47132,77.577,-8.131,7.6181,7.2828,-20.336,-25.91,1.1462,6,6,9,6,0,0.76896,6,0.63838,0.051185,-0.1375,0.30382,0.049841,0.00053022,0.065779,0.021739,0.46204,0.48343,-0.10481,-818.95,-1566.9,-60.417,4777.4,3990.8,5548.2,-39754,0.0032825
T17,CARD,1,0,off,8,0,168629,-18083,-0.10723,846.22,0.0050182,0.013386,-38.556,-468.97,18083,221187,53312,52558,0.24103,89.411,-9.5879,9.7504,9.2946,-25.629,-28.968,1.3519,8,8,12,8,0.50605,0.83731,8,0.77319,0.1215,-0.13785,0.41357,0.12937,0.010604,0.084555,0.031408,0.23178,0.25316,-0.10723,-542.39,-1079.5,-1.8045,2029.8,1476.3,2555.4,-17436,0.00086031
T17,CARD,1,0,off,10,0,179872,-19297,-0.10728,1211.4,0.0067349,0.019227,-44.876,-526.47,19297,197750,18089,17878,0.091474,95.372,-10.232,11.553,11.145,-30.723,-34.644,1.5303,10,10,15,8,0.58692,0.85393,10,0.8134,0.17523,-0.14072,0.45228,0.18717,0.032344,0.094629,0.037771,0.086579,0.097947,-0.10728,-177.19,-491.42,118.58,815.83,505.04,1118.1,-6193,0.00081393
T17,CARD,1,0,PROP,0,3,177282,-19753,-0.11142,935.4,0.0052764,0.0098891,-43.937,-534.54,19753,202602,36124,25320,0.1783,93.999,-10.474,11.715,11.364,-29.812,-33.463,1.5546,17,13,20,8,0.53468,0.82662,8,0.71292,0.064198,-0.11224,0.46872,0.19565,0.037646,0.09544,0.03749,0.17489,0.18279,-0.11142,-453.2,-810.52,-119.91,359.12,-10.389,700.83,-8783,-0.0033296
T17,CARD,1,0,PROP,6,3,143322,-15147,-0.10568,639.57,0.0044625,0.0094703,-31.387,-379.78,15147,279656,144253,136334,0.51582,75.993,-8.0312,7.363,7.0417,-19.289,-23.355,1.119,6,6,9,6,0,0.73383,6,0.48829,0.0096548,-0.13537,0.29533,0.041357,0.00053022,0.065685,0.021302,0.50711,0.52717,-0.10568,-749.04,-1498.8,-13.753,4965.7,4191.6,5709.2,-42743,0.0024102
T17,CARD,1,0,PROP,8,3,163943,-17962,-0.10956,697.36,0.0042537,0.01226,-36.937,-481.09,17962,231106,76574,67163,0.33134,86.926,-9.524,9.4418,9.0275,-23.696,-27.413,1.3185,8,8,12,7,0.44361,0.80705,8,0.6446,0.029765,-0.12743,0.41092,0.1246,0.0090138,0.082559,0.030347,0.3229,0.34234,-0.10956,-691.25,-1239.2,-126.24,2150.2,1581.7,2719.3,-22122,-0.0014703
T17,CARD,1,0,PROP,10,3,173236,-19187,-0.11075,837.85,0.0048364,0.01251,-49.076,-513.01,19187,210701,47772,37465,0.22673,91.854,-10.173,10.893,10.498,-26.885,-38.903,1.4636,10,10,14.5,8,0.52025,0.82327,8,0.70033,0.04913,-0.11996,0.44539,0.17444,0.025981,0.091417,0.034901,0.2209,0.23438,-0.11075,-550.76,-969.49,-143.69,926.02,489.62,1324.4,-12829,-0.0026595
T17,CARD,1,0,D60,0,2,184920,-20131,-0.10886,1319.8,0.007137,0.0088174,-51.404,-545.29,20131,188762,6903,3842,0.03657,98.049,-10.674,12.78,12.471,-33.152,-40.73,1.6577,17,14,20.5,8,0.59489,0.85254,10,0.80197,0.17684,-0.09617,0.47455,0.23171,0.054083,0.10068,0.041264,0.035758,0.037647,-0.10886,-68.836,-244.31,100.91,-18.337,-207.52,156.35,-1145,-0.00076847
T17,CARD,1,0,D60,6,2,145787,-15293,-0.1049,608.99,0.0041773,0.010004,-34.249,-365.08,15293,274683,132435,128896,0.48214,77.3,-8.1085,7.6113,7.2759,-20.185,-26.141,1.1459,6,6,9,6,0,0.76421,6,0.60849,0.035791,-0.1375,0.30276,0.042418,0.0010604,0.065997,0.021396,0.4731,0.4939,-0.1049,-779.61,-1534.4,-12.47,4819.9,4025.9,5598.4,-40278,0.0031968
T17,CARD,1,0,D60,8,2,168010,-18305,-0.10895,623.94,0.0037137,0.012496,-41.403,-479.09,18305,223115,58363,55105,0.26158,89.083,-9.706,9.742,9.2624,-26.055,-31.697,1.3528,8,8,12,7,0.49729,0.8322,8,0.75089,0.095902,-0.13361,0.41622,0.13733,0.010604,0.084149,0.031626,0.25267,0.27329,-0.10895,-764.67,-1287.4,-218.58,1807.1,1267.4,2352.2,-18055,-0.00086056
T17,CARD,1,0,D60,10,2,179009,-19285,-0.10773,1215.7,0.0067912,0.013227,-48.243,-527.24,19285,200083,24184,21074,0.12087,94.915,-10.225,11.442,11.053,-31.356,-38.017,1.5211,10,10,15,8,0.57674,0.84846,9,0.79259,0.1402,-0.13123,0.45175,0.1824,0.031813,0.094286,0.037427,0.11558,0.12785,-0.10773,-172.93,-505.47,157.83,827.88,495.36,1153,-7056,0.00036403
T17,CARD,1,0,D50,0,2,183424,-19982,-0.10894,1311.2,0.0071482,0.022467,-51.268,-553,19982,191279,12356,7855,0.064597,97.256,-10.595,12.634,12.322,-32.171,-40.673,1.644,17,14,20,8,0.58262,0.84711,10,0.78963,0.15333,-0.094056,0.4772,0.23065,0.04719,0.099276,0.040328,0.063919,0.065495,-0.10894,-77.449,-322.21,155.67,130.56,-115.94,363.7,-2641,-0.00084459
T17,CARD,1,0,D50,6,2,145269,-15358,-0.10572,508.89,0.0035031,0.011861,-35.126,-369.43,15358,275415,134471,130146,0.48825,77.025,-8.1432,7.5957,7.2671,-20.18,-26.982,1.1464,6,6,9,6,0,0.75764,6,0.5885,0.02966,-0.13561,0.30117,0.041888,0.0031813,0.065217,0.020866,0.47942,0.49973,-0.10572,-879.72,-1619.4,-115.03,4754.5,3983,5526.2,-40796,0.0023727
T17,CARD,1,0,D50,8,2,167106,-18139,-0.10855,722.95,0.0043263,0.013933,-40.195,-465.43,18139,224669,61865,57563,0.27536,88.603,-9.618,9.5602,9.0955,-23.57,-30.577,1.3325,8,8,12,7,0.48548,0.82686,8,0.73487,0.079923,-0.13149,0.40827,0.1315,0.010074,0.082933,0.031252,0.26689,0.28646,-0.10855,-665.66,-1198.1,-106.34,1973.1,1433.5,2506.5,-18959,-0.00045651
T17,CARD,1,0,D50,10,2,177666,-19281,-0.10852,1072.3,0.0060357,0.017033,-48.19,-526.64,19281,202000,28752,24334,0.14234,94.203,-10.223,11.303,10.915,-30.375,-37.966,1.5093,10,10,15,8,0.56547,0.84299,9,0.77825,0.12325,-0.12518,0.45281,0.18558,0.027572,0.093756,0.036367,0.13702,0.14935,-0.10852,-316.27,-673.91,54.254,831.54,467.25,1197.5,-8399,-0.00042969
T17,CARD,1,2,off,0,0,165058,-18197,-0.11025,693.82,0.0042035,0.010837,-37.832,-481.73,18197,226316,79971,61258,0.35336,87.517,-9.6486,10.093,9.687,-24.182,-28.184,1.4026,12,11,16.5,7,0.41353,0.78843,2,0,0,-0.12756,0.42365,0.14475,0.013786,0.082528,0.031377,0.34389,0.3657,-0.11025,-694.79,-1325.5,-111.47,1915.2,1272.5,2514.1,-21007,-0.0021539
T17,CARD,1,2,off,6,0,140692,-15092,-0.10727,350.63,0.0024922,0.014787,-30.233,-365.35,15092,283899,154981,143207,0.5459,74.598,-8.002,7.0805,6.707,-18.132,-22.231,1.0892,6,6,9,6,0,0.70235,2,0,0,-0.12971,0.28897,0.037646,0.00053022,0.062379,0.02046,0.53572,0.55901,-0.10727,-1038,-1821.8,-276.03,5020.8,4207,5781.8,-45373,0.00082618
T17,CARD,1,2,off,8,0,158306,-17362,-0.10967,519.03,0.0032786,0.014442,-38.244,-431.41,17362,241439,99373,83133,0.41159,83.937,-9.2055,8.8836,8.4804,-22.217,-29.038,1.2732,8,8,12,7,0.35292,0.77651,2,0,0,-0.12695,0.39236,0.098621,0.0042418,0.07604,0.028008,0.40135,0.42487,-0.10967,-869.58,-1495.3,-229.66,2751,2075.3,3378.5,-27759,-0.0015768
T17,CARD,1,2,off,10,0,164228,-18171,-0.11064,596.17,0.0036302,0.01318,-37.833,-486.02,18171,227949,82064,63721,0.36001,87.077,-9.6346,9.9176,9.4794,-24.182,-28.198,1.3825,10,10,14.5,7,0.40958,0.78718,2,0,0,-0.12559,0.42047,0.1421,0.012195,0.082684,0.031439,0.3504,0.37253,-0.11064,-792.44,-1425.5,-193.33,1941.7,1272.1,2544.3,-21837,-0.00255
T17,CARD,1,2,PROP,0,3,162466,-18046,-0.11107,622.19,0.0038297,0.011483,-38.705,-502.33,18046,232014,90215,69548,0.38883,86.143,-9.5683,9.7457,9.3122,-21.105,-29.137,1.3651,12,11,16.5,7,0.38867,0.77282,2,0,0,-0.12492,0.41676,0.12884,0.012195,0.082871,0.029942,0.38042,0.39981,-0.11107,-766.42,-1347.3,-214.46,2066.8,1471,2608.6,-23599,-0.00298
T17,CARD,1,2,PROP,6,3,139242,-14993,-0.10768,366.14,0.0026295,0.01305,-28.649,-373.95,14993,286717,161188,147475,0.56219,73.829,-7.9498,7.053,6.6556,-17.674,-20.699,1.086,6,6,9,6,0,0.68479,2,0,0,-0.13013,0.27837,0.037116,0,0.063658,0.020741,0.55324,0.57376,-0.10768,-1022.5,-1802.1,-283.27,5119.1,4300.6,5854.3,-46823,0.00041544
T17,CARD,1,2,PROP,8,3,156441,-17242,-0.11021,510.72,0.0032646,0.015215,-33.444,-461.76,17242,246330,108346,89889,0.43984,82.949,-9.1418,8.834,8.4292,-21.937,-24.302,1.2733,8,8,12,7,0.33301,0.76157,2,0,0,-0.12376,0.38123,0.097561,0.0042418,0.077101,0.027353,0.43143,0.4508,-0.11021,-877.89,-1502,-256.21,2871,2213.5,3502.1,-29624,-0.0021169
T17,CARD,1,2,PROP,10,3,161793,-17935,-0.11085,623.82,0.0038557,0.013316,-39.743,-494.07,17935,233434,91934,71641,0.39383,85.786,-9.5094,9.6151,9.173,-21.288,-30.234,1.3511,10,10,14.5,7,0.38638,0.77236,2,0,0,-0.12362,0.40933,0.1246,0.009544,0.082153,0.029443,0.38543,0.40477,-0.11085,-764.79,-1358.1,-192.05,2177.8,1549.9,2755.4,-24272,-0.0027559
T17,CARD,1,2,D60,0,2,164732,-18266,-0.11088,624.6,0.0037916,0.010878,-40.492,-479.55,18266,226839,81332,62107,0.35855,87.345,-9.6849,10.037,9.6123,-24.182,-30.807,1.3911,12,11,16,7,0.40923,0.78641,2,0,0,-0.12656,0.42365,0.14422,0.012195,0.083869,0.032687,0.34979,0.36997,-0.11088,-764.01,-1364.2,-197.13,1846.8,1205.5,2412.7,-21333,-0.0027875
T17,CARD,1,2,D60,6,2,140471,-15129,-0.1077,295.18,0.0021013,0.01463,-28.578,-367.66,15129,284343,156192,143872,0.54931,74.481,-8.0217,7.0386,6.6729,-16.472,-20.557,1.0844,6,6,9,6,0,0.69906,2,0,0,-0.12911,0.29586,0.033934,0,0.064032,0.020211,0.53996,0.56138,-0.1077,-1093.4,-1872.5,-335.47,4983.5,4184.9,5735.9,-45594,0.00039212
T17,CARD,1,2,D60,8,2,158149,-17425,-0.11018,474.11,0.0029979,0.01444,-35.472,-474.46,17425,242215,100912,84066,0.41662,83.854,-9.2391,8.8667,8.4298,-20.312,-26.233,1.2711,8,8,12,7,0.35255,0.77467,2,0,0,-0.12631,0.3929,0.097031,0.0037116,0.076539,0.027665,0.40722,0.42883,-0.11018,-914.5,-1551.3,-277.67,2687.6,2011.6,3332.3,-27916,-0.0020862
T17,CARD,1,2,D60,10,2,163838,-18188,-0.11101,553.78,0.00338,0.011864,-38.146,-473.95,18188,228424,83411,64586,0.36516,86.871,-9.6437,9.8382,9.3949,-24.182,-28.503,1.3684,10,10,14.5,7,0.40658,0.7856,2,0,0,-0.12617,0.42153,0.13574,0.012195,0.083557,0.032281,0.35622,0.37683,-0.11101,-834.83,-1462.2,-228.46,1924.6,1280.4,2530.2,-22227,-0.0029178
T17,CARD,1,2,D50,0,2,164346,-18146,-0.11041,710.45,0.0043229,0.011509,-44.012,-494.67,18146,228092,83250,63746,0.36498,87.14,-9.6214,9.9791,9.5917,-23.936,-34.39,1.3897,12,11,16,7,0.40566,0.78327,2,0,0,-0.12606,0.42259,0.13309,0.011135,0.082871,0.031346,0.35711,0.37527,-0.11041,-678.16,-1317.7,-81.696,1966.6,1292,2557.6,-21719,-0.0023192
T17,CARD,1,2,D50,6,2,140270,-15064,-0.10739,348.35,0.0024834,0.013776,-26.204,-368.89,15064,284938,157253,144668,0.55188,74.374,-7.9873,7.0337,6.6985,-16.681,-18.216,1.0857,6,6,9,6,0,0.69618,2,0,0,-0.13015,0.2842,0.035525,0,0.064063,0.019712,0.54203,0.5646,-0.10739,-1040.3,-1835.6,-277.68,5048.5,4233,5798.4,-45795,0.00070113
T17,CARD,1,2,D50,8,2,157751,-17449,-0.11061,416.23,0.0026386,0.014875,-35.583,-463.5,17449,243079,102425,85328,0.42137,83.643,-9.2518,8.8827,8.4797,-20.145,-26.331,1.2774,8,8,12,7,0.34765,0.77105,2,0,0,-0.12567,0.38653,0.11135,0.0031813,0.077038,0.027572,0.41266,0.43268,-0.11061,-972.37,-1602.1,-343.86,2663.7,1996.7,3293.9,-28314,-0.0025157
T17,CARD,1,2,D50,10,2,163479,-18141,-0.11097,574.88,0.0035165,0.013023,-37.669,-484.85,18141,229713,85328,66234,0.37145,86.68,-9.6188,9.7908,9.3711,-23.765,-28.05,1.3681,10,10,14,7,0.40276,0.78224,2,0,0,-0.12517,0.42259,0.1299,0.010604,0.083027,0.030909,0.36323,0.38219,-0.11097,-813.73,-1469.7,-217.54,1971.5,1284,2582.9,-22586,-0.0028747
T17,CARD,1,3,off,0,0,178622,-19468,-0.10899,1139.3,0.0063785,0.012512,-49.59,-549.46,19468,199150,28933,20528,0.14528,94.709,-10.322,11.693,11.329,-29.766,-39.268,1.5537,16,13,19.5,8,0.54427,0.83931,3,0.78907,0,-0.12633,0.46341,0.19565,0.036055,0.095347,0.037053,0.13787,0.155,-0.10899,-249.26,-694.5,169.53,644.65,188.99,1063.4,-7443,-0.00089515
T17,CARD,1,3,off,6,0,144684,-15078,-0.10421,685.27,0.0047363,0.011536,-31.34,-386.35,15078,275636,135438,130952,0.49137,76.715,-7.9946,7.4275,7.0556,-19.163,-23.346,1.1253,6,6,9,6,0,0.75217,3,0.60943,0,-0.13631,0.28632,0.04772,0.00053022,0.064001,0.020835,0.48163,0.504,-0.10421,-703.34,-1475.7,41.501,5034.8,4215.8,5776.9,-41381,0.0038825
T17,CARD,1,3,off,8,0,165563,-17815,-0.1076,817.19,0.0049358,0.013908,-41.234,-476.13,17815,226567,67267,61004,0.2969,87.785,-9.4457,9.456,8.9884,-25.764,-31.788,1.3245,8,8,12,7,0.459,0.82204,3,0.74205,0,-0.13302,0.40615,0.11718,0.0079533,0.081779,0.029225,0.28505,0.31227,-0.1076,-571.42,-1152,8.1985,2297.9,1688.9,2874.1,-20502,0.00049382
T17,CARD,1,3,off,10,0,175037,-19087,-0.10905,930.57,0.0053164,0.018531,-41.771,-520.14,19087,206223,38801,31186,0.18815,92.809,-10.12,10.996,10.591,-28.876,-31.65,1.4883,10,10,14.5,8,0.53278,0.83701,3,0.7832,0,-0.12625,0.45705,0.17338,0.027572,0.091417,0.034121,0.17859,0.20064,-0.10905,-458.03,-914.4,-25.871,1025.4,553.03,1451.9,-11028,-0.00095232
T17,CARD,1,3,PROP,0,3,173659,-19198,-0.11055,960.31,0.0055298,0.010944,-48.179,-536.22,19198,209116,49214,35457,0.23534,92.078,-10.179,11.094,10.682,-25.709,-37.999,1.4948,16,13,19.5,8,0.50386,0.81678,3,0.68836,0,-0.11947,0.44592,0.17869,0.02492,0.090512,0.034714,0.22824,0.24463,-0.11055,-428.3,-872.5,-16.433,914.42,461.98,1323,-12406,-0.0024565
T17,CARD,1,3,PROP,6,3,142627,-15064,-0.10562,632.96,0.0044379,0.010284,-28.932,-386.97,15064,280873,147130,138246,0.52383,75.624,-7.9872,7.2496,6.8978,-18.071,-20.945,1.1084,6,6,9,6,0,0.72563,3,0.46802,0,-0.13444,0.29321,0.042418,0,0.064126,0.021022,0.51409,0.53646,-0.10562,-755.65,-1497.5,17.587,5048.7,4276.2,5813.7,-43438,0.0024773
T17,CARD,1,3,PROP,8,3,162262,-17768,-0.1095,670.3,0.004131,0.013485,-49.064,-526.99,17768,233615,82738,71353,0.35416,86.035,-9.4208,9.1389,8.6738,-22.525,-39.643,1.2874,8,8,12,7,0.41972,0.79867,3,0.62267,0,-0.12678,0.39555,0.10817,0.0084836,0.080875,0.029131,0.34479,0.36633,-0.1095,-718.31,-1331.3,-118.42,2344.8,1717.4,2939.4,-23803,-0.001406
T17,CARD,1,3,PROP,10,3,170895,-18755,-0.10975,941.41,0.0055087,0.013576,-40.493,-526.63,18755,215139,57278,44244,0.26624,90.612,-9.9445,10.515,10.121,-24.415,-30.549,1.4285,10,10,14.5,7,0.49223,0.81388,3,0.67736,0,-0.12139,0.43372,0.15695,0.016437,0.087736,0.033186,0.25852,0.27632,-0.10975,-447.2,-904.8,-7.2718,1357.2,887.16,1811.1,-15170,-0.0016533
T17,CARD,1,3,D60,0,2,178235,-19472,-0.10925,1130.3,0.0063415,0.0098786,-50.33,-544.42,19472,200576,32131,22341,0.16019,94.504,-10.324,11.584,11.201,-31.176,-40.005,1.5403,16,13,19.5,8,0.53993,0.83621,3,0.77264,0,-0.12503,0.46341,0.19247,0.034995,0.095315,0.037583,0.15241,0.17037,-0.10925,-258.33,-689.64,167.19,640.88,178.05,1061.1,-7830,-0.0011529
T17,CARD,1,3,D60,6,2,144269,-15173,-0.10517,579.44,0.0040164,0.012674,-31.126,-356.07,15173,276868,138399,132599,0.49987,76.495,-8.0449,7.3987,7.0238,-19.823,-23.081,1.1245,6,6,9,6,0,0.74779,3,0.58205,0,-0.13395,0.29745,0.042418,0.0015907,0.064344,0.020647,0.4903,0.5123,-0.10517,-809.17,-1578.2,-63.783,4939.8,4127.7,5671.4,-41796,0.0029242
T17,CARD,1,3,D60,8,2,165222,-17931,-0.10853,694.23,0.0042018,0.01592,-38.111,-482.77,17931,227675,70109,62453,0.30793,87.604,-9.5075,9.3133,8.8356,-25.883,-28.604,1.3085,8,8,12,7,0.45396,0.81833,3,0.72294,0,-0.12868,0.40297,0.12036,0.0090138,0.081685,0.029474,0.29718,0.32192,-0.10853,-694.38,-1274,-99.907,2181.4,1570.6,2767,-20843,-0.00043356
T17,CARD,1,3,D60,10,2,174618,-19031,-0.10898,972.31,0.0055682,0.017855,-41.934,-498.76,19031,207588,41998,32970,0.20231,92.586,-10.09,10.791,10.378,-24.786,-31.844,1.4596,10,10,14.5,8,0.52748,0.83374,3,0.76633,0,-0.12327,0.44645,0.1649,0.025981,0.091136,0.03462,0.1928,0.21474,-0.10898,-416.3,-887.71,39.757,1082,600.46,1528.8,-11447,-0.00088965
T17,CARD,1,3,D50,0,2,177378,-19317,-0.1089,1205.6,0.0067966,0.011655,-46.534,-548.18,19317,202222,35345,24844,0.17478,94.05,-10.242,11.544,11.161,-28.095,-36.291,1.5376,16,13,20.5,8,0.53219,0.83145,3,0.76118,0,-0.12276,0.45917,0.18611,0.034995,0.094224,0.036991,0.16778,0.18396,-0.1089,-183.05,-609.22,210.99,795.33,352.77,1205.2,-8687,-0.00081003
T17,CARD,1,3,D50,6,2,143963,-15210,-0.10565,531.24,0.0036901,0.012581,-30.881,-372.4,15210,277432,139840,133469,0.50405,76.332,-8.0645,7.3542,6.993,-19.289,-22.816,1.1232,6,6,9,6,0,0.74337,3,0.56703,0,-0.13399,0.2948,0.039767,0.0010604,0.063377,0.020304,0.49422,0.5168,-0.10565,-857.37,-1640.4,-86.346,4902.8,4092.1,5679.9,-42102,0.002444
T17,CARD,1,3,D50,8,2,164674,-17839,-0.10833,759.62,0.0046129,0.016999,-36.407,-499.28,17839,228857,72495,64183,0.31677,87.314,-9.4584,9.2996,8.8479,-25.312,-26.949,1.3089,8,8,12,7,0.44701,0.81439,3,0.70591,0,-0.12712,0.39555,0.12142,0.0053022,0.080968,0.02963,0.30639,0.33027,-0.10833,-628.99,-1241.8,-29.482,2274,1636.4,2866.8,-21391,-0.00023232
T17,CARD,1,3,D50,10,2,173890,-18942,-0.10893,1001.2,0.0057574,0.018696,-46.057,-512.76,18942,208990,44818,35100,0.21445,92.2,-10.043,10.801,10.402,-25.747,-36.014,1.4626,10,10,14.5,8,0.52059,0.82905,3,0.75345,0,-0.12108,0.44857,0.16331,0.02333,0.089608,0.034901,0.20525,0.22645,-0.10893,-387.45,-868.37,70.141,1171,675.38,1609.6,-12175,-0.00083427
T17,CARD,1,4,off,0,0,183467,-19775,-0.10778,1398.5,0.0076225,0.011647,-49.002,-544.74,19775,191107,10977,7640,0.057439,97.278,-10.485,12.374,12.04,-30.574,-38.518,1.6208,16,13,20.5,8,0.58207,0.85264,4,0.81262,0,-0.13168,0.4666,0.21527,0.046129,0.099464,0.039081,0.052445,0.064016,-0.10778,9.8712,-252.35,271.78,337.95,64.2,601.73,-2598,0.00031134
T17,CARD,1,4,off,6,0,145942,-15285,-0.10474,588.49,0.0040324,0.011721,-34.041,-389.1,15285,273838,130217,127896,0.47553,77.382,-8.1047,7.5795,7.2155,-19.346,-25.936,1.143,6,6,9,6,0,0.76438,4,0.6336,0,-0.13685,0.30011,0.046129,0.0010604,0.06606,0.021895,0.46586,0.48809,-0.10474,-800.12,-1550,-40.315,4827,4028,5585.7,-40123,0.0033574
T17,CARD,1,4,off,8,0,167974,-18003,-0.10718,878.72,0.0052313,0.017341,-36.233,-462.1,18003,223042,57607,55068,0.25828,89.064,-9.5455,9.6351,9.1779,-25.677,-26.688,1.3404,8,8,12,7,0.4904,0.83307,4,0.76713,0,-0.13215,0.41304,0.12778,0.010074,0.083401,0.030628,0.24708,0.2729,-0.10718,-509.89,-1079.8,34.685,2109.8,1531.3,2647.2,-18091,0.00091846
T17,CARD,1,4,off,10,0,178505,-19080,-0.10689,1296.6,0.0072636,0.014604,-44.8,-510.07,19080,200589,25036,22084,0.12481,94.647,-10.116,11.268,10.846,-29.431,-34.684,1.5069,10,10,15,8,0.56589,0.84915,4,0.80535,0,-0.13779,0.45546,0.17815,0.029692,0.093662,0.035743,0.11683,0.13528,-0.10689,-92.019,-475.53,264.76,1032.9,646.97,1394.8,-7560,0.0012086
T17,CARD,1,4,PROP,0,3,176533,-19673,-0.11144,880.6,0.0049883,0.010036,-45.661,-517.38,19673,203909,38738,27376,0.18998,93.602,-10.431,11.565,11.191,-28.174,-35.23,1.5421,17,13,19.5,8,0.52832,0.82515,4,0.7091,0,-0.11521,0.4666,0.19088,0.033934,0.094692,0.036741,0.18513,0.19634,-0.11144,-508.01,-879.56,-159.3,439.6,64.214,789.03,-9532,-0.0033464
T17,CARD,1,4,PROP,6,3,143250,-15124,-0.10558,654.78,0.0045709,0.010168,-31.387,-373.19,15124,279718,144466,136468,0.51647,75.954,-8.0189,7.3327,7.015,-19.289,-23.368,1.1169,6,6,9,6,0,0.73272,4,0.48669,0,-0.13476,0.29533,0.039767,0.00053022,0.064905,0.020928,0.50738,0.5283,-0.10558,-733.83,-1488.5,-3.397,4988.9,4212.5,5722.7,-42815,0.002519
T17,CARD,1,4,PROP,8,3,163588,-17887,-0.10934,701.44,0.0042878,0.01377,-37.227,-469.05,17887,231478,77566,67890,0.33509,86.738,-9.4841,9.3502,8.9342,-23.696,-27.743,1.3105,8,8,12,7,0.43852,0.80593,4,0.6429,0,-0.1262,0.40827,0.1193,0.0079533,0.082216,0.029973,0.32589,0.34708,-0.10934,-687.17,-1271.6,-114.78,2225.6,1628.2,2790.1,-22477,-0.0012475
T17,CARD,1,4,PROP,10,3,172876,-19142,-0.11072,827.75,0.0047881,0.012831,-44.008,-505.03,19142,211506,49425,38630,0.23368,91.663,-10.149,10.809,10.434,-26.454,-33.859,1.4581,10,10,14.5,8,0.51421,0.82182,4,0.69755,0,-0.12051,0.44168,0.17338,0.02492,0.090949,0.034496,0.2271,0.2423,-0.11072,-560.86,-1000.8,-165.05,971,537.31,1360.1,-13189,-0.0026299
T17,CARD,1,4,D60,0,2,182797,-19839,-0.10853,1330.3,0.0072776,0.0092639,-48.922,-531.58,19839,192960,15656,10163,0.081136,96.923,-10.519,12.296,11.98,-30.644,-38.404,1.6096,16,13,20.5,8,0.57624,0.84851,4,0.79578,0,-0.12081,0.47402,0.21527,0.044539,0.099245,0.03933,0.075985,0.087907,-0.10853,-58.278,-353.13,220.36,274,-27.52,558.46,-3268,-0.00043354
T17,CARD,1,4,D60,6,2,145545,-15258,-0.10483,616.17,0.0042335,0.010983,-34.249,-377.41,15258,274984,133409,129439,0.48515,77.171,-8.0902,7.5618,7.2248,-19.823,-26.159,1.1424,6,6,9,6,0,0.75999,4,0.60517,0,-0.13627,0.29958,0.044539,0.0010604,0.065935,0.021646,0.47595,0.49713,-0.10483,-772.44,-1524.4,-11.863,4854.4,4068.3,5620,-40520,0.0032596
T17,CARD,1,4,D60,8,2,167335,-18031,-0.10776,809.86,0.0048398,0.014426,-35.431,-480.45,18031,224566,61727,57231,0.27487,88.725,-9.5606,9.5794,9.1079,-22.603,-25.871,1.3344,8,8,12,7,0.48513,0.8289,4,0.74608,0,-0.13167,0.40721,0.12831,0.012195,0.082496,0.030566,0.26445,0.28846,-0.10776,-578.74,-1142.5,-6.6258,2081.2,1493.9,2640.5,-18730,0.00033844
T17,CARD,1,4,D60,10,2,177887,-19219,-0.10804,1156.7,0.0065026,0.018002,-47.25,-502.61,19219,202279,29473,24392,0.1457,94.32,-10.19,11.193,10.819,-27.061,-37.059,1.4966,10,10,15,8,0.56039,0.8447,4,0.78695,0,-0.12545,0.45334,0.18028,0.028102,0.093849,0.036336,0.13757,0.15635,-0.10804,-231.89,-621.95,154.5,893.45,497.56,1276.8,-8178,5.3132e-05
T17,CARD,1,4,D50,0,2,181558,-19772,-0.1089,1272.3,0.0070075,0.020079,-48.661,-537.49,19772,194937,19959,13379,0.10239,96.266,-10.484,12.258,11.909,-30.405,-38.178,1.6089,17,13,20,8,0.56633,0.84321,4,0.78375,0,-0.10982,0.46448,0.21315,0.045069,0.097935,0.039018,0.09811,0.10801,-0.1089,-116.34,-432.94,169.27,340.58,15.299,631.23,-4507,-0.00080744
T17,CARD,1,4,D50,6,2,144987,-15361,-0.10595,458.84,0.0031647,0.011936,-35.126,-376.69,15361,275805,135506,130818,0.49131,76.875,-8.1446,7.5448,7.2075,-20.303,-26.981,1.1448,6,6,9,6,0,0.75488,4,0.58428,0,-0.13535,0.29745,0.044539,0.0031813,0.064718,0.021302,0.48238,0.50292,-0.10595,-929.77,-1679.4,-148.41,4751.9,3974.4,5544.9,-41078,0.002149
T17,CARD,1,4,D50,8,2,166527,-18017,-0.1082,763.68,0.0045859,0.015992,-39.029,-473,18017,226050,64836,59523,0.28682,88.296,-9.5533,9.4401,8.9849,-23.211,-29.476,1.3189,8,8,12,7,0.47518,0.82336,4,0.72948,0,-0.12943,0.40456,0.12672,0.009544,0.08181,0.031595,0.2764,0.30038,-0.1082,-624.93,-1180.5,-47.436,2095.1,1517.2,2663.4,-19538,-0.00010113
T17,CARD,1,4,D50,10,2,176690,-19170,-0.10849,1088.5,0.0061605,0.020335,-47.197,-509.79,19170,204042,33427,27352,0.16382,93.685,-10.164,11.118,10.726,-29.297,-37.032,1.4948,10,10,15,8,0.55213,0.83979,4,0.77307,0,-0.12139,0.44963,0.18293,0.027041,0.093163,0.035681,0.15647,0.17346,-0.10849,-300.11,-723.77,121.18,942.64,512.31,1358.3,-9375,-0.00040041
T17,CARD,1,0,REC,0,2,183424,-19982,-0.10894,1311.2,0.0071482,0.022467,-51.268,-553,19982,191279,12356,7855,0.064597,97.256,-10.595,12.634,12.322,-32.171,-40.673,1.644,17,14,20,8,0.58262,0.84711,10,0.78963,0.15333,-0.094056,0.4772,0.23065,0.04719,0.099276,0.040328,0.063919,0.065495,-0.10894,-77.449,-322.21,155.67,130.56,-115.94,363.7,-2641,-0.00084459
T17,CARD,1,0,REC,6,2,145269,-15358,-0.10572,508.89,0.0035031,0.011861,-35.126,-369.43,15358,275415,134471,130146,0.48825,77.025,-8.1432,7.5957,7.2671,-20.18,-26.982,1.1464,6,6,9,6,0,0.75764,6,0.5885,0.02966,-0.13561,0.30117,0.041888,0.0031813,0.065217,0.020866,0.47942,0.49973,-0.10572,-879.72,-1619.4,-115.03,4754.5,3983,5526.2,-40796,0.0023727
T17,CARD,1,0,REC,8,2,167106,-18139,-0.10855,722.95,0.0043263,0.013933,-40.195,-465.43,18139,224669,61865,57563,0.27536,88.603,-9.618,9.5602,9.0955,-23.57,-30.577,1.3325,8,8,12,7,0.48548,0.82686,8,0.73487,0.079923,-0.13149,0.40827,0.1315,0.010074,0.082933,0.031252,0.26689,0.28646,-0.10855,-665.66,-1198.1,-106.34,1973.1,1433.5,2506.5,-18959,-0.00045651
T17,CARD,1,0,REC,10,2,177666,-19281,-0.10852,1072.3,0.0060357,0.017033,-48.19,-526.64,19281,202000,28752,24334,0.14234,94.203,-10.223,11.303,10.915,-30.375,-37.966,1.5093,10,10,15,8,0.56547,0.84299,9,0.77825,0.12325,-0.12518,0.45281,0.18558,0.027572,0.093756,0.036367,0.13702,0.14935,-0.10852,-316.27,-673.91,54.254,831.54,467.25,1197.5,-8399,-0.00042969
T17,CARD,1,2,REC,0,2,164346,-18146,-0.11041,710.45,0.0043229,0.011509,-44.012,-494.67,18146,228092,83250,63746,0.36498,87.14,-9.6214,9.9791,9.5917,-23.936,-34.39,1.3897,12,11,16,7,0.40566,0.78327,2,0,0,-0.12606,0.42259,0.13309,0.011135,0.082871,0.031346,0.35711,0.37527,-0.11041,-678.16,-1317.7,-81.696,1966.6,1292,2557.6,-21719,-0.0023192
T17,CARD,1,2,REC,6,2,140270,-15064,-0.10739,348.35,0.0024834,0.013776,-26.204,-368.89,15064,284938,157253,144668,0.55188,74.374,-7.9873,7.0337,6.6985,-16.681,-18.216,1.0857,6,6,9,6,0,0.69618,2,0,0,-0.13015,0.2842,0.035525,0,0.064063,0.019712,0.54203,0.5646,-0.10739,-1040.3,-1835.6,-277.68,5048.5,4233,5798.4,-45795,0.00070113
T17,CARD,1,2,REC,8,2,157751,-17449,-0.11061,416.23,0.0026386,0.014875,-35.583,-463.5,17449,243079,102425,85328,0.42137,83.643,-9.2518,8.8827,8.4797,-20.145,-26.331,1.2774,8,8,12,7,0.34765,0.77105,2,0,0,-0.12567,0.38653,0.11135,0.0031813,0.077038,0.027572,0.41266,0.43268,-0.11061,-972.37,-1602.1,-343.86,2663.7,1996.7,3293.9,-28314,-0.0025157
T17,CARD,1,2,REC,10,2,163479,-18141,-0.11097,574.88,0.0035165,0.013023,-37.669,-484.85,18141,229713,85328,66234,0.37145,86.68,-9.6188,9.7908,9.3711,-23.765,-28.05,1.3681,10,10,14,7,0.40276,0.78224,2,0,0,-0.12517,0.42259,0.1299,0.010604,0.083027,0.030909,0.36323,0.38219,-0.11097,-813.73,-1469.7,-217.54,1971.5,1284,2582.9,-22586,-0.0028747
T17,CARD,1,3,REC,0,2,177378,-19317,-0.1089,1205.6,0.0067966,0.011655,-46.534,-548.18,19317,202222,35345,24844,0.17478,94.05,-10.242,11.544,11.161,-28.095,-36.291,1.5376,16,13,20.5,8,0.53219,0.83145,3,0.76118,0,-0.12276,0.45917,0.18611,0.034995,0.094224,0.036991,0.16778,0.18396,-0.1089,-183.05,-609.22,210.99,795.33,352.77,1205.2,-8687,-0.00081003
T17,CARD,1,3,REC,6,2,143963,-15210,-0.10565,531.24,0.0036901,0.012581,-30.881,-372.4,15210,277432,139840,133469,0.50405,76.332,-8.0645,7.3542,6.993,-19.289,-22.816,1.1232,6,6,9,6,0,0.74337,3,0.56703,0,-0.13399,0.2948,0.039767,0.0010604,0.063377,0.020304,0.49422,0.5168,-0.10565,-857.37,-1640.4,-86.346,4902.8,4092.1,5679.9,-42102,0.002444
T17,CARD,1,3,REC,8,2,164674,-17839,-0.10833,759.62,0.0046129,0.016999,-36.407,-499.28,17839,228857,72495,64183,0.31677,87.314,-9.4584,9.2996,8.8479,-25.312,-26.949,1.3089,8,8,12,7,0.44701,0.81439,3,0.70591,0,-0.12712,0.39555,0.12142,0.0053022,0.080968,0.02963,0.30639,0.33027,-0.10833,-628.99,-1241.8,-29.482,2274,1636.4,2866.8,-21391,-0.00023232
T17,CARD,1,3,REC,10,2,173890,-18942,-0.10893,1001.2,0.0057574,0.018696,-46.057,-512.76,18942,208990,44818,35100,0.21445,92.2,-10.043,10.801,10.402,-25.747,-36.014,1.4626,10,10,14.5,8,0.52059,0.82905,3,0.75345,0,-0.12108,0.44857,0.16331,0.02333,0.089608,0.034901,0.20525,0.22645,-0.10893,-387.45,-868.37,70.141,1171,675.38,1609.6,-12175,-0.00083427
T17,CARD,1,4,REC,0,2,181558,-19772,-0.1089,1272.3,0.0070075,0.020079,-48.661,-537.49,19772,194937,19959,13379,0.10239,96.266,-10.484,12.258,11.909,-30.405,-38.178,1.6089,17,13,20,8,0.56633,0.84321,4,0.78375,0,-0.10982,0.46448,0.21315,0.045069,0.097935,0.039018,0.09811,0.10801,-0.1089,-116.34,-432.94,169.27,340.58,15.299,631.23,-4507,-0.00080744
T17,CARD,1,4,REC,6,2,144987,-15361,-0.10595,458.84,0.0031647,0.011936,-35.126,-376.69,15361,275805,135506,130818,0.49131,76.875,-8.1446,7.5448,7.2075,-20.303,-26.981,1.1448,6,6,9,6,0,0.75488,4,0.58428,0,-0.13535,0.29745,0.044539,0.0031813,0.064718,0.021302,0.48238,0.50292,-0.10595,-929.77,-1679.4,-148.41,4751.9,3974.4,5544.9,-41078,0.002149
T17,CARD,1,4,REC,8,2,166527,-18017,-0.1082,763.68,0.0045859,0.015992,-39.029,-473,18017,226050,64836,59523,0.28682,88.296,-9.5533,9.4401,8.9849,-23.211,-29.476,1.3189,8,8,12,7,0.47518,0.82336,4,0.72948,0,-0.12943,0.40456,0.12672,0.009544,0.08181,0.031595,0.2764,0.30038,-0.1082,-624.93,-1180.5,-47.436,2095.1,1517.2,2663.4,-19538,-0.00010113
T17,CARD,1,4,REC,10,2,176690,-19170,-0.10849,1088.5,0.0061605,0.020335,-47.197,-509.79,19170,204042,33427,27352,0.16382,93.685,-10.164,11.118,10.726,-29.297,-37.032,1.4948,10,10,15,8,0.55213,0.83979,4,0.77307,0,-0.12139,0.44963,0.18293,0.027041,0.093163,0.035681,0.15647,0.17346,-0.10849,-300.11,-723.77,121.18,942.64,512.31,1358.3,-9375,-0.00040041
