set,scope,thin,cs_cap,cluster,book_cap,clusters_active,trader,wave,intended,trades,sumR,meanR,meanG,blocked_first,blocked_flat,rerouted,blocked_R,blocked_G,by_cs,by_cl,by_book,blocked_share,trades_base,sumR_base,meanR_base,d_trades_pct,dR
T17S,CARD,1,0,off,0,0,N10_HA_PSAR,W1,13237,13237,-1399.4,-0.10572,0.0059124,0,0,0,,,0,0,0,0,13237,-1399.4,-0.10572,0,0
T17S,CARD,1,0,off,0,0,F16_FIB382,W1,9507,9507,-959.65,-0.10094,0.025653,0,0,0,,,0,0,0,0,9507,-959.65,-0.10094,0,0
T17S,CARD,1,0,off,0,0,F9_FVG,W1,12857,12857,-1599.8,-0.12443,0.0003198,0,0,0,,,0,0,0,0,12857,-1599.8,-0.12443,0,0
T17S,CARD,1,0,off,0,0,N18_VWMA_MACD,W1,14860,14860,-1644.5,-0.11066,0.0064192,0,0,0,,,0,0,0,0,14860,-1644.5,-0.11066,0,0
T17S,CARD,1,0,off,0,0,S4_BB_BBP,W1,7129,7129,-686.68,-0.096322,-0.0025708,0,0,0,,,0,0,0,0,7129,-686.68,-0.096322,0,0
T17S,CARD,1,0,off,0,0,N25_DST_CCI,W1,10867,10867,-1441.8,-0.13268,-0.0060694,0,0,0,,,0,0,0,0,10867,-1441.8,-0.13268,0,0
T17S,CARD,1,0,off,0,0,F6_VWAP_CROSS,W1,11052,11052,-960.53,-0.08691,0.0065612,0,0,0,,,0,0,0,0,11052,-960.53,-0.08691,0,0
T17S,CARD,1,0,off,0,0,N23_HA_ST,W1,15194,15194,-1432.5,-0.094278,0.0029783,0,0,0,,,0,0,0,0,15194,-1432.5,-0.094278,0,0
T17S,CARD,1,0,off,0,0,F4_FAN,W1,11876,11876,-1221.2,-0.10283,0.016185,0,0,0,,,0,0,0,0,11876,-1221.2,-0.10283,0,0
T17S,CARD,1,0,off,0,0,V39_ALL,W1,11101,11101,-1316.3,-0.11857,0.0099728,0,0,0,,,0,0,0,0,11101,-1316.3,-0.11857,0,0
T17S,CARD,1,0,off,0,0,F16_FIB500,W2,10562,10562,-1291.8,-0.12231,0.0080011,0,0,0,,,0,0,0,0,10562,-1291.8,-0.12231,0,0
T17S,CARD,1,0,off,0,0,F7_RF_TRIPLE,W2,10785,10785,-750.83,-0.069618,0.007499,0,0,0,,,0,0,0,0,10785,-750.83,-0.069618,0,0
T17S,CARD,1,0,off,0,0,N09_ALLIG_AROON,R,9239,9239,-1033.6,-0.11188,0.013013,0,0,0,,,0,0,0,0,9239,-1033.6,-0.11188,0,0
T17S,CARD,1,0,off,0,0,F9_IFVG,R,10895,10895,-1200.4,-0.11018,0.013562,0,0,0,,,0,0,0,0,10895,-1200.4,-0.11018,0,0
T17S,CARD,1,0,off,0,0,N07_ICHI_CMO,W2,7826,7826,-1068.5,-0.13654,0.0042342,0,0,0,,,0,0,0,0,7826,-1068.5,-0.13654,0,0
T17S,CARD,1,0,off,0,0,DOGE,W2,8016,8016,-762.69,-0.095146,0.01403,0,0,0,,,0,0,0,0,8016,-762.69,-0.095146,0,0
T17S,CARD,1,0,off,0,0,N13_3OUTSIDE,W2,6908,6908,-926.77,-0.13416,0.003827,0,0,0,,,0,0,0,0,6908,-926.77,-0.13416,0,0
T17S,CARD,1,0,HUB,0,1,N10_HA_PSAR,W1,13237,13237,-1399.4,-0.10572,0.0059124,0,0,0,,,0,0,0,0,13237,-1399.4,-0.10572,0,0
T17S,CARD,1,0,HUB,0,1,F16_FIB382,W1,9507,9507,-959.65,-0.10094,0.025653,0,0,0,,,0,0,0,0,9507,-959.65,-0.10094,0,0
T17S,CARD,1,0,HUB,0,1,F9_FVG,W1,12857,12857,-1599.8,-0.12443,0.0003198,0,0,0,,,0,0,0,0,12857,-1599.8,-0.12443,0,0
T17S,CARD,1,0,HUB,0,1,N18_VWMA_MACD,W1,22359,12888,-1622.1,-0.12586,-0.0066231,12063,9471,2592,-0.1112,0.029055,0,12063,0,0.53951,14860,-1644.5,-0.11066,-0.13271,22.377
T17S,CARD,1,0,HUB,0,1,S4_BB_BBP,W1,7129,7129,-686.68,-0.096322,-0.0025708,0,0,0,,,0,0,0,0,7129,-686.68,-0.096322,0,0
T17S,CARD,1,0,HUB,0,1,N25_DST_CCI,W1,10867,10867,-1441.8,-0.13268,-0.0060694,0,0,0,,,0,0,0,0,10867,-1441.8,-0.13268,0,0
T17S,CARD,1,0,HUB,0,1,F6_VWAP_CROSS,W1,11052,11052,-960.53,-0.08691,0.0065612,0,0,0,,,0,0,0,0,11052,-960.53,-0.08691,0,0
T17S,CARD,1,0,HUB,0,1,N23_HA_ST,W1,17353,14409,-1349.4,-0.093653,0.0057109,5858,2944,2914,-0.088795,0.020318,0,5858,0,0.33758,15194,-1432.5,-0.094278,-0.051665,83.024
T17S,CARD,1,0,HUB,0,1,F4_FAN,W1,16789,9655,-953.85,-0.098794,0.022806,8267,7134,1133,-0.12621,0.0049519,0,8267,0,0.49241,11876,-1221.2,-0.10283,-0.18702,267.33
T17S,CARD,1,0,HUB,0,1,V39_ALL,W1,14850,9268,-1227.4,-0.13243,-0.0005207,6913,5582,1331,-0.13078,0.0067561,0,6913,0,0.46552,11101,-1316.3,-0.11857,-0.16512,88.896
T17S,CARD,1,0,HUB,0,1,F16_FIB500,W2,10562,10562,-1291.8,-0.12231,0.0080011,0,0,0,,,0,0,0,0,10562,-1291.8,-0.12231,0,0
T17S,CARD,1,0,HUB,0,1,F7_RF_TRIPLE,W2,13179,9951,-722.91,-0.072647,0.0087895,5690,3228,2462,-0.067015,0.016495,0,5690,0,0.43175,10785,-750.83,-0.069618,-0.07733,27.927
T17S,CARD,1,0,HUB,0,1,N09_ALLIG_AROON,R,9239,9239,-1033.6,-0.11188,0.013013,0,0,0,,,0,0,0,0,9239,-1033.6,-0.11188,0,0
T17S,CARD,1,0,HUB,0,1,F9_IFVG,R,10895,10895,-1200.4,-0.11018,0.013562,0,0,0,,,0,0,0,0,10895,-1200.4,-0.11018,0,0
T17S,CARD,1,0,HUB,0,1,N07_ICHI_CMO,W2,7826,7826,-1068.5,-0.13654,0.0042342,0,0,0,,,0,0,0,0,7826,-1068.5,-0.13654,0,0
T17S,CARD,1,0,HUB,0,1,DOGE,W2,11346,5789,-641.23,-0.11077,0.0014886,6518,5557,961,-0.10076,0.014644,0,6518,0,0.57448,8016,-762.69,-0.095146,-0.27782,121.46
T17S,CARD,1,0,HUB,0,1,N13_3OUTSIDE,W2,6908,6908,-926.77,-0.13416,0.003827,0,0,0,,,0,0,0,0,6908,-926.77,-0.13416,0,0
T17S,CARD,1,4,HUB,10,1,N10_HA_PSAR,W1,13548,13064,-1336.6,-0.10231,0.0084997,543,484,59,-0.16642,-0.0096015,197,0,377,0.04008,13237,-1399.4,-0.10572,-0.013069,62.836
T17S,CARD,1,4,HUB,10,1,F16_FIB382,W1,9789,9320,-886.94,-0.095165,0.03117,516,469,47,-0.21151,-0.049429,174,0,375,0.052712,9507,-959.65,-0.10094,-0.01967,72.708
T17S,CARD,1,4,HUB,10,1,F9_FVG,W1,13131,12684,-1564.1,-0.12332,0.00093894,499,447,52,-0.10904,0.071954,156,0,360,0.038002,12857,-1599.8,-0.12443,-0.013456,35.629
T17S,CARD,1,4,HUB,10,1,N18_VWMA_MACD,W1,22962,12856,-1616.2,-0.12572,-0.0067789,12691,10106,2585,-0.12201,0.018871,931,12200,1468,0.5527,14860,-1644.5,-0.11066,-0.13486,28.239
T17S,CARD,1,4,HUB,10,1,S4_BB_BBP,W1,7310,6981,-681.4,-0.097608,-0.0045385,365,329,36,-0.078253,0.048933,142,0,240,0.049932,7129,-686.68,-0.096322,-0.02076,5.2788
T17S,CARD,1,4,HUB,10,1,N25_DST_CCI,W1,11115,10727,-1378.2,-0.12848,-0.0027611,413,388,25,-0.23009,-0.040842,90,0,339,0.037157,10867,-1441.8,-0.13268,-0.012883,63.593
T17S,CARD,1,4,HUB,10,1,F6_VWAP_CROSS,W1,11300,11039,-1000.5,-0.090637,0.0028858,318,261,57,-0.058391,0.071832,114,0,216,0.028142,11052,-960.53,-0.08691,-0.0011763,-40.013
T17S,CARD,1,4,HUB,10,1,N23_HA_ST,W1,17674,14340,-1360,-0.094843,0.0037431,6190,3334,2856,-0.087138,0.024091,359,5966,475,0.35023,15194,-1432.5,-0.094278,-0.056206,72.417
T17S,CARD,1,4,HUB,10,1,F4_FAN,W1,17203,9537,-942.81,-0.098858,0.02174,8763,7666,1097,-0.12724,0.0067038,555,8396,1068,0.50939,11876,-1221.2,-0.10283,-0.19695,278.37
T17S,CARD,1,4,HUB,10,1,V39_ALL,W1,15402,9067,-1157.8,-0.1277,0.0031114,7596,6335,1261,-0.12878,0.012513,379,7156,1129,0.49318,11101,-1316.3,-0.11857,-0.18323,158.44
T17S,CARD,1,4,HUB,10,1,F16_FIB500,W2,10973,10340,-1310.8,-0.12677,0.0027463,676,633,43,-0.15393,0.020562,237,0,494,0.061606,10562,-1291.8,-0.12231,-0.021019,-18.953
T17S,CARD,1,4,HUB,10,1,F7_RF_TRIPLE,W2,13371,9867,-677.16,-0.068629,0.013002,5929,3504,2425,-0.069972,0.014543,326,5782,381,0.44342,10785,-750.83,-0.069618,-0.085118,73.672
T17S,CARD,1,4,HUB,10,1,N09_ALLIG_AROON,R,9543,8928,-1004.7,-0.11253,0.01035,656,615,41,-0.13054,0.038438,236,0,465,0.068741,9239,-1033.6,-0.11188,-0.033662,28.934
T17S,CARD,1,4,HUB,10,1,F9_IFVG,R,11110,10781,-1184.7,-0.10989,0.012885,349,329,20,-0.12531,0.06144,118,0,244,0.031413,10895,-1200.4,-0.11018,-0.010464,15.676
T17S,CARD,1,4,HUB,10,1,N07_ICHI_CMO,W2,8263,7405,-979.64,-0.13229,0.006444,893,858,35,-0.14819,0.032466,278,0,672,0.10807,7826,-1068.5,-0.13654,-0.053795,88.903
T17S,CARD,1,4,HUB,10,1,DOGE,W2,11661,5622,-622.74,-0.11077,-0.00024946,6959,6039,920,-0.11228,0.0057658,259,6568,1036,0.59678,8016,-762.69,-0.095146,-0.29865,139.95
T17S,CARD,1,4,HUB,10,1,N13_3OUTSIDE,W2,7070,6599,-886.83,-0.13439,0.001238,487,471,16,-0.13411,0.045952,117,0,402,0.068883,6908,-926.77,-0.13416,-0.044731,39.935
T17S,CARD,1,3,HUB,8,1,N10_HA_PSAR,W1,14652,12567,-1393.4,-0.11088,-0.0012497,2325,2085,240,-0.1156,0.031912,839,0,1766,0.15868,13237,-1399.4,-0.10572,-0.050616,6.0282
T17S,CARD,1,3,HUB,8,1,F16_FIB382,W1,10586,8625,-867.98,-0.10064,0.024623,2098,1961,137,-0.12518,0.028713,700,0,1626,0.19819,9507,-959.65,-0.10094,-0.092774,91.668
T17S,CARD,1,3,HUB,8,1,F9_FVG,W1,14018,12204,-1501.4,-0.12302,0.00055672,2006,1814,192,-0.12643,0.033335,710,0,1500,0.1431,12857,-1599.8,-0.12443,-0.050789,98.404
T17S,CARD,1,3,HUB,8,1,N18_VWMA_MACD,W1,24548,12526,-1462.9,-0.11679,0.0011486,14491,12022,2469,-0.13251,0.010875,2933,12376,4905,0.59031,14860,-1644.5,-0.11066,-0.15707,181.59
T17S,CARD,1,3,HUB,8,1,S4_BB_BBP,W1,7730,6479,-637.24,-0.098355,-0.007466,1364,1251,113,-0.10746,0.02007,555,0,980,0.17646,7129,-686.68,-0.096322,-0.091177,49.436
T17S,CARD,1,3,HUB,8,1,N25_DST_CCI,W1,11918,10274,-1315.7,-0.12806,-0.0039864,1752,1644,108,-0.17893,-0.0051332,500,0,1418,0.147,10867,-1441.8,-0.13268,-0.054569,126.11
T17S,CARD,1,3,HUB,8,1,F6_VWAP_CROSS,W1,11916,10863,-970.91,-0.089378,0.0041338,1285,1053,232,-0.12693,0.0046167,561,0,831,0.10784,11052,-960.53,-0.08691,-0.017101,-10.383
T17S,CARD,1,3,HUB,8,1,N23_HA_ST,W1,18681,14052,-1342.7,-0.095554,0.0022254,7399,4629,2770,-0.1054,0.0095343,1351,6286,1920,0.39607,15194,-1432.5,-0.094278,-0.075161,89.742
T17S,CARD,1,3,HUB,8,1,F4_FAN,W1,18731,9106,-934.61,-0.10264,0.016005,10662,9625,1037,-0.13453,0.0050237,1955,8779,3857,0.56922,11876,-1221.2,-0.10283,-0.23324,286.57
T17S,CARD,1,3,HUB,8,1,V39_ALL,W1,16932,8389,-1088.8,-0.12979,0.00085063,9669,8543,1126,-0.13531,0.0092692,1553,7725,4127,0.57105,11101,-1316.3,-0.11857,-0.2443,227.46
T17S,CARD,1,3,HUB,8,1,F16_FIB500,W2,12040,9705,-1249.4,-0.12874,-0.00066891,2477,2335,142,-0.13355,0.026647,872,0,1901,0.20573,10562,-1291.8,-0.12231,-0.08114,42.39
T17S,CARD,1,3,HUB,8,1,F7_RF_TRIPLE,W2,14398,9681,-652.9,-0.067441,0.013549,7111,4717,2394,-0.075078,0.01347,1232,6143,1776,0.49389,10785,-750.83,-0.069618,-0.10236,97.939
T17S,CARD,1,3,HUB,8,1,N09_ALLIG_AROON,R,10339,8243,-907.64,-0.11011,0.010764,2234,2096,138,-0.13495,0.024645,927,0,1596,0.21608,9239,-1033.6,-0.11188,-0.1078,125.99
T17S,CARD,1,3,HUB,8,1,F9_IFVG,R,11805,10364,-1223.6,-0.11806,0.0034493,1545,1441,104,-0.1159,0.05598,603,0,1105,0.13088,10895,-1200.4,-0.11018,-0.048738,-23.163
T17S,CARD,1,3,HUB,8,1,N07_ICHI_CMO,W2,9240,6435,-838.69,-0.13033,0.0056697,2917,2805,112,-0.16501,0.0094694,1027,0,2288,0.31569,7826,-1068.5,-0.13654,-0.17774,229.85
T17S,CARD,1,3,HUB,8,1,DOGE,W2,12604,5081,-561.98,-0.1106,-0.0039818,8316,7523,793,-0.11311,0.0075386,1093,6788,3365,0.65979,8016,-762.69,-0.095146,-0.36614,200.71
T17S,CARD,1,3,HUB,8,1,N13_3OUTSIDE,W2,7409,5932,-750.68,-0.12655,0.0061896,1529,1477,52,-0.15524,0.017314,477,0,1228,0.20637,6908,-926.77,-0.13416,-0.14129,176.09
T17S,CARD,1,4,REC,10,1,N10_HA_PSAR,W1,13795,12978,-1353.1,-0.10426,0.0064015,974,817,157,-0.13877,0.0072628,438,0,623,0.070605,13237,-1399.4,-0.10572,-0.019566,46.289
T17S,CARD,1,4,REC,10,1,F16_FIB382,W1,9985,9179,-893.54,-0.097346,0.029333,894,806,88,-0.1766,-0.020487,375,0,591,0.089534,9507,-959.65,-0.10094,-0.034501,66.109
T17S,CARD,1,4,REC,10,1,F9_FVG,W1,13296,12569,-1575.9,-0.12538,-0.0011509,851,727,124,-0.087341,0.070987,385,0,527,0.064004,12857,-1599.8,-0.12443,-0.0224,23.875
T17S,CARD,1,4,REC,10,1,N18_VWMA_MACD,W1,16452,14633,-1537.5,-0.10507,0.011459,2147,1819,328,-0.15698,0.0062584,1165,0,1208,0.1305,14860,-1644.5,-0.11066,-0.015276,106.94
T17S,CARD,1,4,REC,10,1,S4_BB_BBP,W1,7376,6833,-650.01,-0.095129,-0.0025304,626,543,83,-0.093352,0.031028,317,0,368,0.08487,7129,-686.68,-0.096322,-0.041521,36.666
T17S,CARD,1,4,REC,10,1,N25_DST_CCI,W1,11285,10614,-1400.5,-0.13195,-0.0066422,718,671,47,-0.14376,0.037156,218,0,551,0.063624,10867,-1441.8,-0.13268,-0.023281,41.31
T17S,CARD,1,4,REC,10,1,F6_VWAP_CROSS,W1,11529,11077,-998.33,-0.090126,0.0037055,571,452,119,-0.10187,0.028146,264,0,344,0.049527,11052,-960.53,-0.08691,0.002262,-37.796
T17S,CARD,1,4,REC,10,1,N23_HA_ST,W1,15702,15052,-1425,-0.094674,0.0024111,924,650,274,-0.15243,-0.016497,539,0,467,0.058846,15194,-1432.5,-0.094278,-0.0093458,7.4282
T17S,CARD,1,4,REC,10,1,F4_FAN,W1,12781,11534,-1165,-0.101,0.016667,1371,1247,124,-0.13235,0.028971,685,0,803,0.10727,11876,-1221.2,-0.10283,-0.028798,56.226
T17S,CARD,1,4,REC,10,1,V39_ALL,W1,12064,10639,-1269.1,-0.11928,0.0082015,1556,1425,131,-0.12403,0.039092,573,0,1106,0.12898,11101,-1316.3,-0.11857,-0.041618,47.197
T17S,CARD,1,4,REC,10,1,F16_FIB500,W2,11097,10225,-1289.3,-0.12609,0.0030032,949,872,77,-0.15039,0.013122,369,0,653,0.085519,10562,-1291.8,-0.12231,-0.031907,2.5528
T17S,CARD,1,4,REC,10,1,F7_RF_TRIPLE,W2,11528,10602,-694.71,-0.065526,0.012233,1556,926,630,-0.10459,-0.014474,525,920,396,0.13498,10785,-750.83,-0.069618,-0.016968,56.123
T17S,CARD,1,4,REC,10,1,N09_ALLIG_AROON,R,9766,8739,-997.61,-0.11416,0.0089924,1105,1027,78,-0.11906,0.035446,543,0,691,0.11315,9239,-1033.6,-0.11188,-0.054118,36.021
T17S,CARD,1,4,REC,10,1,F9_IFVG,R,11229,10656,-1200.7,-0.11268,0.0097384,608,573,35,-0.11806,0.054016,258,0,389,0.054146,10895,-1200.4,-0.11018,-0.021937,-0.34071
T17S,CARD,1,4,REC,10,1,N07_ICHI_CMO,W2,8513,7102,-898.72,-0.12654,0.01216,1490,1411,79,-0.17455,-0.0026723,664,0,1001,0.17503,7826,-1068.5,-0.13654,-0.092512,169.82
T17S,CARD,1,4,REC,10,1,DOGE,W2,9334,7185,-684.98,-0.095335,0.01337,2542,2149,393,-0.11859,0.0051226,486,1528,984,0.27234,8016,-762.69,-0.095146,-0.10367,77.71
T17S,CARD,1,4,REC,10,1,N13_3OUTSIDE,W2,7144,6421,-852.95,-0.13284,0.0023418,758,723,35,-0.14594,0.024382,250,0,581,0.1061,6908,-926.77,-0.13416,-0.070498,73.819
