signals,long_share,fwd1_mean_pct,fwd1_hit,fwd1_t,fwd4_mean_pct,fwd4_hit,fwd4_t,fwd8_mean_pct,fwd8_hit,fwd8_t,fwd16_mean_pct,fwd16_hit,fwd16_t,fwd32_mean_pct,fwd32_hit,fwd32_t,fwd64_mean_pct,fwd64_hit,fwd64_t,window,symbol,strategy
563,0.46003552397868563,0.001219761438643955,0.5186500888099467,0.2525862580624336,0.00998573299927882,0.522202486678508,1.0446056388860336,0.02328378968280272,0.5488454706927176,1.5868114213139097,0.04284780075554554,0.5683836589698046,2.1841513623712956,0.061399825071448554,0.566607460035524,2.6268243530846185,0.09015751992663404,0.5719360568383659,2.789853092536576,IS,BTCUSD,V45_EXACT_AMB
557,0.4614003590664273,0.0009790718221096744,0.5170556552962298,0.20149372553186803,0.01023041660829789,0.5242369838420108,1.0604397451219134,0.022848784618905583,0.5493716337522442,1.54404111986906,0.042957642463155206,0.5691202872531418,2.1706964477525137,0.06246217910325574,0.5673249551166966,2.653758428438721,0.09196856069043698,0.5727109515260324,2.82028003349194,IS,BTCUSD,V45_EXACT_AMB_G1
550,0.49454545454545457,-0.006769770023299451,0.509090909090909,-1.1154825365839742,-0.01864252412712714,0.4781818181818182,-1.4955415579288243,2.0801637377377734e-05,0.5036363636363637,0.0011931798399413716,0.0034234209942577724,0.5127272727272727,0.1485656205574954,0.04548025497697903,0.5309090909090909,1.3132120278040282,0.14030360108727621,0.56,2.913598174073913,IS,ETHUSD,V45_EXACT_AMB
545,0.4954128440366973,-0.006786626595594892,0.5119266055045871,-1.1101899509042328,-0.019224035670714814,0.48073394495412847,-1.5347996012037868,0.00029307868355257555,0.5045871559633027,0.016807965065060153,0.005807803792191906,0.5155963302752293,0.25291227023224505,0.05098686238036216,0.5321100917431193,1.4729185015882174,0.14361969196541335,0.563302752293578,2.9938366997319488,IS,ETHUSD,V45_EXACT_AMB_G1
528,0.5378787878787878,0.005585264681955873,0.4678030303030303,0.7587504080106476,0.03996352517416894,0.5284090909090909,2.826002922758876,0.03129682667776723,0.5189393939393939,1.382139796993311,0.04919465383234509,0.5435606060606061,1.635663014835927,0.08123981762562789,0.5208333333333334,1.9280831712514315,0.17809072633703807,0.5662878787878788,3.0467154685489986,IS,SOLUSD,V45_EXACT_AMB
518,0.5366795366795367,0.0057276319954295074,0.46525096525096526,0.7656793212998072,0.039765013580960996,0.528957528957529,2.7704077715809396,0.022577878016710334,0.5193050193050193,1.042559177773045,0.05228016724185061,0.5463320463320464,1.759361485803191,0.08150261422804511,0.5193050193050193,1.9261352700169045,0.1805736787682082,0.5675675675675675,3.0616405345858286,IS,SOLUSD,V45_EXACT_AMB_G1
1644,0.4708029197080292,0.0041787515638356705,0.5072992700729927,1.4578174407609168,0.010317050888850475,0.5298053527980535,1.5730704098357364,0.010604725546423206,0.5158150851581509,1.1829673089307051,0.015127726890666465,0.5158150851581509,1.240281606247136,-0.0021387147348802572,0.5218978102189781,-0.12068883251075177,0.008160981737826409,0.5267639902676399,0.3068458822936927,OOS,BTCUSD,V45_EXACT_AMB
1616,0.46967821782178215,0.004500863824937536,0.5086633663366337,1.5583532015062933,0.01225934588533349,0.5321782178217822,1.865685941123104,0.013121082774110613,0.5191831683168316,1.4517589305640646,0.017061805930545088,0.5173267326732673,1.3999885950027546,0.00014770962831543076,0.5216584158415841,0.008295576137495327,0.010776895335431639,0.5272277227722773,0.40320220013001706,OOS,BTCUSD,V45_EXACT_AMB_G1
1792,0.44252232142857145,0.002657529313893293,0.52734375,0.6903695507843576,0.0027049752765517365,0.5223214285714286,0.34566351668533246,0.008373474536935408,0.52734375,0.6983983213243865,0.020621265621584964,0.5340401785714286,1.1773166752826523,-0.0022317906697562452,0.5189732142857143,-0.08946673441561842,-0.044653513588495196,0.51171875,-1.1016124904113327,OOS,ETHUSD,V45_EXACT_AMB
1753,0.4381061038220194,0.0032903105973206676,0.5288077581289219,0.8474720101360321,0.003218311146882597,0.5213918996006845,0.4070409766973695,0.010097066507560655,0.5276668568168853,0.8312090539130588,0.024132132169910153,0.5356531660011409,1.3704274372589047,0.005168229131540005,0.5219623502567028,0.20505545000004674,-0.028900598748940937,0.5162578436965203,-0.7063863589272577,OOS,ETHUSD,V45_EXACT_AMB_G1
1656,0.41847826086956524,-0.004856384964424585,0.4975845410628019,-1.0495061783191664,-0.017835294600715555,0.4975845410628019,-1.7712033218150236,-0.02452842272814914,0.4975845410628019,-1.7934087255576834,-0.021030158206177717,0.501207729468599,-1.1012792152771638,0.01621458843126016,0.5126811594202898,0.5762671898415517,-0.05800495378357384,0.4692028985507246,-1.3570298575286777,OOS,SOLUSD,V45_EXACT_AMB
1621,0.4164096236890808,-0.005230870351251244,0.49784083898827886,-1.1181228991516425,-0.01967354882031202,0.49660703269586676,-1.9520342159759254,-0.024399685920448798,0.4972239358420728,-1.763472505021446,-0.02193498779697608,0.5009253547193091,-1.1327286212712009,0.012528054992515449,0.5101789019123998,0.43861653213494417,-0.05380255747057147,0.47069710055521286,-1.246250085446049,OOS,SOLUSD,V45_EXACT_AMB_G1
