source,kind,setup,n_strategies,switch_P1,switch_P2,switch_P3,switch_P4,ignore_P1,ignore_P2,ignore_P3,ignore_P4,entry_pd,switch_pd,trades_pd,occupancy
live_v3b,strategy,A,30,42.22664015904573,32.92246520874752,30.229496351005082,50.213479104263314,40.79522862823062,30.0596421471173,23.077726956814672,49.50495027722554,5.725646123260438,7.872763419483103,5.725646123260438,0.5293240059642148
live_v3b,strategy,B,30,42.22664015904573,37.216699801192846,30.945202116412638,53.14114644201457,39.36381709741551,33.638170974155074,24.503220665451735,53.114579176827924,7.157057654075548,9.304174950298211,7.157057654075548,0.609840896288933
live_v3b,strategy,C,30,42.22664015904573,37.216699801192846,30.945202116412638,53.14114644201457,39.36381709741551,33.638170974155074,24.503220665451735,53.114579176827924,7.157057654075548,9.304174950298211,7.157057654075548,0.609840896288933
live_v4,ds200,A,44,57.866050808314085,39.24249422632794,37.401921468308956,60.36612162519886,55.2055427251732,34.586605080831404,24.793117775109053,58.0381770524506,4.655889145496536,9.97690531177829,4.655889145496536,0.6420322671285605
live_v4,ds200,B,44,56.203233256351034,40.905311778290994,38.410201682884264,58.03144879604824,51.21478060046189,36.249422632794456,26.412757496997692,57.03662508745188,5.321016166281755,12.637413394919168,4.988452655889145,0.6695149769053119
live_v4,ds200,C,44,56.203233256351034,40.572748267898376,37.74507466209904,57.69888528565563,50.88221709006928,35.916859122401846,26.105819851680778,56.70406157705927,4.988452655889145,12.637413394919168,4.988452655889145,0.6695149769053119
live_v4,strategy,A,31,47.224018475750576,37.9122401847575,28.077622777007957,48.71762277895817,45.89376443418014,33.92147806004619,18.805043874056967,44.705798296638434,3.990762124711316,9.311778290993072,3.990762124711316,0.6023094072363356
live_v4,strategy,B,32,47.224018475750576,42.23556581986143,29.460766731947647,54.7252963740313,42.90069284064665,36.581986143187066,19.418334094380292,53.39504233246087,4.655889145496536,9.97690531177829,4.3233256351039255,0.7210161316397228
live_v4,strategy,C,32,47.224018475750576,42.23556581986143,29.460766731947647,54.3927328636387,42.90069284064665,36.91454965357967,19.08577058398768,53.06247882206826,4.655889145496536,9.97690531177829,4.655889145496536,0.7265588452655889
5y_sim,strategy,A,35,35.677453580901854,24.50610079575597,23.93627553050398,38.87442119805481,35.04403183023873,23.56870026525199,19.7906015694076,38.26819613910993,4.638196286472149,4.796286472148541,4.638196286472149,0.4267130857648099
5y_sim_live_overlap,strategy,A,32,36.10583554376659,25.555437665782495,26.541498194812846,42.52664408340701,35.717771883289124,23.92944297082228,22.32240005157677,41.392691828765095,4.638196286472149,4.796286472148541,4.638196286472149,0.4267130857648099
5y_sim,strategy,B,35,33.91246684350133,29.77029177718833,24.494948165340404,42.68203300913645,32.52413793103448,28.512997347480106,19.37293225022104,42.282033009136455,4.616445623342175,6.140583554376658,4.616445623342175,0.5416003536693191
5y_sim_live_overlap,strategy,B,32,34.49787798408488,31.075862068965517,26.668617926613614,46.48135002210433,33.03342175066312,29.122281167108753,21.168617926613614,45.44607150751547,4.616445623342175,6.140583554376658,4.616445623342175,0.5416003536693191
5y_sim,strategy,C,35,34.57771883289125,28.572944297082227,24.48700895225464,41.90867956086059,33.275331564986736,27.377718832891247,19.477034409077515,41.50549653698791,4.7156498673740055,5.819628647214855,4.7156498673740055,0.5151912024756852
5y_sim_live_overlap,strategy,C,32,35.175066312997345,29.657029177718833,26.960157106542884,45.58323402961981,33.97665782493368,27.781432360742706,21.723287080017684,44.55644357869143,4.7156498673740055,5.819628647214855,4.7156498673740055,0.5151912024756852
