tf,exit,trades,wins,losses,wr,avg_win,avg_loss,payoff,pf,exp,long_n,long_wr,long_exp,short_n,short_wr,short_exp,tp_share
5m,ATR_SL2_TP3,1662044,635026,1027018,0.3820753241189764,0.9192217839333463,-0.7998761730866555,1.1492051080683476,0.7105767600530961,-0.1430512639659681,767530,0.3831850220838273,-0.13806581816751207,894514,0.38112315737931435,-0.14732898260836944,
5m,TIME_H,1857197,700978,1156219,0.37743868851823476,0.6600316414719501,-0.629844189245608,1.0479284444340098,0.6353249558452709,-0.14299514734820434,851750,0.3805647196947461,-0.13764305228022206,1005447,0.37479051605902647,-0.14752909789373672,
15m,ATR_SL2_TP3,569272,224584,344688,0.39451088407650475,1.6455191870139039,-1.311743048419132,1.2544523784570671,0.8173476679298437,-0.14507090947238438,263356,0.3909650814866568,-0.14758673428124502,305916,0.39756338341244,-0.14290509415588473,
15m,TIME_H,631566,264887,366679,0.41941301463346664,1.145654239598337,-1.0812958299004691,1.0595197058179646,0.7653915176898681,-0.14728398781376686,289128,0.42187889101021003,-0.1293029169593128,342438,0.4173310205059018,-0.16246580482591672,
30m,ATR_SL2_TP3,294359,115847,178512,0.3935568472511457,2.348683378582313,-1.809158714579024,1.2982185364144967,0.8424908285606021,-0.1728114890263439,137898,0.3872499963741316,-0.1860849045390616,156461,0.3991154345172279,-0.16111287114474568,
30m,TIME_H,319848,138745,181103,0.4337841724819289,1.6412922867840578,-1.5576683358680319,1.0536853378799829,0.8072399253693103,-0.17000984936861918,147834,0.43503524223115114,-0.1365696103278574,172014,0.43270896554931576,-0.1987493955587664,
1h,ATR_SL2_TP3,149417,59656,89761,0.39925845118025394,3.3270614861022945,-2.5235409803098108,1.318409929564067,0.8762275682988602,-0.18763850109874028,70401,0.38956832999531255,-0.22461022917292756,79016,0.4078920724916473,-0.15469774697108432,
1h,TIME_H,161795,73108,88687,0.4518557433789672,2.355075134621002,-2.191571420942339,1.0746056971341411,0.8858375331906908,-0.13714306169684465,75194,0.44738941936856663,-0.11242726622456788,86601,0.45573376750845834,-0.15860331648307552,
4h,ATR_SL2_TP3,35678,14483,21195,0.40593643141431696,6.573849901982827,-4.967601052536247,1.3233449772756,0.9042701253070308,-0.282505638715412,16956,0.4009200283085633,-0.2916394438057173,18722,0.4104796496100844,-0.27423340289064896,
4h,TIME_H,38576,17804,20772,0.46153048527581914,4.705144905043041,-4.489796359115492,1.0479639896117634,0.898226019210853,-0.24605065538575044,17910,0.45650474595198215,-0.000837983383846315,20666,0.465885996322462,-0.4585619761809746,
1d,ATR_SL2_TP3,5227,1975,3252,0.37784580065046874,16.19435937364473,-12.431707258098813,1.3026657592097564,0.7911331102211773,-1.6154681921540088,2500,0.3824,-1.5249506998527012,2727,0.3736707004033737,-1.6984508583634956,
1d,TIME_H,5635,2605,3030,0.4622892635314996,12.364817114586966,-11.324847221707001,1.0918308099456382,0.9386862243922071,-0.3733697423732325,2614,0.4342004590665646,1.402313503509994,3021,0.48659384309831183,-1.909826546325154,
