tf,split,strategy,exit,trades,n_long,n_short,trades_per_year,win_rate,win_rate_gross,avg_win,avg_loss,payoff,pf_net,pf_gross,exp_gross,exp_net,cost_per_trade,sum_net,sum_gross,mdd_net,exp_net_long,exp_net_short,exp_gross_long,exp_gross_short,coins_pos
1d,is,S2_ST_ROC,TIME_H,247,153.0,94.0,101.253367003367,0.44534412955465585,0.4777327935222672,0.14682883298909039,-0.1112521704033268,1.319783986746381,1.059680573300014,1.160614586733523,0.009414673212729442,0.0036826894070614157,0.005731983805668018,0.9096242835441697,2.325424283544172,4.838296012166616,0.012965189739267701,-0.011426061133657312,0.01870244464122849,-0.005702656878338157,4.0
1d,is,S2_ST_ROC,ATR_SL2_TP3,208,133.0,75.0,85.26599326599327,0.3798076923076923,0.38461538461538464,0.17430101490201105,-0.12917818164015715,1.3493069238855637,0.8263197440849577,0.9038724328515956,-0.007285121415006717,-0.013914448338083649,0.006629326923076924,-2.894205254321399,-1.5153052543213972,5.801370334702991,-0.01962696463824716,-0.0037842527657936816,-0.01353824283373588,0.0038037472342063177,2.0
1d,is,S5_DONCHIAN_MFI,TIME_H,2,0.0,2.0,6.1386554621848735,0.5,0.5,0.00438564320192361,-0.16316171346794459,0.026879119547768362,0.026879119547768362,0.06472758193496972,-0.07358803513301049,-0.07938803513301049,0.0058000000000000005,-0.15877607026602097,-0.14717607026602098,0.16316171346794459,,-0.07938803513301049,,-0.07358803513301049,1.0
1d,is,S5_DONCHIAN_MFI,ATR_SL2_TP3,2,0.0,2.0,6.1386554621848735,0.5,0.5,0.22692763873040506,-0.17980224559421287,1.2620956872949587,1.2620956872949587,1.3832740942733681,0.033862696568096096,0.023562696568096092,0.010300000000000004,0.047125393136192184,0.06772539313619219,0.17980224559421287,,0.023562696568096092,,0.033862696568096096,1.0
1d,is,S6_EMA_DMI_ADX,TIME_H,49,26.0,23.0,20.883605600933485,0.3877551020408163,0.40816326530612246,0.1444098052505282,-0.13709329230112607,1.0533688616459176,0.6671336123757478,0.7248406493754797,-0.02213902998517849,-0.0279390299851785,0.005799999999999998,-1.3690124692737464,-1.084812469273746,1.689552386650622,0.025970019901458013,-0.08887969507441974,0.03177001990145801,-0.08307969507441978,2.0
1d,is,S6_EMA_DMI_ADX,ATR_SL2_TP3,48,25.0,23.0,20.457409568261376,0.375,0.375,0.17019737482522665,-0.1295209374323142,1.3140529878744076,0.7884317927246445,0.873698142503374,-0.009695320335736356,-0.01712657033573636,0.007431250000000003,-0.8220753761153452,-0.4653753761153451,1.2623933576764834,-0.007440422917312958,-0.02765499144271832,-0.0018444229173129533,-0.018228904486196577,2.0
1d,is,N01_ST_EMA,TIME_H,127,83.0,44.0,53.440956221198164,0.47244094488188976,0.49606299212598426,0.13766065688212187,-0.11312269029518893,1.2169146306802123,1.0897742961315333,1.196819903606472,0.011157631205902777,0.005357631205902766,0.005800000000000003,0.6804191631496513,1.4170191631496527,1.7647592040386,0.0037704812785603636,0.008351573114298677,0.009570481278560371,0.01415157311429869,4.0
1d,is,N01_ST_EMA,ATR_SL2_TP3,115,74.0,41.0,49.41617647058823,0.3652173913043478,0.3652173913043478,0.1701538815739601,-0.12741281454777503,1.3354534406753786,0.7683430754570673,0.8404094072311331,-0.012247586398967425,-0.018736282051141338,0.006488695652173914,-2.154672435881254,-1.408472435881254,3.5104385151699105,-0.007676304106127761,-0.03869819346409267,-0.002006033835857493,-0.03073233980555608,0.0
1d,is,N02_ST_KST,TIME_H,132,77.0,55.0,54.416478555304735,0.3712121212121212,0.38636363636363635,0.13232165287296224,-0.12872539508945327,1.0279374383043056,0.6068546322519395,0.6631464188911597,-0.026046566679162653,-0.03182156667916266,0.005775,-4.200446801649471,-3.43814680164947,5.900781678894235,0.00579727067943972,-0.08448793898120596,0.011597270679439723,-0.07874793898120597,2.0
1d,is,N02_ST_KST,ATR_SL2_TP3,124,71.0,53.0,51.11851015801354,0.29838709677419356,0.3064516129032258,0.15724054573094373,-0.13474466599203344,1.1669519128886359,0.496289893987121,0.5396136946004347,-0.0415321431392096,-0.04762004636501606,0.006087903225806453,-5.904885749261991,-5.149985749261991,6.201107482684422,-0.01756556724068855,-0.08788170707873781,-0.012040215128012491,-0.08104019764477557,1.0
1d,is,N03_ADX_GC,TIME_H,5,3.0,2.0,9.17713567839196,0.6,0.6,0.228326611042775,-0.030758219729684816,7.423271341755081,11.13490701263262,14.071112457851477,0.13049267873379108,0.12469267873379108,0.005800000000000005,0.6234633936689554,0.6524633936689554,0.05547281863636244,0.18736424966578472,0.030685322335800597,0.19316424966578474,0.036485322335800596,2.0
1d,is,N03_ADX_GC,ATR_SL2_TP3,5,3.0,2.0,9.17713567839196,0.4,0.4,0.13747235381976106,-0.09595980358170236,1.4326035349031738,0.9550690232687826,1.1191930106269945,0.00603305937888301,-0.0025869406211169927,0.008620000000000004,-0.012934703105584963,0.03016529689441505,0.18003897594635912,0.055701424280258045,-0.09001948797317956,0.058901424280258054,-0.07326948797317956,2.0
1d,is,N07_ICHI_CMO,TIME_H,63,25.0,38.0,26.298,0.4603174603174603,0.4603174603174603,0.08219000747146082,-0.1347794673341093,0.609811042417294,0.5201329479441625,0.5818778914317642,-0.02910462972519606,-0.03490462972519606,0.0058000000000000065,-2.198991672687352,-1.8335916726873518,3.099824244344364,-0.04710884144403833,-0.026875543068063005,-0.041308841444038326,-0.02107554306806299,2.0
1d,is,N07_ICHI_CMO,ATR_SL2_TP3,63,23.0,40.0,26.298,0.31746031746031744,0.31746031746031744,0.1706388193586251,-0.12466550617885061,1.368773324626133,0.636638755640062,0.700692772461066,-0.024308577436794838,-0.030918101246318646,0.006609523809523811,-1.9478403785180747,-1.5314403785180748,2.4452347914527204,-0.04709602180294379,-0.021615796926259173,-0.041922108759465525,-0.014180796926259176,1.0
1d,is,N08_ICHI_WR,TIME_H,4,3.0,1.0,2.1548672566371683,0.5,0.5,0.16622550904962177,-0.06875522897553224,2.4176417056043267,2.4176417056043267,2.732505493967468,0.054535140037044766,0.048735140037044766,0.0058,0.19494056014817907,0.21814056014817906,0.13751045795106448,0.09927125228672133,-0.10287319671198489,0.10507125228672132,-0.09707319671198489,2.0
1d,is,N08_ICHI_WR,ATR_SL2_TP3,4,3.0,1.0,2.1548672566371683,0.25,0.25,0.33043075517534615,-0.1080358584769291,3.0585285277842185,1.0195095092614062,1.1424969562541587,0.010530794936139704,0.001580794936139704,0.00895,0.006323179744558816,0.042123179744558814,0.32410757543078733,0.04232220786539855,-0.12064344385163683,0.05292220786539855,-0.11664344385163683,1.0
1d,is,N09_ALLIG_AROON,TIME_H,79,37.0,42.0,35.274755501222494,0.5443037974683544,0.5443037974683544,0.10561809621303857,-0.09528909334735922,1.1083964859233872,1.3239180248529345,1.4871390585629143,0.01986545286905983,0.014065452869059821,0.005800000000000003,1.111170776655726,1.5693707766557266,0.9279384283233543,0.00809714024266945,0.01932325208754659,0.013897140242669456,0.025123252087546594,5.0
1d,is,N09_ALLIG_AROON,ATR_SL2_TP3,67,32.0,35.0,29.62681598062954,0.373134328358209,0.373134328358209,0.1668760583913541,-0.11728865957221898,1.4227808468439553,0.84689336121664,0.9304370849346928,-0.004830182720139461,-0.011257048391781252,0.006426865671641789,-0.7542222422493439,-0.3236222422493439,2.054210286998055,0.010997283489722638,-0.03160386611201337,0.016347283489722635,-0.024192437540584807,2.0
1d,is,N10_HA_PSAR,TIME_H,132,67.0,65.0,54.663265306122454,0.5,0.5151515151515151,0.10567606574744284,-0.11865376068078672,0.8906255068622927,0.8906255068622927,0.9860391606476352,-0.0007888474666719267,-0.006488847466671937,0.005700000000000002,-0.8565278656006957,-0.10412786560069431,3.5160006963301034,-0.0012483864688122063,-0.01189055341831197,0.004439673232680341,-0.006178245726004265,2.0
1d,is,N10_HA_PSAR,ATR_SL2_TP3,121,57.0,64.0,50.107993197278915,0.3884297520661157,0.4049586776859504,0.17020451998445404,-0.12108749427407743,1.4056325222091217,0.8927666019436314,0.9790857999122828,-0.001471587909193297,-0.007941009396796601,0.006469421487603308,-0.9608621370123888,-0.17806213701238893,3.4734013597598645,-0.006953827516460708,-0.008820218258970757,-0.0008327748848817595,-0.0020405307589707582,3.0
1d,is,N12_ICHI_AO,TIME_H,74,30.0,44.0,30.960481099656356,0.40540540540540543,0.4189189189189189,0.11044305615387602,-0.11833079369005484,0.9333416324677137,0.6363692948643502,0.7044611329242788,-0.01978463834792072,-0.025584638347920723,0.005799999999999999,-1.8932632377461336,-1.4640632377461333,3.2455455163462634,0.003627865779525284,-0.045502254798452074,0.009427865779525287,-0.0397022547984521,1.0
1d,is,N12_ICHI_AO,ATR_SL2_TP3,67,24.0,43.0,28.096153846153843,0.23880597014925373,0.23880597014925373,0.15972805343245944,-0.13787111012243192,1.1585317133561788,0.3634609296803698,0.3945076690775557,-0.060751906885442936,-0.06680265315409963,0.0060507462686567185,-4.475777761324675,-4.070377761324677,5.298026706691384,-0.04147483866186785,-0.08093910775441507,-0.035874838661867844,-0.07463678217301974,0.0
1d,is,N14_ICHI_RSI,TIME_H,0,,,,,,,,,,,,,,,,,,,,,
1d,is,N14_ICHI_RSI,ATR_SL2_TP3,0,,,,,,,,,,,,,,,,,,,,,
1d,is,N17_KC_RSI,TIME_H,117,52.0,65.0,48.287288135593215,0.5299145299145299,0.5555555555555556,0.11467450406462698,-0.16612264322932585,0.690300261514159,0.778156658434143,0.8465108141916319,-0.011580565176120088,-0.01732415491970984,0.005743589743589747,-2.0269261256060513,-1.3549261256060503,5.276353751729924,0.04242181241192933,-0.06512092878502117,0.04809488933500627,-0.05932092878502116,2.0
1d,is,N17_KC_RSI,ATR_SL2_TP3,180,58.0,122.0,74.28813559322033,0.40555555555555556,0.4222222222222222,0.1737475310714408,-0.12375813672046017,1.4039281430351092,0.9578201349678783,1.0396614086340559,0.00282860632847746,-0.003103060338189213,0.0059316666666666676,-0.5585508608740584,0.5091491391259428,3.6879427049120492,0.026531961991633334,-0.01719184144580976,0.03565782406059884,-0.012778726691711399,4.0
1d,is,N18_VWMA_MACD,TIME_H,126,48.0,78.0,51.94300225733634,0.35714285714285715,0.36507936507936506,0.16809663888374576,-0.11042319005235944,1.5222947172966046,0.8457192873870025,0.9231081315290928,-0.005175632098988528,-0.010951822575179012,0.005776190476190481,-1.3799296444725555,-0.6521296444725545,4.840025397109455,0.03777756037520514,-0.040939135160030796,0.04357756037520514,-0.03517759669849233,2.0
1d,is,N18_VWMA_MACD,ATR_SL2_TP3,125,52.0,73.0,51.53075620767494,0.296,0.296,0.17162049085308906,-0.12893938912623995,1.3310167825059382,0.5596320562809058,0.6018449834973915,-0.03445686465235856,-0.039973664652358555,0.005516800000000002,-4.99670808154482,-4.30710808154482,5.531220015579597,-0.035684330318389336,-0.04302908089025446,-0.031534330318389335,-0.03653866993135035,1.0
1d,is,N21_ST_RSI_ADX,TIME_H,0,,,,,,,,,,,,,,,,,,,,,
1d,is,N21_ST_RSI_ADX,ATR_SL2_TP3,0,,,,,,,,,,,,,,,,,,,,,
1d,is,N22_VORTEX_PSAR,TIME_H,204,103.0,101.0,83.34563758389262,0.43137254901960786,0.44607843137254904,0.11899966782231766,-0.1269211933359704,0.9375870545694931,0.7112729379492706,0.7812990271354143,-0.015080331659846123,-0.020837684601022605,0.005757352941176473,-4.250887658608612,-3.076387658608609,4.874224720196315,-0.002393721201128307,-0.03964687499893461,0.003365502099842576,-0.03389142945438014,1.0
1d,is,N22_VORTEX_PSAR,ATR_SL2_TP3,164,77.0,87.0,67.07838745800672,0.3719512195121951,0.3719512195121951,0.15856214792718606,-0.13362446989276633,1.1866250848698014,0.7027585454083289,0.7785566543808812,-0.017678227898759648,-0.02494530106949136,0.007267073170731709,-4.091029375396583,-2.8992293753965823,5.1514036331238,-0.018790422152014936,-0.030392722640131396,-0.012265746827339611,-0.022468584709096923,0.0
1d,is,N23_HA_ST,TIME_H,259,155.0,104.0,106.41141732283464,0.4942084942084942,0.5057915057915058,0.155391178458142,-0.09815671523357287,1.5830926909929135,1.5468386599014725,1.7038922334120576,0.032910583579320966,0.0271488075175449,0.005761776061776064,7.031541147044129,8.52384114704413,2.3024683866732714,0.03445852961982247,0.016254510153573522,0.04022949736175795,0.022002587076650464,7.0
1d,is,N23_HA_ST,ATR_SL2_TP3,235,151.0,84.0,96.55089988751406,0.3829787234042553,0.3872340425531915,0.16868179454595503,-0.13447018858769927,1.2544177733189057,0.7786041351634586,0.8488470042169285,-0.011955386536512529,-0.018369429089704018,0.006414042553191492,-4.316815836080444,-2.809515836080444,7.429361409254335,-0.01699477990090641,-0.020840524655280673,-0.011198753410840177,-0.013315524655280665,2.0
1d,is,N24_DMI,TIME_H,136,41.0,95.0,57.49305555555556,0.47794117647058826,0.5073529411764706,0.09889577568229485,-0.12596343062258294,0.7851149749851656,0.7187672306202221,0.7978658510430795,-0.012702780550398711,-0.018493957020986954,0.005791176470588237,-2.5151781548542256,-1.7275781548542248,3.490626117886361,-0.0006843572658624202,-0.026180205336356486,0.005086374441454658,-0.020380205336356476,1.0
1d,is,N24_DMI,ATR_SL2_TP3,122,41.0,81.0,51.99591598599766,0.39344262295081966,0.39344262295081966,0.17398267922766095,-0.1341103710496915,1.297309655218206,0.8414981547361335,0.9166691362853383,-0.006481138153683974,-0.012893433235651185,0.006412295081967215,-1.5729988547494447,-0.7906988547494449,2.4995839846782375,-0.0197598878481844,-0.009417820407084998,-0.013608668335989274,-0.0028733759626405515,2.0
1d,is,N25_DST_CCI,TIME_H,151,82.0,69.0,63.760404624277456,0.4503311258278146,0.4768211920529801,0.11419778425675575,-0.0851067598355345,1.341818023356059,1.099320790219422,1.237869503285139,0.010398597768940586,0.004646279888145874,0.0057523178807947035,0.701588263110027,1.5701882631100283,1.5650840735932072,-0.001988470875707933,0.012531056158233009,0.0037237242462432913,0.018331056158233022,4.0
1d,is,N25_DST_CCI,ATR_SL2_TP3,135,78.0,57.0,56.80731566820277,0.4074074074074074,0.4074074074074074,0.1625804342626522,-0.12317829621279901,1.3198789012455838,0.9074167446063387,1.0154640205393302,0.001061927314236656,-0.006758072685763345,0.00782,-0.9123398125780515,0.14336018742194856,2.1630717226270315,0.0002609708568352441,-0.016363079638792993,0.008034047779912167,-0.0084788691124772,4.0
1d,is,S1_EMA_RSI_CHOP,TIME_H,1,1.0,0.0,,1.0,1.0,0.8957509351522686,,,inf,inf,0.9015509351522686,0.8957509351522686,0.005800000000000027,0.8957509351522686,0.9015509351522686,0.0,0.8957509351522686,,0.9015509351522686,,1.0
1d,is,S1_EMA_RSI_CHOP,ATR_SL2_TP3,1,1.0,0.0,,1.0,1.0,0.2794673799108251,,,inf,inf,0.2819673799108251,0.2794673799108251,0.0025000000000000022,0.2794673799108251,0.2819673799108251,0.0,0.2794673799108251,,0.2819673799108251,,1.0
1d,is,S3_CMO_SANDWICH,TIME_H,24,10.0,14.0,10.78228782287823,0.4583333333333333,0.4583333333333333,0.15681919679516307,-0.08285565471159033,1.8926794717998443,1.601498014599868,1.7857334330841677,0.032795318895671645,0.02699531889567164,0.005800000000000006,0.6478876534961193,0.7870876534961195,0.45997262667674327,-0.004674392368745214,0.049616541227397955,0.001125607631254788,0.055416541227397975,3.0
1d,is,S3_CMO_SANDWICH,ATR_SL2_TP3,24,10.0,14.0,10.78228782287823,0.4166666666666667,0.4166666666666667,0.16686774629312923,-0.12779766133462328,1.3057183093218387,0.9326559352298848,1.0318500369374843,0.0022295918436069373,-0.00502040815639306,0.00725,-0.12048979575343344,0.053510204246566495,0.6865496836981583,-0.09995431143608442,0.06278952275767219,-0.09151431143608442,0.06918952275767219,4.0
1d,is,S4_BB_BBP,TIME_H,138,63.0,75.0,56.95423728813559,0.4782608695652174,0.4855072463768116,0.1190424008572652,-0.12249903376037491,0.9717823659746463,0.8908005021434258,0.9802879445459378,-0.001200956334547016,-0.006979217204112242,0.005778260869565221,-0.9631319741674894,-0.1657319741674882,3.906481790241854,-0.021185512190557945,0.004954070584502143,-0.015385512190557935,0.010714070584502156,2.0
1d,is,S4_BB_BBP,ATR_SL2_TP3,121,51.0,70.0,49.93813559322034,0.34710743801652894,0.34710743801652894,0.15575425450509692,-0.11626084793837986,1.339696529545778,0.7122437245686415,0.7753662406813924,-0.016161390891883783,-0.021842382627420973,0.005680991735537192,-2.642928297917938,-1.9555282979179378,4.393240317677096,-0.03491438763754236,-0.01231849326290396,-0.03070262293166,-0.005567064691475391,1.0
1d,is,N04_ST_KLINGER,TIME_H,244,142.0,102.0,99.91143497757848,0.4426229508196721,0.45901639344262296,0.14915404860622822,-0.11989554073058899,1.2440333284903773,0.9879088196835348,1.077376911550604,0.004925588975871095,-0.0008080175815059632,0.005733606557377053,-0.19715628988745504,1.2018437101125472,6.9276942315800065,0.028994391737867255,-0.042297646241809844,0.03470988469561373,-0.03653882271239808,4.0
1d,is,N04_ST_KLINGER,ATR_SL2_TP3,216,138.0,78.0,88.44618834080718,0.37962962962962965,0.37962962962962965,0.17776670007580836,-0.1321823106699612,1.3448599829644705,0.8229740194260193,0.9026288899835657,-0.007583149183141273,-0.014516482516474609,0.006933333333333336,-3.1355602235585156,-1.637960223558515,6.305435375094554,-0.007508885509128818,-0.02691453876024023,-0.0013197550743462086,-0.018664538760240226,2.0
1d,is,N05_PSAR_POC,TIME_H,39,12.0,27.0,17.100540216086433,0.46153846153846156,0.48717948717948717,0.055015626105642895,-0.12867022495576044,0.4275707618025727,0.36648922440220516,0.42364749403225127,-0.03813829369665122,-0.043892139850497364,0.005753846153846155,-1.711793454169397,-1.4873934541693976,1.8742852592439985,-0.08798970855803429,-0.02429322042492542,-0.08218970855803427,-0.018559887091592092,2.0
1d,is,N05_PSAR_POC,ATR_SL2_TP3,40,13.0,27.0,17.539015606242497,0.225,0.225,0.12701621774026517,-0.12825093823840886,0.9903726201530906,0.2875275348831553,0.3188219562127969,-0.06452082814320721,-0.07081582814320722,0.006295,-2.8326331257282886,-2.5808331257282884,2.8509046713482475,-0.09775003043184143,-0.0578475085227537,-0.09169618427799528,-0.051436397411642576,0.0
1d,is,N06_MACD_ORB,TIME_H,0,,,,,,,,,,,,,,,,,,,,,
1d,is,N06_MACD_ORB,ATR_SL2_TP3,0,,,,,,,,,,,,,,,,,,,,,
1d,is,N11_BREAKAWAY,TIME_H,5,0.0,5.0,2.9455645161290325,0.2,0.2,0.10669782765269101,-0.25541674384810864,0.41774014516504104,0.10443503629126026,0.11267055438511143,-0.17719382954794868,-0.1829938295479487,0.005800000000000011,-0.9149691477397436,-0.8859691477397434,1.0216669753924346,,-0.1829938295479487,,-0.17719382954794868,1.0
1d,is,N11_BREAKAWAY,ATR_SL2_TP3,5,0.0,5.0,2.9455645161290325,0.2,0.2,0.11999521088299733,-0.11373431481614579,1.055048435267513,0.2637621088168782,0.28259363722578085,-0.06310840967631717,-0.06698840967631717,0.003880000000000003,-0.33494204838158587,-0.31554204838158584,0.45493725926458317,,-0.06698840967631717,,-0.06310840967631717,1.0
1d,is,N13_3OUTSIDE,TIME_H,36,18.0,18.0,16.015834348355664,0.5555555555555556,0.5833333333333334,0.14256446387948854,-0.16321900422367644,0.8734550523547934,1.0918188154434916,1.1778410963937869,0.012460700278081889,0.006660700278081872,0.005800000000000005,0.23978521001094738,0.448585210010948,1.6838072677073834,0.04147383101797226,-0.028152430461808486,0.04727383101797226,-0.022352430461808476,4.0
1d,is,N13_3OUTSIDE,ATR_SL2_TP3,35,17.0,18.0,15.570950060901339,0.6,0.6,0.19492970413770738,-0.1446348961814698,1.3477363297798752,2.0216044946698126,2.1949353023454776,0.06600100686717938,0.05910386401003651,0.006897142857142859,2.068635240351278,2.3100352403512785,1.0238430178984992,0.06734453633327041,0.051321006815871165,0.07316218339209395,0.05923767348253785,6.0
1d,is,N15_KC_AO,TIME_H,1,0.0,1.0,,0.0,0.0,,-0.11520146685667873,,0.0,0.0,-0.10940146685667873,-0.11520146685667873,0.0058,-0.11520146685667873,-0.10940146685667873,0.11520146685667873,,-0.11520146685667873,,-0.10940146685667873,0.0
1d,is,N15_KC_AO,ATR_SL2_TP3,1,0.0,1.0,,0.0,0.0,,-0.13216169899394767,,0.0,0.0,-0.12726169899394768,-0.13216169899394767,0.004899999999999988,-0.13216169899394767,-0.12726169899394768,0.13216169899394767,,-0.13216169899394767,,-0.12726169899394768,0.0
1d,is,N16_BBRSI,TIME_H,61,22.0,39.0,26.304899645808735,0.5245901639344263,0.5409836065573771,0.1424808569456424,-0.09270042744698628,1.5370032357954837,1.6960035705329477,1.8826074865521725,0.03647336108685169,0.03067336108685169,0.005800000000000002,1.871075026297953,2.224875026297953,0.6937989679989514,0.09199327800090905,-0.003917361274924244,0.09779327800090903,0.0018826387250757577,4.0
1d,is,N16_BBRSI,ATR_SL2_TP3,58,18.0,40.0,25.0112160566706,0.3793103448275862,0.41379310344827586,0.17780190852325023,-0.12105478464994326,1.4687722508234915,0.8975830421699116,0.9891515289367236,-0.0007832803428698697,-0.007695349308387112,0.006912068965517242,-0.4463302598864525,-0.04543025988645244,1.636507511742911,0.008218978058411956,-0.014856796623446689,0.017335644725078623,-0.00893679662344669,3.0
1d,is,N19_FIB_CHOP,TIME_H,26,18.0,8.0,11.427797833935017,0.5769230769230769,0.5769230769230769,0.10724204128143254,-0.07738151846892768,1.3858870102748793,1.889845923102108,2.153464209870841,0.03493207369474169,0.029132073694741686,0.005800000000000003,0.7574339160632838,0.9082339160632839,0.3154423056597476,0.047830963610362744,-0.01294042861540573,0.053630963610362764,-0.007140428615405731,4.0
1d,is,N19_FIB_CHOP,ATR_SL2_TP3,29,20.0,9.0,12.746389891696749,0.4482758620689655,0.4482758620689655,0.1531064470184122,-0.13889486577634377,1.1023189817898142,0.8956341727042241,0.9671099641470814,-0.0024046221097290227,-0.007997725558004883,0.005593103448275864,-0.2319340411821416,-0.06973404118214166,1.2265367697983636,0.021091326133947534,-0.07264006265123249,0.025781326133947534,-0.06504006265123248,2.0
1d,is,N20_EMA9_CHOP,TIME_H,105,0.0,105.0,45.601961950059454,0.49523809523809526,0.5142857142857142,0.0852977804538874,-0.17023139334454337,0.501069625161601,0.4916154812906274,0.5440664052751933,-0.037883612034844326,-0.043683612034844325,0.0058,-4.586779263658654,-3.977779263658654,6.014726199199082,,-0.043683612034844325,,-0.037883612034844326,2.0
1d,is,N20_EMA9_CHOP,ATR_SL2_TP3,90,0.0,90.0,39.51021634615385,0.4111111111111111,0.4111111111111111,0.1508427969851885,-0.13360411170331407,1.1290281044654915,0.7881894314193054,0.8694956928279804,-0.009828160353596333,-0.016664827020263007,0.006836666666666669,-1.4998344318236705,-0.8845344318236701,2.5567239647240716,,-0.016664827020263007,,-0.009828160353596333,2.0
1d,is,V39_ALL,TIME_H,111,58.0,53.0,46.28167808219178,0.42342342342342343,0.4594594594594595,0.11773085312492572,-0.10214115977554085,1.152628904778875,0.8464618519469862,0.9417242914649173,-0.0032421993582261747,-0.009042199358226173,0.005800000000000001,-1.0036841287631053,-0.3598841287631054,2.196089563839118,-0.0033525420645912113,-0.015268616773902174,0.002447457935408792,-0.009468616773902172,3.0
1d,is,V39_ALL,ATR_SL2_TP3,98,54.0,44.0,40.861301369863014,0.3469387755102041,0.35714285714285715,0.1861465406465399,-0.1296815960432558,1.4354121658438719,0.762562713104557,0.8340379965052008,-0.013328977191694041,-0.020108569028428735,0.006779591836734695,-1.970639764786016,-1.306239764786016,3.954840059944445,-0.027983588961436556,-0.010443771837919147,-0.02183358896143655,-0.0028914991106464157,2.0
1d,is,OBV_S,TIME_H,63,28.0,35.0,26.6328125,0.49206349206349204,0.49206349206349204,0.11162211029626119,-0.15532535963189414,0.7186341661193938,0.6961768484281627,0.7607583732254025,-0.01817025538153199,-0.023970255381531993,0.005800000000000008,-1.5101260890365156,-1.1447260890365154,2.8918905881858397,0.009734614510182293,-0.05093415129490342,0.0155346145101823,-0.04513415129490342,2.0
1d,is,OBV_S,ATR_SL2_TP3,53,24.0,29.0,22.405381944444446,0.4339622641509434,0.4339622641509434,0.15590085433838227,-0.11742336334195727,1.3276817313124634,1.0178893273395553,1.1307630417340702,0.008211674519322146,0.0011890330098881818,0.007022641509433962,0.06301874952407363,0.4352187495240738,1.4410652806859625,-0.021750593945795343,0.02017355186976421,-0.015525593945795344,0.02785631049045386,3.0
1d,is,OBV_B,TIME_H,155,78.0,77.0,63.53956228956229,0.43870967741935485,0.4645161290322581,0.10240282470210678,-0.12390315687110187,0.8264747024051843,0.6459802271672704,0.7158196894701738,-0.018870855277694214,-0.02462053269704907,0.0057496774193548416,-3.8161825680426054,-2.924982568042603,5.000325827811818,-0.014241115976580648,-0.03513474703726383,-0.008541115976580641,-0.02933474703726381,2.0
1d,is,OBV_B,ATR_SL2_TP3,127,67.0,60.0,52.06144781144781,0.44881889763779526,0.44881889763779526,0.17683191430470005,-0.13460637156862926,1.3136964635774468,1.0697242631987782,1.191562983761569,0.013479315791841378,0.005173016579242945,0.008306299212598426,0.656973105563854,1.711873105563855,2.2357890418822493,-0.008234444821327923,0.020144681809880417,-0.00010608661237269593,0.02864968180988042,4.0
1d,is,V45_AMB,TIME_H,17,14.0,3.0,7.454081632653061,0.47058823529411764,0.5294117647058824,0.14863719700054034,-0.10462670215821196,1.420643047467726,1.262793819971312,1.376749058980975,0.019879838622377372,0.014556309210612654,0.005323529411764709,0.24745725658041512,0.3379572565804153,0.603979524176469,-0.016685125150926898,0.16034966956446395,-0.011463696579498322,0.16614966956446395,2.0
1d,is,V45_AMB,ATR_SL2_TP3,19,16.0,3.0,8.311077844311377,0.5263157894736842,0.5263157894736842,0.12391143832133748,-0.10079078856611558,1.2293924879857,1.3659916533174445,1.549099063391784,0.02412617295359656,0.017473541374649192,0.006652631578947369,0.3319972861183346,0.45839728611833463,0.4508931980597222,-0.0016516009054349731,0.11947430020176474,0.0057046490945650286,0.12237430020176472,3.0
1d,is,DOGE_L,TIME_H,0,,,,,,,,,,,,,,,,,,,,,
1d,is,DOGE_L,ATR_SL2_TP3,0,,,,,,,,,,,,,,,,,,,,,
1d,is,DOGE_S,TIME_H,0,,,,,,,,,,,,,,,,,,,,,
1d,is,DOGE_S,ATR_SL2_TP3,0,,,,,,,,,,,,,,,,,,,,,
1d,oos,S2_ST_ROC,TIME_H,104,60.0,44.0,100.75862068965517,0.4326923076923077,0.4519230769230769,0.13321890042955895,-0.11284267333946651,1.1805719989351393,0.9004362703742589,0.9892016448863504,-0.0006573769970997042,-0.006373723150945863,0.005716346153846154,-0.6628672076983697,-0.06836720769836924,3.4697287208398757,0.01693570178605423,-0.038159302610491434,0.022590701786054223,-0.03235930261049143,2.0
1d,oos,S2_ST_ROC,ATR_SL2_TP3,98,61.0,37.0,94.94562334217507,0.2755102040816326,0.2755102040816326,0.17211214684944484,-0.12795783929533605,1.3450691868295575,0.5115051837239162,0.5562738519954059,-0.03937529209218212,-0.04528549617381478,0.005910204081632654,-4.437978625033848,-3.8587786250338483,5.64258736664094,-0.03144070180274574,-0.06811069770449615,-0.026201357540450658,-0.06109448148827995,0.0
1d,oos,S5_DONCHIAN_MFI,TIME_H,2,1.0,1.0,9.871621621621621,0.5,0.5,0.007408111885891548,-0.22897516583560826,0.032353342157682596,0.032353342157682596,0.059182713436945304,-0.10498352697485835,-0.11078352697485835,0.0058000000000000005,-0.2215670539497167,-0.2099670539497167,0.22897516583560826,-0.22897516583560826,0.007408111885891548,-0.22317516583560826,0.01320811188589155,1.0
1d,oos,S5_DONCHIAN_MFI,ATR_SL2_TP3,2,1.0,1.0,9.871621621621621,0.5,0.5,0.264595094289332,-0.17019592428813138,1.5546500034947284,1.5546500034947284,1.6542441474945973,0.05524958500060029,0.0471995850006003,0.008049999999999988,0.0943991700012006,0.11049917000120058,0.17019592428813138,-0.17019592428813138,0.264595094289332,-0.16889592428813138,0.27939509428933196,1.0
1d,oos,S6_EMA_DMI_ADX,TIME_H,22,11.0,11.0,21.835597826086957,0.5,0.5454545454545454,0.11377519653359633,-0.10860517539910956,1.0476038192055546,1.0476038192055546,1.1591312690509472,0.00823501056724339,0.00258501056724339,0.005650000000000001,0.05687023247935458,0.1811702324793546,0.6321762227511448,-0.01963152186338243,0.0248015429978692,-0.013831521863382424,0.030301542997869205,3.0
1d,oos,S6_EMA_DMI_ADX,ATR_SL2_TP3,23,11.0,12.0,22.828125000000004,0.43478260869565216,0.4782608695652174,0.20484137314011597,-0.14136121262971246,1.449063497189191,1.11466422860707,1.201052163329152,0.0153920855310825,0.009161650748473806,0.006230434782608695,0.21071796721489755,0.35401796721489753,1.019024385776712,-0.05393642006556916,0.06700154899467985,-0.04892732915647826,0.07435154899467984,3.0
1d,oos,N01_ST_EMA,TIME_H,47,23.0,24.0,49.04785714285715,0.5106382978723404,0.5319148936170213,0.18677077272195308,-0.11158668795285377,1.6737728858917755,1.746545620060983,1.898838107977846,0.04656605792364334,0.04076605792364335,0.005800000000000001,1.9160047224112375,2.1886047224112373,1.6513932316040076,0.13557234153692962,-0.050089963872422684,0.14137234153692968,-0.04428996387242268,3.0
1d,oos,N01_ST_EMA,ATR_SL2_TP3,55,29.0,26.0,57.39642857142857,0.32727272727272727,0.32727272727272727,0.165758130850184,-0.1296484223604509,1.278520230576661,0.6219828148751324,0.663696770402439,-0.028168095855152203,-0.03296991403697038,0.004801818181818184,-1.8133452720333711,-1.5492452720333711,3.369726885041633,-0.02710115621969242,-0.039515836217780424,-0.022873570012795857,-0.034073528525472734,1.0
1d,oos,N02_ST_KST,TIME_H,59,31.0,28.0,59.69459833795014,0.4067796610169492,0.4067796610169492,0.19071952317089777,-0.1354136045739998,1.408422172726927,0.9657752041556071,1.039264335118826,0.003020210101890727,-0.002749281423533006,0.0057694915254237296,-0.16220760398844736,0.1781923960115529,2.071758888006253,0.07546457449274115,-0.08934319333083651,0.0812065099766121,-0.08354319333083653,2.0
1d,oos,N02_ST_KST,ATR_SL2_TP3,62,38.0,24.0,62.729916897506925,0.3709677419354839,0.3709677419354839,0.1587636402475885,-0.12916331488433377,1.2291697560546655,0.724894984339931,0.7769916929480636,-0.01749525088378195,-0.022351702496685177,0.004856451612903227,-1.385805554794481,-1.084705554794481,2.846990160908446,-0.03009660022937055,-0.010088947753266667,-0.02612028443989687,-0.003838947753266662,2.0
1d,oos,N03_ADX_GC,TIME_H,6,4.0,2.0,6.935126582278481,0.6666666666666666,0.6666666666666666,0.5457499999209723,-0.15887142734801626,3.4351677267019074,6.870335453403815,7.206439627259674,0.31667619083130943,0.3108761908313094,0.005799999999999972,1.8652571449878566,1.9000571449878565,0.31774285469603253,0.5457499999209723,-0.15887142734801626,0.5515499999209723,-0.15307142734801626,3.0
1d,oos,N03_ADX_GC,ATR_SL2_TP3,6,4.0,2.0,6.935126582278481,0.3333333333333333,0.3333333333333333,0.1898114979892795,-0.12115594116096347,1.5666709875754479,0.7833354937877239,0.8169718982405584,-0.014350128110882487,-0.017500128110882484,0.003150000000000002,-0.10500076866529491,-0.08610076866529492,0.2565174956740216,0.037879181752181676,-0.1282587478370108,0.04075418175218168,-0.12455874783701082,2.0
1d,oos,N07_ICHI_CMO,TIME_H,31,20.0,11.0,31.106456043956044,0.5161290322580645,0.5161290322580645,0.1318223286947429,-0.11230211473580008,1.1738187567069926,1.2520733404874589,1.3724219175202315,0.019275017357383392,0.013697598002544682,0.005577419354838712,0.42462553807888515,0.5975255380788852,1.0489992537772999,0.01394555831569314,0.01324676106954748,0.019745558315693145,0.01841948834227475,4.0
1d,oos,N07_ICHI_CMO,ATR_SL2_TP3,31,19.0,12.0,31.106456043956044,0.3548387096774194,0.3548387096774194,0.20084762780403684,-0.11621774461888809,1.7282010459132109,0.9505105752522659,1.0228780669876778,0.0016441617247304429,-0.003710676984946983,0.005354838709677423,-0.11503098653335647,0.05096901346664373,1.1930346747220666,-0.042447637377720004,0.05762284363694362,-0.03740553211456209,0.06347284363694362,3.0
1d,oos,N08_ICHI_WR,TIME_H,1,1.0,0.0,,1.0,1.0,0.0627722385580636,,,inf,inf,0.0685722385580636,0.0627722385580636,0.0058,0.0627722385580636,0.0685722385580636,0.0,0.0627722385580636,,0.0685722385580636,,1.0
1d,oos,N08_ICHI_WR,ATR_SL2_TP3,2,1.0,1.0,243.5,1.0,1.0,0.1902211863967668,,,inf,inf,0.2011211863967668,0.1902211863967668,0.010899999999999993,0.3804423727935336,0.4022423727935336,0.0,0.2923279225098219,0.08811445028371168,0.2939279225098219,0.10831445028371167,1.0
1d,oos,N09_ALLIG_AROON,TIME_H,32,18.0,14.0,44.272727272727266,0.375,0.375,0.2429042332977658,-0.1073577904942385,2.2625673663692023,1.3575404198215215,1.469336219825746,0.02979046842776312,0.023990468427763124,0.005799999999999996,0.76769498968842,0.9532949896884199,1.2088069007766387,0.09425879038367015,-0.06635451694411737,0.10005879038367015,-0.06055451694411735,1.0
1d,oos,N09_ALLIG_AROON,ATR_SL2_TP3,29,14.0,15.0,40.122159090909086,0.4482758620689655,0.4482758620689655,0.17680536650602316,-0.1281399047685619,1.3797838138350242,1.1210743487409571,1.2214737212781703,0.014845906492458986,0.00855969959590726,0.006286206896551725,0.24823128828131052,0.4305312882813106,0.5493054705364941,0.05077030709324174,-0.030836867401604923,0.054834592807527456,-0.02247686740160492,4.0
1d,oos,N10_HA_PSAR,TIME_H,61,31.0,30.0,59.73257372654156,0.5573770491803278,0.5737704918032787,0.20797401056949985,-0.09815943265058749,2.118736885020648,2.668039040396372,2.9059596678865693,0.07814937176716612,0.07247232258683824,0.005677049180327865,4.420811677797133,4.767111677797133,0.7713217665142875,0.139461174097435,0.0032505093592216272,0.1451256902264672,0.008940509359221619,6.0
1d,oos,N10_HA_PSAR,ATR_SL2_TP3,63,35.0,28.0,62.699591280653955,0.4603174603174603,0.4603174603174603,0.172337194441976,-0.12930962980838717,1.3327483397589777,1.1367559368532456,1.2234232657490358,0.014962717862414914,0.009543670243367296,0.00541904761904762,0.6012512253321396,0.9426512253321396,0.7874908958614244,-0.008108741786776036,0.031609185281046455,-0.0036973132153474628,0.038287756709617884,4.0
1d,oos,N12_ICHI_AO,TIME_H,31,12.0,19.0,30.936475409836067,0.3548387096774194,0.3870967741935484,0.16223187678510897,-0.1105083614878837,1.4680506940906577,0.8074278817498618,0.8794822860445742,-0.008181180165208878,-0.013729567261983077,0.005548387096774195,-0.4256165851214754,-0.2536165851214752,1.3499016693654917,-0.0011927701352267006,-0.021647544394671307,0.004607229864773299,-0.01625807071046078,3.0
1d,oos,N12_ICHI_AO,ATR_SL2_TP3,34,14.0,20.0,33.93032786885246,0.35294117647058826,0.35294117647058826,0.19493518074223623,-0.12571031110833264,1.55066978216487,0.8458198811808382,0.893844266436012,-0.008364843396367182,-0.012541313984602474,0.004176470588235293,-0.42640467547648414,-0.2844046754764842,1.4239362128849784,-0.022317317463916776,-0.005698111549082468,-0.01831731746391677,-0.0013981115490824703,4.0
1d,oos,N14_ICHI_RSI,TIME_H,0,,,,,,,,,,,,,,,,,,,,,
1d,oos,N14_ICHI_RSI,ATR_SL2_TP3,0,,,,,,,,,,,,,,,,,,,,,
1d,oos,N17_KC_RSI,TIME_H,50,12.0,38.0,48.96112600536193,0.46,0.48,0.11057308672064003,-0.2293632793316624,0.4820871372385196,0.41066682061059073,0.4431171678943585,-0.06726455094760327,-0.07299255094760326,0.005727999999999994,-3.649627547380163,-3.3632275473801636,4.523476720283494,0.010537618587496494,-0.0993704992218453,0.016337618587496494,-0.09366523606395058,3.0
1d,oos,N17_KC_RSI,ATR_SL2_TP3,82,15.0,67.0,80.29624664879357,0.35365853658536583,0.35365853658536583,0.18621982697431014,-0.1206521497107615,1.543443920566136,0.8445259188003387,0.9081435201734441,-0.006913279907504474,-0.012124255517260573,0.005210975609756098,-0.994188952415367,-0.5668889524153669,2.3222487805422767,0.0401447366217248,-0.023826268682705057,0.050424736621724794,-0.019750149279719985,2.0
1d,oos,N18_VWMA_MACD,TIME_H,65,31.0,34.0,63.479278074866315,0.5230769230769231,0.5538461538461539,0.16215499194287925,-0.0952920205859886,1.7016639058099892,1.8663410579851494,2.052137458722901,0.045098724429111496,0.03937257058295764,0.005726153846153847,2.5592170878922467,2.9314170878922474,0.9380059126728977,0.12398050361589358,-0.037769956594131016,0.1296256649062162,-0.031969956594131,4.0
1d,oos,N18_VWMA_MACD,ATR_SL2_TP3,67,35.0,32.0,65.43248663101605,0.3880597014925373,0.3880597014925373,0.15482561151500482,-0.126024044570843,1.2285402523164644,0.7790743063470262,0.845537680560807,-0.011336118328573676,-0.017037610865887103,0.005701492537313435,-1.141519928014436,-0.7595199280144364,1.7876978136771786,0.031009632180487485,-0.06958928294785932,0.034992489323344624,-0.06200803294785932,3.0
1d,oos,N21_ST_RSI_ADX,TIME_H,0,,,,,,,,,,,,,,,,,,,,,
1d,oos,N21_ST_RSI_ADX,ATR_SL2_TP3,0,,,,,,,,,,,,,,,,,,,,,
1d,oos,N22_VORTEX_PSAR,TIME_H,93,42.0,51.0,92.05487804878048,0.5376344086021505,0.5483870967741935,0.11526274301600846,-0.13073386855463615,0.8816593916352898,1.0251853391108021,1.122884399393121,0.0071223742252803125,0.0015223742252803015,0.005600000000000002,0.14158080295106804,0.662380802951069,2.7421614246126618,0.02868765966018291,-0.020849037309345366,0.03448765966018291,-0.015413743191698302,3.0
1d,oos,N22_VORTEX_PSAR,ATR_SL2_TP3,79,33.0,46.0,77.56653225806451,0.4430379746835443,0.4430379746835443,0.18465804370287828,-0.12388472426419309,1.4905634637332825,1.1856754825151112,1.28495686698238,0.01879751470856004,0.012811438759192948,0.005986075949367091,1.012103661976243,1.485003661976243,1.590277542856614,0.004006945991094502,0.019127705310220098,0.01087967326382178,0.02447770531022009,4.0
1d,oos,N23_HA_ST,TIME_H,120,71.0,49.0,115.3421052631579,0.43333333333333335,0.45,0.14369734363795755,-0.12522373807327233,1.1475247892206806,0.8775189564628734,0.9559209245599923,-0.0029887693317393843,-0.008691269331739396,0.0057025,-1.0429523198087276,-0.35865231980872614,4.139328067641884,0.021085558952132495,-0.05183728582469663,0.026720770219738132,-0.046037285824696614,3.0
1d,oos,N23_HA_ST,ATR_SL2_TP3,119,85.0,34.0,114.38092105263158,0.3277310924369748,0.3277310924369748,0.16001934356315264,-0.13100553061138315,1.2214701380649076,0.5954666923066425,0.6438832465301454,-0.029930992016367192,-0.03562763067182936,0.005696638655462188,-4.239688049947694,-3.5617880499476957,5.924720618336548,-0.025986866691886067,-0.059729540621687637,-0.02137980786835665,-0.051308952386393505,0.0
1d,oos,N24_DMI,TIME_H,64,17.0,47.0,61.515789473684215,0.421875,0.421875,0.09921895919380269,-0.1639598376670949,0.6051418481839285,0.44158999732340715,0.4839241434877034,-0.04724847024140373,-0.05293128274140375,0.005682812500000004,-3.38760209544984,-3.023902095449839,3.648051281448753,-0.04562957836422593,-0.055572324750170175,-0.04007663718775534,-0.049842537516127605,0.0
1d,oos,N24_DMI,ATR_SL2_TP3,56,17.0,39.0,53.82631578947369,0.30357142857142855,0.30357142857142855,0.2029408970198033,-0.11847113844746812,1.7129986229497605,0.7466917074396391,0.8075916427311999,-0.0150781991091893,-0.02089962768061787,0.005821428571428573,-1.1703791501146008,-0.8443791501146009,1.8094765119375489,-0.05004526940474004,-0.008195117185487698,-0.044809975287093,-0.0021181941085646164,3.0
1d,oos,N25_DST_CCI,TIME_H,75,42.0,33.0,72.27902374670185,0.44,0.44,0.10961894150573952,-0.12228723068008376,0.8964054619285163,0.7043185772295485,0.7765087900020409,-0.014616514918321515,-0.020248514918321525,0.0056320000000000025,-1.5186386188741143,-1.0962386188741136,3.012500123429841,-0.011080789368808616,-0.031916529254065205,-0.00558078936880861,-0.02611652925406521,1.0
1d,oos,N25_DST_CCI,ATR_SL2_TP3,69,35.0,34.0,66.4967018469657,0.34782608695652173,0.34782608695652173,0.18988869131044925,-0.1227737640415014,1.54665528741353,0.8248828199538827,0.8983257129063392,-0.007699866527779442,-0.014021605658214231,0.006321739130434784,-0.967490790416782,-0.5312907904167815,2.445434817697042,-0.029462049813138665,0.0018729692071491688,-0.022582049813138667,0.007620028030678585,2.0
1d,oos,S1_EMA_RSI_CHOP,TIME_H,0,,,,,,,,,,,,,,,,,,,,,
1d,oos,S1_EMA_RSI_CHOP,ATR_SL2_TP3,0,,,,,,,,,,,,,,,,,,,,,
1d,oos,S3_CMO_SANDWICH,TIME_H,16,9.0,7.0,20.433566433566433,0.4375,0.5,0.10791248971031618,-0.1431678137793513,0.7537482543152454,0.5862486422451908,0.644268684501022,-0.02752018100262176,-0.03332018100262176,0.005800000000000003,-0.5331228960419482,-0.4403228960419482,0.7985732496227779,-0.028463406577843013,-0.039564605263051576,-0.02266340657784301,-0.033764605263051584,4.0
1d,oos,S3_CMO_SANDWICH,ATR_SL2_TP3,16,9.0,7.0,20.433566433566433,0.3125,0.3125,0.23276763514459775,-0.14022313752386714,1.6599802233420913,0.7545364651554961,0.8052242004496123,-0.018069771064971846,-0.023663521064971847,0.005593750000000003,-0.37861633703954956,-0.28911633703954953,0.8240417533823351,-0.05313843088776807,0.01423279156433757,-0.04713843088776806,0.019304220135766142,2.0
1d,oos,S4_BB_BBP,TIME_H,60,28.0,32.0,58.129973474801055,0.38333333333333336,0.4,0.13682886896248583,-0.09101824836944099,1.5033124830869145,0.9344915435405144,1.039379859686622,0.0020731466077976396,-0.003676853392202366,0.005750000000000003,-0.22061120353214195,0.12438879646785839,1.6434486878120373,0.04268910000772539,-0.04424706261713915,0.0484891000077254,-0.03854081261713915,3.0
1d,oos,S4_BB_BBP,ATR_SL2_TP3,53,27.0,26.0,52.17857142857142,0.39622641509433965,0.39622641509433965,0.16722875658427874,-0.12598454080457,1.3273752121991513,0.8710899830056931,0.9447239785554463,-0.004017007876912938,-0.00980568712219596,0.005788679245283019,-0.5197014174763859,-0.2129014174763857,1.2135170018348622,0.022429839095490515,-0.04328104127133191,0.027429839095490512,-0.03667334896363959,4.0
1d,oos,N04_ST_KLINGER,TIME_H,107,65.0,42.0,103.66511936339522,0.45794392523364486,0.4953271028037383,0.15478807167234934,-0.09809565086148725,1.5779300133388459,1.333078804372473,1.4672212019685766,0.023457642635316425,0.0177109136633538,0.005746728971962617,1.8950677619788567,2.5099677619788574,2.511793503312652,0.05041950238959943,-0.032909521270121575,0.056131810081907124,-0.02710952127012157,4.0
1d,oos,N04_ST_KLINGER,ATR_SL2_TP3,100,63.0,37.0,96.37203166226914,0.36,0.36,0.18054899498634103,-0.13710868633074857,1.3168311929617718,0.7407175460409967,0.801743889583504,-0.016528921056596334,-0.022751921056596337,0.006222999999999999,-2.2751921056596336,-1.6528921056596333,3.734265364506324,-0.014694745093871867,-0.036470896344478525,-0.009399506998633778,-0.02866819364177582,2.0
1d,oos,N05_PSAR_POC,TIME_H,12,3.0,9.0,14.513245033112582,0.75,0.75,0.18881448572895057,-0.23006628918750627,0.8206960106835336,2.462088032050601,2.603349167197873,0.08989429199983638,0.08409429199983637,0.0058000000000000065,1.0091315039980364,1.0787315039980365,0.3736476307253107,0.2953007661602404,0.013692133946368356,0.30110076616024045,0.019492133946368357,5.0
1d,oos,N05_PSAR_POC,ATR_SL2_TP3,11,2.0,9.0,13.303807947019868,0.6363636363636364,0.6363636363636364,0.20659621467331707,-0.12495708407374778,1.6533373534179712,2.8933403684814496,3.120036067632041,0.09134046967438442,0.08603137876529349,0.005309090909090911,0.9463451664182284,1.0047451664182285,0.23599963908406185,0.21071517584699845,0.05832386830269239,0.21516517584699846,0.06382386830269239,5.0
1d,oos,N06_MACD_ORB,TIME_H,0,,,,,,,,,,,,,,,,,,,,,
1d,oos,N06_MACD_ORB,ATR_SL2_TP3,0,,,,,,,,,,,,,,,,,,,,,
1d,oos,N11_BREAKAWAY,TIME_H,7,1.0,6.0,12.003521126760564,0.8571428571428571,0.8571428571428571,0.05201223635697314,-0.09442892557952473,0.5508083041056129,3.3048498246336773,3.91377212206637,0.03689207036604488,0.031092070366044885,0.0058,0.2176444925623142,0.2582444925623142,0.09442892557952473,0.024024957122898566,0.03226992257323594,0.029824957122898565,0.03806992257323594,4.0
1d,oos,N11_BREAKAWAY,ATR_SL2_TP3,7,1.0,6.0,12.003521126760564,0.5714285714285714,0.5714285714285714,0.20749639671294698,-0.14321708705381908,1.448824305684786,1.931765740913048,2.1622140688419864,0.06620490367004725,0.057190617955761525,0.009014285714285716,0.4003343256903307,0.4634343256903307,0.42965126116145724,-0.19063677980557078,0.09849518424931691,-0.18093677980557077,0.10739518424931692,4.0
1d,oos,N13_3OUTSIDE,TIME_H,18,8.0,10.0,17.817073170731707,0.5,0.5,0.17930105119211415,-0.06387227900096488,2.807181049378331,2.807181049378331,3.165620604407427,0.06331438609557465,0.05771438609557464,0.005600000000000004,1.0388589497203435,1.1396589497203435,0.22919568183634847,0.14026622762130053,-0.008327087125006082,0.14606622762130056,-0.0028870871250060827,4.0
1d,oos,N13_3OUTSIDE,ATR_SL2_TP3,17,8.0,9.0,16.82723577235772,0.5294117647058824,0.5294117647058824,0.14253462519935567,-0.1529727087000129,0.9317650606479956,1.0482356932289951,1.1304587784348932,0.008954703364358708,0.0034723504231822374,0.00548235294117647,0.05902995719409804,0.15222995719409804,0.5679341762521297,0.04953406381486571,-0.03747139481386975,0.05315906381486572,-0.030338061480536416,4.0
1d,oos,N15_KC_AO,TIME_H,0,,,,,,,,,,,,,,,,,,,,,
1d,oos,N15_KC_AO,ATR_SL2_TP3,0,,,,,,,,,,,,,,,,,,,,,
1d,oos,N16_BBRSI,TIME_H,46,15.0,31.0,45.28706199460916,0.5217391304347826,0.5217391304347826,0.1400902593212949,-0.11010175594536825,1.2723708002514214,1.3880408730015508,1.5233998664858872,0.02611581723723863,0.020433208541586444,0.005682608695652178,0.9399275929129763,1.201327592912977,1.2123396605327599,0.06624887200769987,-0.0017356608775006895,0.07204887200769988,0.0038901455741122155,3.0
1d,oos,N16_BBRSI,ATR_SL2_TP3,43,15.0,28.0,42.333557951482476,0.3953488372093023,0.3953488372093023,0.15659019321839873,-0.1454291353818465,1.0767456796552297,0.7040260213130347,0.7601502332795396,-0.020107540353842587,-0.026026145005005375,0.005918604651162792,-1.119124235215231,-0.8646242352152312,1.5371560926097612,-0.023729531447863723,-0.027256473696331256,-0.018549531447863716,-0.020942187982045547,2.0
1d,oos,N19_FIB_CHOP,TIME_H,15,8.0,7.0,17.392857142857142,0.5333333333333333,0.5333333333333333,0.17973970168328762,-0.08961132156846377,2.0057700136245065,2.292308586999436,2.5300325705890843,0.059842557499136986,0.054042557499136966,0.005800000000000005,0.8106383624870545,0.8976383624870548,0.3282179015419152,0.10878978098836359,-0.008525697917122007,0.11458978098836359,-0.0027256979171220086,5.0
1d,oos,N19_FIB_CHOP,ATR_SL2_TP3,15,8.0,7.0,16.857692307692307,0.6666666666666666,0.6666666666666666,0.17749984106469996,-0.1404400195490949,1.263883625440893,2.527767250881786,2.7307150300668197,0.07763988752676833,0.07151988752676833,0.00612,1.0727983129015248,1.164598312901525,0.39989639238762087,0.0658419092919652,0.07800900550940044,0.07044190929196521,0.0858661483665433,4.0
1d,oos,N20_EMA9_CHOP,TIME_H,46,0.0,46.0,49.56194690265487,0.32608695652173914,0.391304347826087,0.1178170345828973,-0.16243365455977876,0.725324040157813,0.3509632452376515,0.38324157916328927,-0.06524756027412353,-0.07104756027412354,0.005800000000000006,-3.2681877726096826,-3.0013877726096823,3.4919445377989624,,-0.07104756027412354,,-0.06524756027412353,1.0
1d,oos,N20_EMA9_CHOP,ATR_SL2_TP3,39,0.0,39.0,42.77702702702703,0.28205128205128205,0.28205128205128205,0.2126527307268389,-0.11637120454146023,1.827365554603982,0.7178936107372786,0.7802811886003009,-0.017369581773478415,-0.023569581773478412,0.006200000000000003,-0.919213689165658,-0.6774136891656581,1.6921693729674392,,-0.023569581773478412,,-0.017369581773478415,2.0
1d,oos,V39_ALL,TIME_H,56,26.0,30.0,55.13207547169811,0.39285714285714285,0.39285714285714285,0.10024770927165162,-0.14310535359781756,0.7005168342855096,0.4532755986553298,0.4978323758912062,-0.04195415032766895,-0.047502364613383245,0.005548214285714289,-2.6601324183494617,-2.349432418349461,3.1779019184547805,-0.04516374465414845,-0.04952916857805337,-0.03990605234645616,-0.04372916857805336,0.0
1d,oos,V39_ALL,ATR_SL2_TP3,53,27.0,26.0,52.17857142857142,0.22641509433962265,0.22641509433962265,0.19800648838449597,-0.12682526444560077,1.5612542914856449,0.45695247555677415,0.49001331113213925,-0.04792562229539017,-0.05327845248406943,0.005352830188679248,-2.8237579816556795,-2.540057981655679,2.9619582912562223,-0.06712007403956312,-0.03890446086874902,-0.06295340737289647,-0.03231984548413363,1.0
1d,oos,OBV_S,TIME_H,12,7.0,5.0,18.186721991701244,0.75,0.75,0.25421646715725926,-0.08618538638597606,2.9496470088184803,8.84894102645544,9.703870772310724,0.17491600377145036,0.16911600377145042,0.005799999999999983,2.029392045257405,2.0989920452574045,0.12026110542697621,0.25870507056899084,0.04369131025489382,0.2645050705689908,0.04949131025489382,4.0
1d,oos,OBV_S,ATR_SL2_TP3,12,7.0,5.0,18.186721991701244,0.5833333333333334,0.5833333333333334,0.19701476033330684,-0.13007163807566063,1.5146634827394612,2.120528875835246,2.271629953960762,0.06600376099623707,0.060728760996237086,0.005274999999999999,0.728745131954845,0.7920451319548449,0.3096743144219545,0.05829000380034431,0.06414302107048696,0.06327571808605859,0.06982302107048696,3.0
1d,oos,OBV_B,TIME_H,55,30.0,25.0,54.002016129032256,0.509090909090909,0.5272727272727272,0.09310240177502872,-0.16738596209339213,0.5562139178856751,0.5768144333629223,0.6332642975549296,-0.02914279503310518,-0.03477370412401427,0.005630909090909088,-1.9125537268207848,-1.602853726820785,2.7383123969716188,-0.008009549586478466,-0.06689068956905724,-0.0022095495864784616,-0.06146268956905725,2.0
1d,oos,OBV_B,ATR_SL2_TP3,60,33.0,27.0,58.91129032258065,0.4166666666666667,0.4166666666666667,0.15798145687938236,-0.13703929084692235,1.1528186982217614,0.8234419273012582,0.8875744498178937,-0.008643979294295364,-0.014113979294295372,0.005470000000000003,-0.8468387576577223,-0.5186387576577218,2.4670304489006964,-0.03842468630048794,0.015599107046606686,-0.03275195902776067,0.0208213292688289,3.0
1d,oos,V45_AMB,TIME_H,22,22.0,0.0,26.00485436893204,0.5454545454545454,0.5454545454545454,0.10181382519267594,-0.11184459185576064,0.9103151390992532,1.0923781669191037,1.21775743554051,0.010496362897932049,0.004696362897932045,0.0058000000000000005,0.10331998375450499,0.23091998375450506,0.9129603255175431,0.004696362897932045,,0.010496362897932049,,4.0
1d,oos,V45_AMB,ATR_SL2_TP3,21,21.0,0.0,24.427547770700635,0.42857142857142855,0.42857142857142855,0.17128114813984843,-0.16279770151699116,1.0521103587078093,0.7890827690308568,0.8537598433533105,-0.013092480235488469,-0.0196210516640599,0.006528571428571431,-0.4120420849452579,-0.27494208494525785,0.9284641192944114,-0.0196210516640599,,-0.013092480235488469,,4.0
1d,oos,DOGE_L,TIME_H,0,,,,,,,,,,,,,,,,,,,,,
1d,oos,DOGE_L,ATR_SL2_TP3,0,,,,,,,,,,,,,,,,,,,,,
1d,oos,DOGE_S,TIME_H,0,,,,,,,,,,,,,,,,,,,,,
1d,oos,DOGE_S,ATR_SL2_TP3,0,,,,,,,,,,,,,,,,,,,,,
1d,final,S2_ST_ROC,TIME_H,110,30.0,80.0,101.97335025380711,0.5181818181818182,0.5363636363636364,0.08030638408074797,-0.08938012026907315,0.8984814949788692,0.9662914191282178,1.1070026716576604,0.004315613803106894,-0.0014516589241658408,0.005767272727272729,-0.1596824816582425,0.47471751834175835,1.5645976368525754,-0.0206179046961024,0.005735683240310377,-0.014937904696102396,0.011535683240310379,3.0
1d,final,S2_ST_ROC,ATR_SL2_TP3,86,32.0,54.0,79.5227848101266,0.37209302325581395,0.38372093023255816,0.1380457935554696,-0.10812764238394976,1.2766929021284277,0.756558756816846,0.8597792247576592,-0.008886363894863492,-0.01652822435997977,0.007641860465116283,-1.4214272949582603,-0.7642272949582603,2.1787194505665264,-0.006805251152082144,-0.02228998626095615,-0.0019521261520821405,-0.0129955418165117,2.0
1d,final,S5_DONCHIAN_MFI,TIME_H,4,2.0,2.0,4.454268292682927,0.5,0.5,0.16538965574675957,-0.06791582765038054,2.4352151989983573,2.4352151989983573,2.7559748009847347,0.05453691404818953,0.04873691404818952,0.0058000000000000065,0.19494765619275808,0.2181476561927581,0.13583165530076108,0.07540351133531582,0.02207031676106322,0.08120351133531584,0.02787031676106322,2.0
1d,final,S5_DONCHIAN_MFI,ATR_SL2_TP3,5,2.0,3.0,5.567835365853658,0.6,0.6,0.1634882800682511,-0.09015197992545612,1.8134740934523512,2.720211140178527,3.0118119325576798,0.06993217607076822,0.06203217607076823,0.0079,0.31016088035384115,0.34966088035384113,0.18030395985091224,0.023107762317774953,0.08798178523943041,0.02560776231777495,0.09948178523943041,3.0
1d,final,S6_EMA_DMI_ADX,TIME_H,27,13.0,14.0,26.298000000000002,0.4444444444444444,0.4444444444444444,0.16129432842561828,-0.09427685312091207,1.7108582126596321,1.3686865701277058,1.510852364491472,0.025110338677545883,0.019310338677545877,0.005800000000000005,0.5213791442937387,0.6779791442937388,0.4656006779283297,-0.004404479941183186,0.04133124168065142,0.0013955200588168237,0.04713124168065143,5.0
1d,final,S6_EMA_DMI_ADX,ATR_SL2_TP3,24,11.0,13.0,23.376,0.625,0.625,0.12256924771160486,-0.12016041387555448,1.0200468170702635,1.7000780284504389,1.9525839723420622,0.04022062461642011,0.03154562461642011,0.008675,0.7570949907940827,0.9652949907940827,0.3706724333283087,0.0025575164125884037,0.056074023865816176,0.010184789139861134,0.06563556232735462,6.0
1d,final,N01_ST_EMA,TIME_H,61,20.0,41.0,56.69274809160306,0.4426229508196721,0.5409836065573771,0.10949391820482608,-0.08843670729897311,1.2381048723881818,0.9832009280729678,1.1040608357448702,0.004839143333856051,-0.0008280697808980521,0.0056672131147541,-0.05051225663478118,0.29518774336521914,1.7868008167375997,-0.07079354977706058,0.0333014326562544,-0.06539854977706058,0.03910143265625441,4.0
1d,final,N01_ST_EMA,ATR_SL2_TP3,53,18.0,35.0,49.25763358778626,0.37735849056603776,0.37735849056603776,0.1354584253796479,-0.11039244599884787,1.2270624511849446,0.7436742128393604,0.8350383834205373,-0.010635513403189094,-0.017618532271113624,0.006983018867924529,-0.9337822103690221,-0.563682210369022,1.3917333592518684,-0.025562086615048614,-0.013533275751375631,-0.02139541994838194,-0.005101847179947061,1.0
1d,final,N02_ST_KST,TIME_H,68,25.0,43.0,64.6796875,0.47058823529411764,0.5147058823529411,0.10100928099054575,-0.08577595959075446,1.1775942988276782,1.046750487846825,1.179113724904472,0.007636212447504465,0.0021229771533868144,0.005513235294117648,0.14436244643030338,0.5192624464303036,1.6639654763546812,-0.05822054139941975,0.037206418172460405,-0.05320054139941976,0.043006418172460405,3.0
1d,final,N02_ST_KST,ATR_SL2_TP3,61,20.0,41.0,58.021484375,0.3770491803278688,0.3770491803278688,0.1188725187703106,-0.10369401249989071,1.1463778467482477,0.6938602756634131,0.7850504627638991,-0.013060730217683657,-0.019775484316044315,0.006714754098360656,-1.2063045432787032,-0.7967045432787031,1.4174667385021127,-0.03602939234178795,-0.011846748693730343,-0.032839392341787954,-0.0034126023522669273,3.0
1d,final,N03_ADX_GC,TIME_H,0,,,,,,,,,,,,,,,,,,,,,
1d,final,N03_ADX_GC,ATR_SL2_TP3,0,,,,,,,,,,,,,,,,,,,,,
1d,final,N07_ICHI_CMO,TIME_H,32,7.0,25.0,31.335120643431637,0.34375,0.46875,0.12274955033235777,-0.09407504163664723,1.3048046346496676,0.6834690943403021,0.7635567074121133,-0.013797838147301754,-0.019541588147301753,0.005743750000000003,-0.6253308207136561,-0.4415308207136561,0.9318871824716776,0.013346312891297226,-0.02875020043810947,0.018889170034154374,-0.02295020043810947,4.0
1d,final,N07_ICHI_CMO,ATR_SL2_TP3,28,5.0,23.0,27.41823056300268,0.2857142857142857,0.2857142857142857,0.12077320550823202,-0.11096294929874487,1.0884101970205844,0.4353640788082338,0.4970377951154768,-0.037559762211037184,-0.04475261935389432,0.007192857142857142,-1.253073341909041,-1.0516733419090412,1.5557077602167535,-0.06168549505427534,-0.04107155941902889,-0.05786549505427534,-0.033145472462507146,1.0
1d,final,N08_ICHI_WR,TIME_H,4,4.0,0.0,5.293478260869565,0.75,0.75,0.06579415799902942,-0.12157190144317884,0.5411954342902235,1.6235863028706705,1.8396732829133036,0.024302643138477353,0.018952643138477353,0.005350000000000001,0.07581057255390941,0.09721057255390941,0.12157190144317884,0.018952643138477353,,0.024302643138477353,,3.0
1d,final,N08_ICHI_WR,ATR_SL2_TP3,4,4.0,0.0,5.293478260869565,0.5,0.5,0.060427922735802574,-0.10182763624765917,0.5934334230133099,0.5934334230133099,0.6636176675442659,-0.016024856755928296,-0.020699856755928295,0.004674999999999999,-0.08279942702371318,-0.06409942702371318,0.20365527249531834,-0.020699856755928295,,-0.016024856755928296,,2.0
1d,final,N09_ALLIG_AROON,TIME_H,37,18.0,19.0,34.741002570694086,0.40540540540540543,0.40540540540540543,0.1392586175094697,-0.07069770985454159,1.9697755103523171,1.3430287570583979,1.5163659377689716,0.020000801238976493,0.014419720157895409,0.005581081081081083,0.5335296458421301,0.7400296458421303,0.9965132299704562,0.029757355004886608,-0.00011067074978045979,0.03510735500488661,0.005689329250219541,5.0
1d,final,N09_ALLIG_AROON,ATR_SL2_TP3,33,16.0,17.0,30.985218508997427,0.42424242424242425,0.42424242424242425,0.1244637367485336,-0.10554158673066846,1.1792861999142819,0.8689477262526287,0.9772991968802534,-0.001290843436461511,-0.007963570709188779,0.006672727272727273,-0.2627978334032297,-0.04259783340322987,0.7277934630074042,0.01585588242416283,-0.030381879540578544,0.021899632424162832,-0.0231171736582256,3.0
1d,final,N10_HA_PSAR,TIME_H,58,29.0,29.0,54.319230769230764,0.3448275862068966,0.3793103448275862,0.11653444915532307,-0.08531764841110626,1.365889136955551,0.7188890194502902,0.8071454440919349,-0.010063476836475434,-0.015713476836475438,0.0056500000000000005,-0.9113816565155755,-0.5836816565155751,1.5692554274446797,-0.021445986850698696,-0.009980966822252173,-0.015914952367940077,-0.00421200130501079,3.0
1d,final,N10_HA_PSAR,ATR_SL2_TP3,53,27.0,26.0,49.63653846153846,0.41509433962264153,0.41509433962264153,0.11897745937750548,-0.11741532291210048,1.0133043663012744,0.7191192276976786,0.8080198282764783,-0.012476809508867839,-0.01929001705603765,0.006813207547169811,-1.0223709039699955,-0.6612709039699954,1.5414330636028843,-0.018885908144422578,-0.019709668618099453,-0.011052574811089242,-0.013955822464253306,2.0
1d,final,N12_ICHI_AO,TIME_H,37,13.0,24.0,36.42654986522911,0.4594594594594595,0.5135135135135135,0.17313036688760494,-0.07740939570396826,2.2365549467624857,1.901071704748113,2.118220906983261,0.04340617089215998,0.037703468189457266,0.005702702702702707,1.3950283230099187,1.6060283230099193,0.7018612507083528,0.013515213175478063,0.05080543965536266,0.01903829009855499,0.05660543965536268,5.0
1d,final,N12_ICHI_AO,ATR_SL2_TP3,36,12.0,24.0,35.44204851752021,0.4166666666666667,0.4166666666666667,0.11331903455194929,-0.10257796796798978,1.1047112435226962,0.7890794596590688,0.8765878363295637,-0.006995883584681821,-0.012620883584681821,0.005625000000000001,-0.45435180904854555,-0.25185180904854554,1.1269181849241412,-0.01629287021583505,-0.010784890269105207,-0.013367870215835048,-0.0038098902691052067,4.0
1d,final,N14_ICHI_RSI,TIME_H,0,,,,,,,,,,,,,,,,,,,,,
1d,final,N14_ICHI_RSI,ATR_SL2_TP3,0,,,,,,,,,,,,,,,,,,,,,
1d,final,N17_KC_RSI,TIME_H,45,24.0,21.0,43.5974801061008,0.4,0.4,0.09844694760965651,-0.12133875608908869,0.811339680599456,0.5408931203996373,0.5967037542310843,-0.027957807942923955,-0.03342447460959063,0.0054666666666666665,-1.5041013574315785,-1.258101357431578,2.2301842449004154,-0.06984280578697542,0.008196475307420561,-0.06404280578697542,0.013282189593134848,0.0
1d,final,N17_KC_RSI,ATR_SL2_TP3,72,41.0,31.0,69.57142857142857,0.3472222222222222,0.3611111111111111,0.10466297691772969,-0.11095116277471775,0.9433247412669663,0.5017684793973225,0.5674025648860195,-0.03000180871484018,-0.036085142048173514,0.0060833333333333356,-2.598130227468493,-2.160130227468493,3.0723094155693933,-0.0531296392583079,-0.013542419931544165,-0.04517841974611278,-0.00992951670573771,0.0
1d,final,N18_VWMA_MACD,TIME_H,68,30.0,38.0,62.5617128463476,0.4264705882352941,0.47058823529411764,0.08183419387323806,-0.08688714484896935,0.9418446654621403,0.7003460332923608,0.7995047440675549,-0.009361868040969144,-0.014932456276263266,0.005570588235294117,-1.0154070267859021,-0.6366070267859018,1.9313587832785737,-0.019952685638688326,-0.010969117305927681,-0.014672685638688333,-0.005169117305927682,2.0
1d,final,N18_VWMA_MACD,ATR_SL2_TP3,64,29.0,35.0,59.17974683544304,0.328125,0.328125,0.13850399885309914,-0.10456054547543873,1.3246296509196551,0.6469121551002966,0.7220818179425228,-0.01844249186763723,-0.02480499186763723,0.0063625,-1.5875194795287828,-1.1803194795287828,2.530134201702672,-0.006503622605032981,-0.03996898354236647,-0.0028346570877916025,-0.03137469782808075,1.0
1d,final,N21_ST_RSI_ADX,TIME_H,0,,,,,,,,,,,,,,,,,,,,,
1d,final,N21_ST_RSI_ADX,ATR_SL2_TP3,0,,,,,,,,,,,,,,,,,,,,,
1d,final,N22_VORTEX_PSAR,TIME_H,103,53.0,50.0,94.76259445843829,0.4563106796116505,0.5048543689320388,0.10777265448723682,-0.07719920871897845,1.3960331495048377,1.171670679048703,1.3322472474169569,0.012953000705216855,0.007205427889682872,0.0057475728155339835,0.7421590726373358,1.334159072637336,1.3215804466602759,-0.0038751015733606065,0.01895078912050895,0.0018230116341865661,0.02475078912050896,4.0
1d,final,N22_VORTEX_PSAR,ATR_SL2_TP3,84,38.0,46.0,77.28211586901763,0.38095238095238093,0.40476190476190477,0.13346370885900166,-0.10835902271093227,1.2316806253877057,0.7579573079308958,0.8509018157357221,-0.00955750592238601,-0.01623607735095744,0.006678571428571428,-1.3638304974804252,-0.8028304974804249,1.7864622540988109,-0.03292492559602173,-0.002449637496339102,-0.02560124138549542,0.00369601467757394,2.0
1d,final,N23_HA_ST,TIME_H,129,37.0,92.0,118.38505025125627,0.4806201550387597,0.49612403100775193,0.08778153324729175,-0.08604890421065052,1.020135399195784,0.9440058917931136,1.0764606060186113,0.0031975075908411187,-0.0025024924091588824,0.0057,-0.32282152078149584,0.41247847921850433,1.999967615915431,-0.04065040619406,0.012839603352160037,-0.035199054842708646,0.01863960335216005,3.0
1d,final,N23_HA_ST,ATR_SL2_TP3,106,42.0,64.0,98.76658163265306,0.39622641509433965,0.4056603773584906,0.1258411118541085,-0.11408682453434449,1.1030293144518677,0.7238629876090381,0.8127095071495823,-0.012139906342693284,-0.019021038418164982,0.006881132075471698,-2.016230072325488,-1.2868300723254882,2.5655460442557643,-0.029686925580992205,-0.012021549967559615,-0.025479782723849348,-0.0033856124675596157,2.0
1d,final,N24_DMI,TIME_H,56,19.0,37.0,52.58097686375321,0.42857142857142855,0.44642857142857145,0.09437254038979599,-0.08859648475420424,1.0651950881755232,0.7988963161316425,0.9068953043254131,-0.004407973978204143,-0.010181188263918433,0.005773214285714287,-0.5701465427794322,-0.24684654277943197,1.1625689591531165,0.0012440774528440005,-0.016048216604958598,0.006965130084422952,-0.010248216604958596,3.0
1d,final,N24_DMI,ATR_SL2_TP3,48,19.0,29.0,45.06940874035989,0.4166666666666667,0.4166666666666667,0.13217338981682597,-0.10959062236691373,1.2060647796515311,0.8614748426082366,0.9755518222595464,-0.00146186729035553,-0.008855617290355533,0.007393750000000002,-0.42506962993706554,-0.07016962993706544,1.213194550961295,-0.028992883608138342,0.004337764090260788,-0.020524462555506755,0.011027419262674584,3.0
1d,final,N25_DST_CCI,TIME_H,67,23.0,44.0,62.58759590792839,0.5671641791044776,0.582089552238806,0.083098460282615,-0.0961129232670976,0.8645919555654817,1.1329135969478727,1.2871463633568996,0.01123980173124686,0.005529353970052828,0.00571044776119403,0.3704667159935395,0.7530667159935397,0.8686475929165398,-0.00012839887493677578,0.00848681568447921,0.005410731559845838,0.01428681568447922,3.0
1d,final,N25_DST_CCI,ATR_SL2_TP3,58,22.0,36.0,54.18030690537084,0.43103448275862066,0.43103448275862066,0.1365528465331421,-0.11551120308403799,1.182161062194077,0.8955765622682401,1.0151746847726946,0.0009284734750913596,-0.006862905835253467,0.00779137931034483,-0.39804853844470106,0.05385146155529885,1.5656948495988936,-0.0020530897984408405,-0.009802237857750078,0.003787819292468252,-0.0008189045244167414,2.0
1d,final,S1_EMA_RSI_CHOP,TIME_H,0,,,,,,,,,,,,,,,,,,,,,
1d,final,S1_EMA_RSI_CHOP,ATR_SL2_TP3,0,,,,,,,,,,,,,,,,,,,,,
1d,final,S3_CMO_SANDWICH,TIME_H,11,8.0,3.0,11.4140625,0.2727272727272727,0.36363636363636365,0.11799482079141914,-0.10722915863422887,1.1003986443082445,0.41264949161559167,0.46151782321333984,-0.0400044369726885,-0.0458044369726885,0.005800000000000002,-0.5038488066995735,-0.44004880669957347,0.6617855871231659,0.00847461954955393,-0.1905485876986683,0.014274619549553932,-0.1847485876986683,1.0
1d,final,S3_CMO_SANDWICH,ATR_SL2_TP3,11,8.0,3.0,11.4140625,0.36363636363636365,0.36363636363636365,0.1865356312746903,-0.10244579184615152,1.82082277771664,1.0404701586952227,1.1389043927523301,0.008792907470518236,0.0026383620159727826,0.006154545454545455,0.02902198217570061,0.0967219821757006,0.27196888920524914,0.03499130614732734,-0.08363615566763938,0.04210380614732734,-0.08003615566763937,3.0
1d,final,S4_BB_BBP,TIME_H,57,34.0,23.0,55.51800000000001,0.40350877192982454,0.43859649122807015,0.11100054295069874,-0.09032390513618622,1.2289165618264315,0.8313259094708214,0.9336050281481519,-0.0033508822239344087,-0.00908772432919757,0.005736842105263159,-0.5180002867642615,-0.19100028676426128,0.9746782847711054,-0.01653317439719235,0.0019185931626207995,-0.010786115573662939,0.007640332293055598,3.0
1d,final,S4_BB_BBP,ATR_SL2_TP3,49,26.0,23.0,47.34722222222222,0.40816326530612246,0.40816326530612246,0.1319815698575491,-0.10065437670234909,1.3112352803876526,0.9043001933707948,1.0102748135861936,0.0005766218935277048,-0.00570092912688046,0.006277551020408165,-0.2793455272171425,0.02825447278285753,1.2727057211977768,-0.01579941905261015,0.005714755136987888,-0.009572495975687071,0.012049537745683538,3.0
1d,final,N04_ST_KLINGER,TIME_H,122,38.0,84.0,111.12344139650874,0.5081967213114754,0.5245901639344263,0.09544813297651035,-0.08730753239991315,1.0932405298011296,1.1296818807945006,1.2802561778002495,0.011262559840564373,0.005568297545482399,0.005694262295081969,0.6793323005488526,1.3740323005488535,0.9024996166984046,-0.02575265491080522,0.01973729984713632,-0.020292128595015745,0.025537299847136333,5.0
1d,final,N04_ST_KLINGER,ATR_SL2_TP3,97,36.0,61.0,88.35224438902743,0.4020618556701031,0.41237113402061853,0.13505372159383067,-0.11247924846980319,1.2006990038708159,0.8073665715683072,0.9109551207141691,-0.005615477000919469,-0.012955683186486475,0.007340206185567011,-1.2567012690891881,-0.5447012690891885,2.258240778017756,-0.04155078626692239,0.003920115352787179,-0.03608411960025573,0.01236601699213144,3.0
1d,final,N05_PSAR_POC,TIME_H,11,4.0,7.0,11.254201680672269,0.5454545454545454,0.5454545454545454,0.1732084499936768,-0.022789959381532537,7.600208806604253,9.120250567925103,12.64335806628843,0.08991826391403619,0.08411826391403618,0.005800000000000005,0.9253009030543979,0.9891009030543981,0.08897623305873958,0.11649418979378659,0.0656177348398931,0.12229418979378659,0.07141773483989311,4.0
1d,final,N05_PSAR_POC,ATR_SL2_TP3,11,4.0,7.0,11.254201680672269,0.36363636363636365,0.36363636363636365,0.15187079503098938,-0.10699019841321879,1.419483254385904,0.8111332882205166,0.919178202384535,-0.0049862007971431,-0.012858928069870374,0.00787272727272727,-0.1414482087685741,-0.0548482087685741,0.48924480934922787,-0.026053191581312446,-0.005319348920474897,-0.01695319158131245,0.0018520796509536705,3.0
1d,final,N06_MACD_ORB,TIME_H,0,,,,,,,,,,,,,,,,,,,,,
1d,final,N06_MACD_ORB,ATR_SL2_TP3,0,,,,,,,,,,,,,,,,,,,,,
1d,final,N11_BREAKAWAY,TIME_H,1,1.0,0.0,,0.0,0.0,,-0.19481743300933982,,0.0,0.0,-0.18901743300933982,-0.19481743300933982,0.0058,-0.19481743300933982,-0.18901743300933982,0.19481743300933982,-0.19481743300933982,,-0.18901743300933982,,0.0
1d,final,N11_BREAKAWAY,ATR_SL2_TP3,1,1.0,0.0,,0.0,0.0,,-0.17909816374192206,,0.0,0.0,-0.17449816374192206,-0.17909816374192206,0.004599999999999993,-0.17909816374192206,-0.17449816374192206,0.17909816374192206,-0.17909816374192206,,-0.17449816374192206,,0.0
1d,final,N13_3OUTSIDE,TIME_H,11,5.0,6.0,11.317605633802817,0.45454545454545453,0.45454545454545453,0.06335185733488662,-0.09791038870808723,0.647039177055722,0.5391993142131016,0.6225832516846076,-0.019054822324917297,-0.02460936777946275,0.005554545454545454,-0.27070304557409025,-0.20960304557409026,0.3117838087470756,-0.09565248175041281,0.034593227196328964,-0.09039248175041281,0.040393227196328964,1.0
1d,final,N13_3OUTSIDE,ATR_SL2_TP3,11,5.0,6.0,11.317605633802817,0.45454545454545453,0.45454545454545453,0.15495901888876,-0.07879463950953122,1.96661879352866,1.6388489946072167,1.7797277316711928,0.0321933870351466,0.027457023398782962,0.004736363636363636,0.30202725738661257,0.35412725738661255,0.20466153496037245,-0.08169047916716991,0.11841327553707703,-0.07865047916716991,0.12456327553707702,5.0
1d,final,N15_KC_AO,TIME_H,0,,,,,,,,,,,,,,,,,,,,,
1d,final,N15_KC_AO,ATR_SL2_TP3,0,,,,,,,,,,,,,,,,,,,,,
1d,final,N16_BBRSI,TIME_H,22,12.0,10.0,21.48529411764706,0.5,0.5,0.05566425287310943,-0.10126498113308746,0.5496890657586032,0.5496890657586032,0.6429224716591019,-0.017068545948170824,-0.022800364129989016,0.0057318181818181825,-0.5016080108597584,-0.37550801085975816,0.7253583409190816,-0.054429956777370954,0.015155147046869318,-0.04862995677737095,0.02080514704686932,3.0
1d,final,N16_BBRSI,ATR_SL2_TP3,21,12.0,9.0,20.508689839572195,0.3333333333333333,0.3333333333333333,0.1591222000133752,-0.09413895264241715,1.6902907409411512,0.8451453704705755,0.9814050923090236,-0.0010757112809625525,-0.009718568423819695,0.008642857142857143,-0.2040899369002136,-0.022589936900213603,0.5021946659324303,-0.013067307907495709,-0.005253582445585014,-0.004267307907495706,0.003179750887748319,3.0
1d,final,N19_FIB_CHOP,TIME_H,15,7.0,8.0,14.807432432432432,0.6,0.6,0.05984428097233231,-0.0645700548167601,0.9268116798438717,1.3902175197658073,1.6677953043281157,0.015698546656695345,0.010078546656695346,0.005619999999999999,0.15117819985043018,0.23547819985043017,0.13302007842005342,0.03484402264506515,-0.011591244833128234,0.04025830835935086,-0.005791244833128234,3.0
1d,final,N19_FIB_CHOP,ATR_SL2_TP3,14,7.0,7.0,13.820270270270269,0.5,0.5714285714285714,0.14444891192749945,-0.10885931267837433,1.3269320591273148,1.3269320591273148,1.540909659041013,0.027087656767419706,0.017794799624562565,0.009292857142857144,0.2491271947438759,0.3792271947438759,0.5692713073891225,0.07713655070364323,-0.041546951454518095,0.08135083641792894,-0.027175522883089522,3.0
1d,final,N20_EMA9_CHOP,TIME_H,47,0.0,47.0,48.76917613636363,0.48936170212765956,0.5106382978723404,0.07829957494785757,-0.1064799318125504,0.7353458404321469,0.7047064304141407,0.8007916165051692,-0.010255917865967783,-0.016055917865967786,0.005800000000000001,-0.754628139700486,-0.48202813970048586,1.771357992922618,,-0.016055917865967786,,-0.010255917865967783,2.0
1d,final,N20_EMA9_CHOP,ATR_SL2_TP3,33,0.0,33.0,34.2421875,0.3333333333333333,0.3333333333333333,0.15453858712897214,-0.10554478014916714,1.4641992423553465,0.7320996211776731,0.8301468578304514,-0.011032142571605563,-0.01885032438978738,0.007818181818181818,-0.6220607048629836,-0.3640607048629836,1.3289628987772935,,-0.01885032438978738,,-0.011032142571605563,1.0
1d,final,V39_ALL,TIME_H,70,19.0,51.0,65.89561855670104,0.4857142857142857,0.5142857142857142,0.10216627160470158,-0.0719919476027038,1.4191347089054793,1.3402938917440639,1.5385383637007717,0.01838204458375024,0.01259918744089309,0.005782857142857143,0.8819431208625164,1.2867431208625166,1.3174950400517513,0.026963677271435515,0.007247710837357675,0.03270051937669867,0.013047710837357679,6.0
1d,final,V39_ALL,ATR_SL2_TP3,59,23.0,36.0,54.973852040816325,0.423728813559322,0.4406779661016949,0.14367186261907214,-0.10900692953778941,1.3180066921274527,0.969122567740774,1.0995280692540275,0.005802728155795995,-0.0019396447255599382,0.007742372881355934,-0.11443903880803635,0.3423609611919637,1.7297087078176832,0.011683368183683917,-0.010643236306465739,0.01698771600977088,-0.0013432363064657363,3.0
1d,final,OBV_S,TIME_H,19,2.0,17.0,18.90940054495913,0.3684210526315789,0.3684210526315789,0.1122256854506954,-0.14034574839535086,0.7996372297261057,0.46645505067356163,0.5117093429857102,-0.04149311487312327,-0.04729311487312328,0.005800000000000002,-0.8985691825893423,-0.7883691825893422,1.2810819164252316,0.00044912037275265937,-0.052909848431461626,0.006249120372752659,-0.04710984843146161,2.0
1d,final,OBV_S,ATR_SL2_TP3,16,2.0,14.0,15.923705722070846,0.25,0.25,0.16302893936291615,-0.10565786843974988,1.5429891002948013,0.5143297000982672,0.5691371820170316,-0.03217991648908339,-0.03848616648908339,0.006306249999999998,-0.6157786638253342,-0.5148786638253342,1.0169369429783406,-0.13469184280100874,-0.024742498444522622,-0.12484184280100874,-0.018942498444522622,3.0
1d,final,OBV_B,TIME_H,63,28.0,35.0,62.699591280653955,0.49206349206349204,0.5396825396825397,0.09382483470352906,-0.07741029028356665,1.2120460259202392,1.1741695876102318,1.3465710669402136,0.012648263281512187,0.006848263281512183,0.005800000000000003,0.43144058673526753,0.7968405867352678,0.7311301104203667,-0.014285085351257767,0.02375494218772815,-0.008485085351257768,0.029554942187728153,4.0
1d,final,OBV_B,ATR_SL2_TP3,53,30.0,23.0,53.92270194986072,0.37735849056603776,0.41509433962264153,0.12527231899579944,-0.10283186388442063,1.218224723968838,0.7383180145265684,0.8503564983893398,-0.008968021288111168,-0.016754813740941357,0.007786792452830191,-0.888005128269892,-0.4753051282698919,1.3993947279019432,-0.02830651304018372,-0.0016873798723643569,-0.019956513040183723,0.005364794040679123,2.0
1d,final,V45_AMB,TIME_H,12,11.0,1.0,17.255905511811026,0.6666666666666666,0.6666666666666666,0.04608704618922514,-0.12242576286982029,0.376448919809723,0.752897839619446,0.8898041892706394,-0.0042838901637900035,-0.010083890163790006,0.0058,-0.12100668196548006,-0.05140668196548004,0.46597484022081204,-0.01425116460459027,0.035756128685012906,-0.008451164604590267,0.041556128685012905,4.0
1d,final,V45_AMB,ATR_SL2_TP3,10,9.0,1.0,14.37992125984252,0.5,0.5,0.11402401984060125,-0.1449238725479322,0.7867856263838718,0.7867856263838718,0.8913439531341129,-0.007339926353665482,-0.01544992635366548,0.008110000000000001,-0.1544992635366548,-0.07339926353665482,0.581567444621522,-0.025670492282272486,0.07653516700379756,-0.017470492282272487,0.08383516700379756,3.0
1d,final,DOGE_L,TIME_H,0,,,,,,,,,,,,,,,,,,,,,
1d,final,DOGE_L,ATR_SL2_TP3,0,,,,,,,,,,,,,,,,,,,,,
1d,final,DOGE_S,TIME_H,0,,,,,,,,,,,,,,,,,,,,,
1d,final,DOGE_S,ATR_SL2_TP3,0,,,,,,,,,,,,,,,,,,,,,
