entry_ts,exit_ts,entry_px,exit_px,size,pnl,ret,entry_fee,exit_fee,reason,tsl_stage,tsl_level,tsl_wm
2026-09-14 10:40:00+00:00,2026-09-14 11:00:00+00:00,0.0844172,0.08424,296148.1783333254,-52.47745720066814,-0.0020990982880267255,0.0,0.0,tsl,initial_risk,0.0842235398,0.084519
2026-09-14 11:25:00+00:00,2026-09-14 11:30:00+00:00,0.08433,0.084092,296298.8335787956,-70.51912239175363,-0.0028222459385746582,0.0,0.0,tsl,initial_risk,0.084104845,0.0844
2026-09-17 05:30:00+00:00,2026-09-17 05:35:00+00:00,0.08096,0.0807853,308414.65977151546,-53.88004106208609,-0.00215785573122539,0.0,0.0,signal,,,
2026-09-17 19:50:00+00:00,2026-09-17 20:15:00+00:00,0.081697,0.0817962,305467.5305682751,30.302379032367753,0.0012142428730551082,0.0,0.0,tsl,profit_lock_1,0.08178360600000001,0.081947
2026-09-18 08:25:00+00:00,2026-09-18 08:40:00+00:00,0.08452,0.0845435,295354.4301892388,6.9408291094441665,0.0002780407004258167,0.0,0.0,signal,,,
2026-09-18 08:55:00+00:00,2026-09-18 09:05:00+00:00,0.08481,0.085357,294364.95279886597,161.01762918098393,0.00644971111897199,0.0,0.0,tsl,trend_runner,0.08525938000000001,0.085429
2026-09-18 09:35:00+00:00,2026-09-18 09:40:00+00:00,0.0853612,0.08558,292935.73724557605,64.09433930933301,0.0025632254466901043,0.0,0.0,tsl,profit_lock_1,0.0855052776,0.085676
2026-09-18 13:25:00+00:00,2026-09-18 13:35:00+00:00,0.085373,0.0860584,293082.937685151,200.8790454894006,0.008028299345226166,0.0,0.0,tsl,trend_runner,0.085914254,0.086085
2026-09-18 16:00:00+00:00,2026-09-18 16:05:00+00:00,0.08755,0.08752,286368.8109693518,-8.591064329080837,-0.00034266133637922316,0.0,0.0,tsl,initial_risk,0.087393575,0.0877
2026-09-18 17:50:00+00:00,2026-09-18 18:00:00+00:00,0.08754,0.0873239,286376.9891967612,-61.886067365423514,-0.0024685857893535744,0.0,0.0,tsl,initial_risk,0.08731361,0.08762
2026-09-18 19:55:00+00:00,2026-09-18 20:05:00+00:00,0.087952,0.087689,284859.5838348545,-74.9180705485669,-0.0029902674185919662,0.0,0.0,signal,,,
2026-09-18 21:35:00+00:00,2026-09-18 21:40:00+00:00,0.088291,0.0879366,283553.70988895785,-100.49143478464612,-0.004013999161862456,0.0,0.0,tsl,initial_risk,0.0880009815,0.08831
2026-09-19 16:15:00+00:00,2026-09-19 16:35:00+00:00,0.089231,0.089524,280285.07739585807,82.12352767698394,0.003283612197554562,0.0,0.0,tsl,trend_runner,0.089531538,0.08971
2026-09-19 18:35:00+00:00,2026-09-19 18:40:00+00:00,0.089983,0.0897186,278170.8614185909,-73.54837575907368,-0.0029383327961947673,0.0,0.0,tsl,initial_risk,0.0897350595,0.09005
2026-09-19 19:00:00+00:00,2026-09-19 19:05:00+00:00,0.090095,0.089802,277620.97262988286,-81.34294498055169,-0.0032521227593094587,0.0,0.0,tsl,initial_risk,0.08983466749999999,0.09015
2026-09-20 22:35:00+00:00,2026-09-20 23:00:00+00:00,0.08759,0.087256,285328.5282891215,-95.2997284485682,-0.0038132206872931343,0.0,0.0,tsl,initial_risk,0.087290435,0.087597
2026-09-21 04:35:00+00:00,2026-09-21 04:45:00+00:00,0.088316,0.08857,282713.2213951267,71.80915823435862,0.0028760360523573006,0.0,0.0,tsl,profit_lock_1,0.088453368,0.08863
2026-09-21 05:20:00+00:00,2026-09-21 05:30:00+00:00,0.0884919,0.0890628,282354.1267651684,161.19597097023507,0.006451437928217176,0.0,0.0,tsl,trend_runner,0.0888858162,0.0890628
2026-09-21 06:10:00+00:00,2026-09-21 06:15:00+00:00,0.088703,0.089211,282136.4795219233,143.3253315971342,0.005726976539688511,0.0,0.0,tsl,trend_runner,0.08912859399999999,0.089306
2026-09-21 07:00:00+00:00,2026-09-21 07:05:00+00:00,0.08932,0.08914,280588.70886623877,-50.50596759592008,-0.0020152261531570723,0.0,0.0,tsl,initial_risk,0.08907108,0.0893837
2026-09-21 10:15:00+00:00,2026-09-21 10:20:00+00:00,0.092737,0.09279,270113.94571781997,14.316039123041264,0.0005715086750702328,0.0,0.0,tsl,initial_risk,0.09250542049999999,0.09283
2026-09-21 14:20:00+00:00,2026-09-21 14:25:00+00:00,0.093547,0.093551,267813.3557870827,1.0712534231461177,4.275925470610213e-05,0.0,0.0,tsl,profit_lock_1,0.093702906,0.09389
2026-09-21 16:50:00+00:00,2026-09-21 16:55:00+00:00,0.0969696,0.0966618,258363.48512492588,-79.52428072144903,-0.0031741906741905484,0.0,0.0,tsl,initial_risk,0.0968390064,0.0971784
2026-09-21 17:20:00+00:00,2026-09-21 17:25:00+00:00,0.0976,0.09763,256491.0116494841,7.694730349481688,0.0003073770491802146,0.0,0.0,tsl,trend_runner,0.09814479999999999,0.09834
2026-09-21 17:30:00+00:00,2026-09-21 17:35:00+00:00,0.0989438,0.0981,253026.93467985888,-213.5041274828618,-0.00852807351243825,0.0,0.0,tsl,initial_risk,0.0987336967,0.09908
2026-09-21 18:10:00+00:00,2026-09-21 18:15:00+00:00,0.09815,0.0992447,254529.49962003363,278.6334432340518,0.011153336729495708,0.0,0.0,tsl,trend_runner,0.0992678,0.0994641
2026-09-21 20:00:00+00:00,2026-09-21 20:10:00+00:00,0.098937,0.09928,253208.8980716498,86.85065203857448,0.003466852643601428,0.0,0.0,tsl,trend_runner,0.099162126,0.09936
2026-09-21 20:50:00+00:00,2026-09-21 20:55:00+00:00,0.100036,0.10013,250644.1822096491,23.560553127703315,0.0009396617217800116,0.0,0.0,tsl,trend_runner,0.100349828,0.1005499
2026-09-21 21:30:00+00:00,2026-09-21 21:35:00+00:00,0.0995249,0.09983,251990.5224703203,76.88230840569668,0.003065564496924968,0.0,0.0,tsl,trend_runner,0.0997729502,0.099972
2026-09-21 22:00:00+00:00,2026-09-21 22:05:00+00:00,0.100532,0.10031400000000001,249657.34419794503,-54.42530103514946,-0.0021684637727289796,0.0,0.0,tsl,initial_risk,0.10039813800000001,0.10075
2026-09-21 22:45:00+00:00,2026-09-21 22:50:00+00:00,0.1002297,0.100337,250274.57731240365,26.854462145620346,0.0010705409673978645,0.0,0.0,tsl,profit_lock_1,0.10028954059999999,0.10049
2026-09-21 23:05:00+00:00,2026-09-21 23:10:00+00:00,0.101283,0.10175,247738.11416709053,115.69369931603069,0.004610842885775477,0.0,0.0,tsl,trend_runner,0.101895934,0.1020985
2026-09-22 00:40:00+00:00,2026-09-22 00:45:00+00:00,0.101424,0.101054,247678.8811525323,-91.6411860264343,-0.003648051743177052,0.0,0.0,tsl,initial_risk,0.101287016,0.101642
2026-09-22 22:20:00+00:00,2026-09-22 22:30:00+00:00,0.100128,0.10053,250655.88592109928,100.76366614028302,0.004014860977948271,0.0,0.0,tsl,trend_runner,0.100371744,0.100572
2026-09-22 23:55:00+00:00,2026-09-23 00:00:00+00:00,0.10042,0.100425,250177.88749295854,1.2508894374659576,4.979087831113978e-05,0.0,0.0,tsl,profit_lock_1,0.10047816000000001,0.100679
2026-09-23 02:20:00+00:00,2026-09-23 02:25:00+00:00,0.101465,0.101627,247604.3579993324,40.11190599589099,0.0015966096683585132,0.0,0.0,tsl,trend_runner,0.10179706999999999,0.102
2026-09-24 19:25:00+00:00,2026-09-24 19:35:00+00:00,0.09648,0.09622,260501.7015018785,-67.73044239048977,-0.0026948590381426743,0.0,0.0,tsl,initial_risk,0.09620301999999999,0.0965407
2026-09-25 00:00:00+00:00,2026-09-25 00:05:00+00:00,0.0960584,0.09624,261468.7684815031,47.48272835624448,0.0018905166024003467,0.0,0.0,tsl,profit_lock_1,0.0961078832,0.0963
2026-09-25 16:40:00+00:00,2026-09-25 16:45:00+00:00,0.097913,0.09746,256637.4458181516,-116.25676295562153,-0.004626556228488511,0.0,0.0,tsl,initial_risk,0.0975703045,0.097913
2026-09-27 12:00:00+00:00,2026-09-27 12:20:00+00:00,0.09822,0.098129,255539.3814055566,-23.25408370790683,-0.0009264915495826166,0.0,0.0,signal,,,
