TF,L,fee_share_of_tp,fails,n_fail
5m,20,0.28,-,0
5m,25,0.35,fees>1/3 TP,1
5m,30,0.42,fees>1/3 TP,1
5m,40,0.56,fees>1/3 TP,1
5m,50,0.7,P(liq16)>=10%;fees>1/3 TP,2
15m,20,0.28,-,0
15m,25,0.35,fees>1/3 TP,1
15m,30,0.42,fees>1/3 TP,1
15m,40,0.56,TP<0.5ATR;P(liq16)>=10%;fees>1/3 TP,3
15m,50,0.7,liq<3ATR;TP<0.5ATR;entry-bar>=50%;P(liq16)>=10%;fees>1/3 TP,5
30m,20,0.28,-,0
30m,25,0.35,P(liq16)>=10%;fees>1/3 TP,2
30m,30,0.42,TP<0.5ATR;P(liq16)>=10%;fees>1/3 TP,3
30m,40,0.56,liq<3ATR;TP<0.5ATR;entry-bar>=50%;P(liq16)>=10%;fees>1/3 TP,5
30m,50,0.7,liq<3ATR;TP<0.5ATR;entry-bar>=50%;P(liq16)>=10%;fees>1/3 TP,5
1h,20,0.28,TP<0.5ATR;P(liq16)>=10%,2
1h,25,0.35,TP<0.5ATR;entry-bar>=50%;P(liq16)>=10%;fees>1/3 TP,4
1h,30,0.42,liq<3ATR;TP<0.5ATR;entry-bar>=50%;P(liq16)>=10%;fees>1/3 TP,5
1h,40,0.56,liq<3ATR;TP<0.5ATR;entry-bar>=50%;P(liq16)>=10%;fees>1/3 TP,5
1h,50,0.7,liq<3ATR;TP<0.5ATR;entry-bar>=50%;P(liq16)>=10%;fees>1/3 TP,5
4h,20,0.28,liq<3ATR;TP<0.5ATR;entry-bar>=50%;P(liq16)>=10%,4
4h,25,0.35,liq<3ATR;TP<0.5ATR;entry-bar>=50%;P(liq16)>=10%;fees>1/3 TP,5
4h,30,0.42,liq<3ATR;TP<0.5ATR;entry-bar>=50%;P(liq16)>=10%;fees>1/3 TP,5
4h,40,0.56,liq<3ATR;TP<0.5ATR;entry-bar>=50%;P(liq16)>=10%;fees>1/3 TP,5
4h,50,0.7,liq<3ATR;TP<0.5ATR;entry-bar>=50%;P(liq16)>=10%;fees>1/3 TP,5
1d,20,0.28,liq<3ATR;TP<0.5ATR;entry-bar>=50%;P(liq16)>=10%,4
1d,25,0.35,liq<3ATR;TP<0.5ATR;entry-bar>=50%;P(liq16)>=10%;fees>1/3 TP,5
1d,30,0.42,liq<3ATR;TP<0.5ATR;entry-bar>=50%;P(liq16)>=10%;fees>1/3 TP,5
1d,40,0.56,liq<3ATR;TP<0.5ATR;entry-bar>=50%;P(liq16)>=10%;fees>1/3 TP,5
1d,50,0.7,liq<3ATR;TP<0.5ATR;entry-bar>=50%;P(liq16)>=10%;fees>1/3 TP,5
