inj_ir,L,variant,pTP_adv,pLIQ_adv,pSTOP_adv,EROE_adv,EROE_se_adv,mean_hours
0,5,liq,0.901375,0.0971875,0.0,-0.01932024248606623,0.003762840653284529,82.4087015625
0,5,stop1.0,0.901375,2.5e-05,0.0971625,-0.017238986579816252,0.0036907219836480993,82.4087015625
0,5,stop0.5,0.8281625,0.0,0.1718375,-0.010923401182901752,0.001982465365748268,47.489003125
0,10,liq,0.9017125,0.0982875,0.0,-0.024409982531249992,0.002527137194831551,23.85398125
0,10,stop1.0,0.9017125,3.75e-05,0.09825,-0.02018523253124998,0.002428050931614442,23.85398125
0,10,stop0.5,0.8258875,0.0,0.1741125,-0.015883543010197832,0.0012811884279869713,14.156532291666666
0,20,liq,0.9002125,0.0997875,0.0,-0.03807758989583333,0.0016262275800010921,6.832952083333335
0,20,stop1.0,0.9002125,6.25e-05,0.099725,-0.029502373895833295,0.0014976557318985668,6.832952083333335
0,20,stop0.5,0.819075,0.0,0.180925,-0.02853345997162143,0.000835429363467435,4.094379166666667
0,25,liq,0.8974625,0.1025375,0.0,-0.04742994228645834,0.0014827762868075628,4.585822916666667
0,25,stop1.0,0.8974625,6.25e-05,0.102475,-0.036414124786458266,0.0013355139859533704,4.585822916666667
0,25,stop0.5,0.815075,0.0,0.184925,-0.03525297842123995,0.0007857733851267129,2.7316166666666666
0,30,liq,0.894525,0.105475,0.0,-0.057020882078125,0.0013627512653909641,3.2357635416666666
0,30,stop1.0,0.894525,0.0001125,0.1053625,-0.043428621265624974,0.0012000685201218819,3.2357635416666666
0,30,stop0.5,0.8111125,0.0,0.1888875,-0.0419008960040553,0.000747340021373765,1.9486802083333337
0,40,liq,0.8897625,0.1102375,0.0,-0.07511162941666666,0.0012929113288573703,1.8741270833333332
0,40,stop1.0,0.8897625,0.0003,0.1099375,-0.056202050416666746,0.0010855761459910207,1.8741270833333332
0,40,stop0.5,0.7993625,0.0,0.2006375,-0.056890187370790685,0.0007190533308447777,1.1202229166666666
0,50,liq,0.884225,0.115775,0.0,-0.09404765944270832,0.001272941182178359,1.1954927083333333
0,50,stop1.0,0.884225,0.0002875,0.1154875,-0.0692186541302081,0.0010164688337533684,1.1954927083333333
0,50,stop0.5,0.7875875,0.0,0.2124125,-0.07134934441472962,0.0007042268534500732,0.7035427083333334
1,5,liq,0.9308,0.0692,0.0,0.013162078781249994,0.003330575268056758,63.3525875
1,5,stop1.0,0.9308,0.0,0.0692,0.01464417990624998,0.0032658406842633802,63.3525875
1,5,stop0.5,0.8642,0.0,0.1358,0.010671037899438025,0.0019766465788782026,40.72434479166667
1,10,liq,0.92235,0.07765,0.0,-0.0013637301197916589,0.002367868684168181,19.938198958333334
1,10,stop1.0,0.92235,3.75e-05,0.0776125,0.001973565817708352,0.0022744671378395315,19.938198958333334
1,10,stop0.5,0.846625,0.0,0.153375,-0.003763253453111463,0.0012692707628576326,12.581683333333332
1,20,liq,0.9123125,0.0876875,0.0,-0.024758410343749995,0.001571277172072986,6.118521875
1,20,stop1.0,0.9123125,0.0001,0.0875875,-0.017227231968749965,0.0014465756229580112,6.118521875
1,20,stop0.5,0.8324375,0.0,0.1675625,-0.021115319239486795,0.0008593910072596522,3.8146427083333334
1,25,liq,0.9080625,0.0919375,0.0,-0.03581778278385417,0.0014429714695883256,4.145267708333333
1,25,stop1.0,0.9080625,3.75e-05,0.0919,-0.025938900283854104,0.0012992104448471078,4.145267708333333
1,25,stop0.5,0.826325,0.0,0.173675,-0.029148926818890385,0.0008099768814054903,2.552803125
1,30,liq,0.9044125,0.0955875,0.0,-0.04625560928125,0.001355143237800055,2.977977083333333
1,30,stop1.0,0.9044125,0.000125,0.0954625,-0.033940537718749976,0.0011926300478432455,2.977977083333333
1,30,stop0.5,0.821125,0.0,0.178875,-0.036599289680672734,0.0007611852435998546,1.8306895833333336
1,40,liq,0.8977625,0.1022375,0.0,-0.06646067870833333,0.0012837656715297603,1.7242291666666665
1,40,stop1.0,0.8977625,0.000225,0.1020125,-0.0489142557083334,0.0010776376694613787,1.7242291666666665
1,40,stop0.5,0.80825,0.0,0.19175,-0.052414202651117556,0.0007439445200741132,1.0605614583333334
1,50,liq,0.8902625,0.1097375,0.0,-0.08756415176562497,0.0012773654353137323,1.109840625
1,50,stop1.0,0.8902625,0.000325,0.1094125,-0.06404094332812477,0.0010194891586672908,1.109840625
1,50,stop0.5,0.79435,0.0,0.20565,-0.06811440037554653,0.0007346186207179887,0.670709375
2,5,liq,0.9487625,0.0512375,0.0,0.033659039919270835,0.0029160277707087354,50.537507291666664
2,5,stop1.0,0.9487625,0.0,0.0512375,0.03475628670052082,0.002859262974637931,50.537507291666664
2,5,stop0.5,0.8890875,0.0,0.1109125,0.025667422932461444,0.0018900937791077215,34.72261458333334
2,10,liq,0.9362875,0.0637125,0.0,0.014228314510416675,0.0021872921789500748,17.070872916666666
2,10,stop1.0,0.9362875,5e-05,0.0636625,0.01696517857291668,0.0021011463972225508,17.070872916666666
2,10,stop0.5,0.8649125,0.0,0.1350875,0.006909837681166382,0.0012453121498357954,11.318979166666665
2,20,liq,0.9217875,0.0782125,0.0,-0.014305810958333325,0.001532269267560639,5.467433333333334
2,20,stop1.0,0.9217875,8.75e-05,0.078125,-0.0075886517083333,0.0014105256428016953,5.467433333333334
2,20,stop0.5,0.8447875,0.0,0.1552125,-0.014256637758882959,0.0008866626254372826,3.5532
2,25,liq,0.9169375,0.0830625,0.0,-0.02608696475520834,0.0014226179432276589,3.749560416666667
2,25,stop1.0,0.9169375,6.25e-05,0.083,-0.01716510788020827,0.001280707270847157,3.749560416666667
2,25,stop0.5,0.8368375,0.0,0.1631625,-0.023447250547970953,0.0008403579225191149,2.3887010416666663
2,30,liq,0.912375,0.087625,0.0,-0.037566419734374995,0.0013605634973969333,2.7175739583333334
2,30,stop1.0,0.912375,7.5e-05,0.08755,-0.02627206810937498,0.0011970235190458733,2.7175739583333334
2,30,stop0.5,0.83055,0.0,0.16945,-0.031610034057441234,0.0007899292466542194,1.722984375
2,40,liq,0.90425,0.09575,0.0,-0.059439549208333324,0.0012896109948952867,1.5912104166666667
2,40,stop1.0,0.90425,0.0002375,0.0955125,-0.043010958208333394,0.0010822742895156337,1.5912104166666667
2,40,stop0.5,0.81625,0.0,0.18375,-0.048382600630768276,0.0007752891991681371,1.0011052083333334
2,50,liq,0.8963625,0.1036375,0.0,-0.08102187380729164,0.0012941473797206636,1.0366322916666666
2,50,stop1.0,0.8963625,0.000275,0.1033625,-0.05879920536979145,0.0010322236366783904,1.0366322916666666
2,50,stop0.5,0.801175,0.0,0.198825,-0.06485568223909234,0.0007657887423981379,0.64184375
3,5,liq,0.9623375,0.0376625,0.0,0.04909549030729166,0.0024597439557451227,41.71667708333334
3,5,stop1.0,0.9623375,0.0,0.0376625,0.04990244433854166,0.002411680829963316,41.71667708333334
3,5,stop0.5,0.9077625,0.0,0.0922375,0.03691300830543537,0.0017492941227158032,30.34090416666666
3,10,liq,0.946875,0.053125,0.0,0.02607699907291667,0.001953790631852436,14.858685416666665
3,10,stop1.0,0.946875,3.75e-05,0.0530875,0.02835937088541668,0.0018766930023537904,14.858685416666665
3,10,stop0.5,0.8796875,0.0,0.1203125,0.015537611373971947,0.0012063157942589847,10.263338541666668
3,20,liq,0.93005,0.06995,0.0,-0.005197563989583326,0.0014758828749125068,4.927098958333334
3,20,stop1.0,0.93005,7.5e-05,0.069875,0.0008109142604166958,0.0013584854320525584,4.927098958333334
3,20,stop0.5,0.8552625,0.0,0.1447375,-0.008434241357849025,0.0009091805746666421,3.3124479166666663
3,25,liq,0.9248,0.0752,0.0,-0.01746887976822917,0.001391296480879106,3.4074864583333335
3,25,stop1.0,0.9248,2.5e-05,0.075175,-0.009387934768229113,0.0012524094286001446,3.4074864583333335
3,25,stop0.5,0.8462625,0.0,0.1537375,-0.01833357139387089,0.000863159390632223,2.237328125
3,30,liq,0.919125,0.080875,0.0,-0.030197581687499996,0.001349547010553151,2.4893625
3,30,stop1.0,0.919125,3.75e-05,0.0808375,-0.019769090499999975,0.001187410514191946,2.4893625
3,30,stop0.5,0.8392,0.0,0.1608,-0.02703017967174263,0.0008072026650615803,1.6213531250000002
3,40,liq,0.9101,0.0899,0.0,-0.05310819158333334,0.0012903607065361446,1.4708916666666667
3,40,stop1.0,0.9101,0.000175,0.089725,-0.037675043583333394,0.0010830628588777084,1.4708916666666667
3,40,stop0.5,0.823125,0.0,0.176875,-0.04491793840119902,0.0007962846489431716,0.9472708333333332
3,50,liq,0.9019375,0.0980625,0.0,-0.07504442304166667,0.0013091560742757515,0.9725166666666666
3,50,stop1.0,0.9019375,0.0001875,0.097875,-0.054001508041666466,0.0010441632086956331,0.9725166666666666
3,50,stop0.5,0.8075375,0.0,0.1924625,-0.06181596543031417,0.0007925695589311216,0.615
4,5,liq,0.9717125,0.0282875,0.0,0.059775195075520836,0.0020663298432010762,35.318444791666664
4,5,stop1.0,0.9717125,2.5e-05,0.0282625,0.060381277606770825,0.002025814616673983,35.318444791666664
4,5,stop0.5,0.9220125,0.0,0.0779875,0.04549858262172919,0.0015900719738606208,26.92298541666667
4,10,liq,0.9555,0.0445,0.0,0.03571816328645833,0.0017439807330390145,13.146217708333335
4,10,stop1.0,0.9555,2.5e-05,0.044475,0.03763002303645834,0.0016751636258771174,13.146217708333335
4,10,stop0.5,0.8921125,0.0,0.1078875,0.022795352144829924,0.0011796201102388145,9.356016666666667
4,20,liq,0.937075,0.062925,0.0,0.0025447149270833407,0.0014374952348958343,4.474632291666667
4,20,stop1.0,0.937075,6.25e-05,0.0628625,0.00795020480208336,0.001323169195858666,4.474632291666667
4,20,stop0.5,0.864425,0.0,0.135575,-0.003337770347596377,0.0009352558084308108,3.0854375
4,25,liq,0.93085,0.06915,0.0,-0.010830580940104173,0.0013743214075568589,3.1221302083333335
4,25,stop1.0,0.93085,6.25e-05,0.0690875,-0.0034040345338541196,0.0012371678992651165,3.1221302083333335
4,25,stop0.5,0.8542,0.0,0.1458,-0.014024469127792786,0.0008780162275309943,2.0999541666666666
4,30,liq,0.924825,0.075175,0.0,-0.023974868671874996,0.0013459839223871858,2.296303125
4,30,stop1.0,0.924825,5e-05,0.075125,-0.014283133796874977,0.0011843992574152949,2.296303125
4,30,stop0.5,0.8468875,0.0,0.1531125,-0.02295925737337618,0.0008297166337351999,1.5284729166666668
4,40,liq,0.9149875,0.0850125,0.0,-0.04782358935416667,0.0012856316851339558,1.3805239583333333
4,40,stop1.0,0.9149875,0.000175,0.0848375,-0.03323097235416673,0.0010791025165016951,1.3805239583333333
4,40,stop0.5,0.829425,0.0,0.170575,-0.04174901704174019,0.0008200825664475769,0.9050958333333332
4,50,liq,0.9066875,0.0933125,0.0,-0.06995335664062499,0.0013191806430523075,0.920765625
4,50,stop1.0,0.9066875,0.00015,0.0931625,-0.0499238719531248,0.0010523295454908479,0.920765625
4,50,stop0.5,0.8131,0.0,0.1869,-0.0591587519544127,0.0008142537462281659,0.5932354166666666
6,5,liq,0.982075,0.017925,0.0,0.071685681609375,0.0015757129756735616,26.55300625
6,5,stop1.0,0.982075,2.5e-05,0.0179,0.07207059985937499,0.0015446020991324487,26.55300625
6,5,stop0.5,0.9420375,0.0,0.0579625,0.05759253169541505,0.001346455653689294,21.66075
6,10,liq,0.96745,0.03255,0.0,0.049108874687500005,0.001461096010976081,10.5109625
6,10,stop1.0,0.96745,1.25e-05,0.0325375,0.05050699800000001,0.0014034372448549662,10.5109625
6,10,stop0.5,0.9120125,0.0,0.0879875,0.03441883287865605,0.001117540385574495,7.905708333333334
6,20,liq,0.947675,0.052325,0.0,0.014221129718750006,0.0013466071086028998,3.815303125
6,20,stop1.0,0.947675,5e-05,0.052275,0.018715913468750026,0.001239597256770787,3.815303125
6,20,stop0.5,0.87985,0.0,0.12015,0.0052383043417172604,0.0009476332003667455,2.715140625
6,25,liq,0.94045,0.05955,0.0,-0.0003026864505208371,0.0013234884796494636,2.6872510416666664
6,25,stop1.0,0.94045,3.75e-05,0.0595125,0.006094532143229209,0.0011916348235408679,2.6872510416666664
6,25,stop0.5,0.8680875,0.0,0.1319125,-0.006493831445018973,0.00089944905019404,1.8854166666666665
6,30,liq,0.933725,0.066275,0.0,-0.014259741921874996,0.0013106056028988641,1.997453125
6,30,stop1.0,0.933725,6.25e-05,0.0662125,-0.005718054234374983,0.00115334788550693,1.997453125
6,30,stop0.5,0.8596875,0.0,0.1403125,-0.016185324558837873,0.0008695708585723344,1.38475625
6,40,liq,0.9237875,0.0762125,0.0,-0.03831480152083333,0.0012972763664375077,1.2301447916666668
6,40,stop1.0,0.9237875,0.0001,0.0761125,-0.025222912520833387,0.0010886852991176693,1.2301447916666668
6,40,stop0.5,0.8411375,0.0,0.1588625,-0.035856935641171116,0.0008578616185367808,0.8343239583333334
6,50,liq,0.9135125,0.0864875,0.0,-0.06262771218229166,0.0013278879432224928,0.8296072916666668
6,50,stop1.0,0.9135125,0.0001625,0.086325,-0.04406796843229149,0.00105932854218645,0.8296072916666668
6,50,stop0.5,0.822625,0.0,0.177375,-0.05460815188654756,0.0008622158879611818,0.5528645833333333
8,5,liq,0.9873375,0.0126625,0.0,0.07780378855989584,0.001244124607765364,20.98900104166667
8,5,stop1.0,0.9873375,0.0,0.0126625,0.07807634796614582,0.0012195235576924735,20.98900104166667
8,5,stop0.5,0.9565,0.0,0.0435,0.06631643089583335,0.001132264873158752,18.03184166666667
8,10,liq,0.9756875,0.0243125,0.0,0.058334139427083334,0.001223045105598824,8.737789583333335
8,10,stop1.0,0.9756875,0.0,0.0243125,0.05937887036458335,0.0011747753776698104,8.737789583333335
8,10,stop0.5,0.9253375,0.0,0.0746625,0.042214841888315126,0.0010487216984199292,6.834014583333333
8,20,liq,0.955125,0.044875,0.0,0.022440268885416673,0.0012781552012091069,3.3016864583333336
8,20,stop1.0,0.955125,2.5e-05,0.04485,0.026296833385416694,0.0011766740182023022,3.3016864583333336
8,20,stop0.5,0.8920875,0.0,0.1079125,0.012038015711605347,0.0009543354726293652,2.4388739583333336
8,25,liq,0.948275,0.051725,0.0,0.008268768674479163,0.0012831501465844365,2.3645010416666667
8,25,stop1.0,0.948275,1.25e-05,0.0517125,0.013827762893229203,0.0011551759996370203,2.3645010416666667
8,25,stop0.5,0.8800875,0.0,0.1199125,1.1157675166611015e-05,0.0009135709182080689,1.7079802083333333
8,30,liq,0.940625,0.059375,0.0,-0.006731231468749998,0.0012834056363311295,1.77508125
8,30,stop1.0,0.940625,6.25e-05,0.0593125,0.0009204900937500148,0.0011293833347455597,1.77508125
8,30,stop0.5,0.86995,0.0,0.13005,-0.01075328302636172,0.0008890693632959433,1.2679135416666667
8,40,liq,0.930325,0.069675,0.0,-0.031248380520833324,0.0012775320815442252,1.1137010416666668
8,40,stop1.0,0.930325,8.75e-05,0.0695875,-0.019278777520833377,0.0010721716241338317,1.1137010416666668
8,40,stop0.5,0.85065,0.0,0.14935,-0.03106988882000794,0.0008790587614055246,0.7775364583333334
8,50,liq,0.91935,0.08065,0.0,-0.05636758663541665,0.0013338948905389342,0.7604854166666666
8,50,stop1.0,0.91935,0.00015,0.0805,-0.0390603228854165,0.0010643944427309164,0.7604854166666666
8,50,stop0.5,0.83075,0.0,0.16925,-0.050726031999837266,0.0008947162266194704,0.5189291666666667
12,5,liq,0.992075,0.007925,0.0,0.08339547946875,0.0008832514836215438,14.6369125
12,5,stop1.0,0.992075,0.0,0.007925,0.08356634471874999,0.0008658123689825805,14.6369125
12,5,stop0.5,0.97225,0.0,0.02775,0.07586298164087356,0.0008553009553820313,13.344048958333333
12,10,liq,0.9840375,0.0159625,0.0,0.06773917161458333,0.0009752012725658848,6.510352083333333
12,10,stop1.0,0.9840375,1.25e-05,0.01595,0.06842482211458334,0.0009367747756342988,6.510352083333333
12,10,stop0.5,0.9440375,0.0,0.0559625,0.05314584591521459,0.0009376153536453352,5.40510625
12,20,liq,0.9651375,0.0348625,0.0,0.033483611072916676,0.0011492349587487103,2.6227052083333335
12,20,stop1.0,0.9651375,2.5e-05,0.0348375,0.036479297447916684,0.001058254234569593,2.6227052083333335
12,20,stop0.5,0.909575,0.0,0.090425,0.021757446324395427,0.0009223991930599137,2.0344479166666662
12,25,liq,0.9585875,0.0414125,0.0,0.019572275526041665,0.0011748471521951468,1.9156979166666668
12,25,stop1.0,0.9585875,1.25e-05,0.0414,0.024022438651041696,0.001057859915889289,1.9156979166666668
12,25,stop0.5,0.896975,0.0,0.103025,0.009170048211859896,0.0009096742256585944,1.4504072916666666
12,30,liq,0.9515375,0.0484625,0.0,0.005159166234374999,0.0012212444450857367,1.4661677083333333
12,30,stop1.0,0.9515375,0.0,0.0484625,0.01141097004687501,0.0010748102187623217,1.4661677083333333
12,30,stop0.5,0.8865875,0.0,0.1134125,-0.0019527289564899221,0.0009023982100785027,1.0927583333333333
12,40,liq,0.9406625,0.0593375,0.0,-0.020082017979166658,0.0012403362764518647,0.9445427083333332
12,40,stop1.0,0.9406625,5e-05,0.0592875,-0.009884126979166703,0.001041013457855364,0.9445427083333332
12,40,stop0.5,0.86605,0.0,0.13395,-0.023322654361563486,0.000918677223198045,0.6861677083333334
12,50,liq,0.930175,0.069825,0.0,-0.04477586304687499,0.0013131697923767533,0.659496875
12,50,stop1.0,0.930175,0.00015,0.069675,-0.029796118671874854,0.0010482409186709737,0.659496875
12,50,stop0.5,0.8447,0.0,0.1553,-0.044065986127252814,0.0009408737716972313,0.4679458333333333
16,5,liq,0.9944,0.0056,0.0,0.08615839395052083,0.0006875587020441623,11.219744791666665
16,5,stop1.0,0.9944,0.0,0.0056,0.08627906695052083,0.0006740088207538623,11.219744791666665
16,5,stop0.5,0.9799875,0.0,0.0200125,0.08058644958072916,0.0006919832793680184,10.500211458333334
16,10,liq,0.9880375,0.0119625,0.0,0.07228195169791667,0.000817576299576956,5.144335416666666
16,10,stop1.0,0.9880375,0.0,0.0119625,0.07279639738541666,0.0007853299596177059,5.144335416666666
16,10,stop0.5,0.9558375,0.0,0.0441625,0.06004942320678358,0.000831555565808099,4.459289583333333
16,20,liq,0.9719375,0.0280625,0.0,0.04097830742708334,0.0010137928951378062,2.1831197916666665
16,20,stop1.0,0.9719375,6.25e-05,0.028,0.043385976677083354,0.0009337065688978167,2.1831197916666665
16,20,stop0.5,0.922275,0.0,0.077725,0.02881357701473355,0.0008865393300803295,1.751621875
16,25,liq,0.9656375,0.0343625,0.0,0.027298071263020834,0.0010853481194013292,1.6143739583333332
16,25,stop1.0,0.9656375,0.0,0.0343625,0.030991772044270862,0.0009773269870072022,1.6143739583333332
16,25,stop0.5,0.909525,0.0,0.090475,0.015973522308773563,0.0008931643675878806,1.26775
16,30,liq,0.9595375,0.0404625,0.0,0.013871920921875,0.001129495933364373,1.250821875
16,30,stop1.0,0.9595375,1.25e-05,0.04045,0.01909011967187501,0.0009942103964568144,1.250821875
16,30,stop0.5,0.8993625,0.0,0.1006375,0.004802023819967367,0.0008869748522069784,0.9633708333333332
16,40,liq,0.94835,0.05165,0.0,-0.011777970687499995,0.0011896307082290016,0.8184218749999999
16,40,stop1.0,0.94835,6.25e-05,0.0515875,-0.0029045776875000324,0.0009987575996571892,0.8184218749999999
16,40,stop0.5,0.87885,0.0,0.12115,-0.016885582079367082,0.0009232076053064262,0.6154072916666667
16,50,liq,0.93755,0.06245,0.0,-0.03687315239062499,0.0012907755112613805,0.582190625
16,50,stop1.0,0.93755,0.0001375,0.0623125,-0.023476181453124863,0.0010305029881116548,0.582190625
16,50,stop0.5,0.856725,0.0,0.143275,-0.038326190343925724,0.0009691284715364336,0.4258760416666666
24,5,liq,0.9966125,0.0033875,0.0,0.0888043086953125,0.00047766590270937665,7.701446875
24,5,stop1.0,0.9966125,0.0,0.0033875,0.08887755797656251,0.00046822051531245366,7.701446875
24,5,stop0.5,0.9872625,0.0,0.0127375,0.08505501671614583,0.000518466112940132,7.389782291666667
24,10,liq,0.9923625,0.0076375,0.0,0.07719433630208333,0.0006030217483979325,3.663114583333333
24,10,stop1.0,0.9923625,0.0,0.0076375,0.07752287348958334,0.0005792402432911007,3.663114583333333
24,10,stop0.5,0.9697875,0.0,0.0302125,0.06821332094589659,0.0006710720715533033,3.318430208333333
24,20,liq,0.9805625,0.0194375,0.0,0.05048173614583334,0.0008416057754838093,1.6365729166666667
24,20,stop1.0,0.9805625,0.0,0.0194375,0.05215340052083335,0.0007748668135628799,1.6365729166666667
24,20,stop0.5,0.9404,0.0,0.0596,0.03887677951550886,0.0008009548055777401,1.37398125
24,25,liq,0.9746375,0.0253625,0.0,0.0371593493046875,0.0009301226744562154,1.234390625
24,25,stop1.0,0.9746375,1.25e-05,0.02535,0.03988450492968752,0.0008376559457186793,1.234390625
24,25,stop0.5,0.9276875,0.0,0.0723125,0.025815580111979135,0.0008341656832827067,1.014494791666667
24,30,liq,0.96945,0.03055,0.0,0.0246713599375,0.0009996458827982153,0.9738541666666668
24,30,stop1.0,0.96945,0.0,0.03055,0.028612354562500008,0.0008799383668853501,0.9738541666666668
24,30,stop0.5,0.91755,0.0,0.08245,0.014417875985424055,0.0008510232155574497,0.7853020833333333
24,40,liq,0.959125,0.040875,0.0,-0.00014651545833332697,0.001099056706621948,0.6570729166666667
24,40,stop1.0,0.959125,6.25e-05,0.0408125,0.00687338154166664,0.000922854886873348,0.6570729166666667
24,40,stop0.5,0.896425,0.0,0.103575,-0.008048359785421332,0.0009198211020744804,0.517221875
24,50,liq,0.9487125,0.0512875,0.0,-0.024921300234374992,0.0012471250683712964,0.480159375
24,50,stop1.0,0.9487125,2.5e-05,0.0512625,-0.01389997429687489,0.000994981479043311,0.480159375
24,50,stop0.5,0.8752125,0.0,0.1247875,-0.029505989722918912,0.0009944687462959405,0.3676291666666667
32,5,liq,0.9978375,0.0021625,0.0,0.09026283526302084,0.00035365251732115904,5.856169791666667
32,5,stop1.0,0.9978375,0.0,0.0021625,0.09030959348177084,0.00034666271885430645,5.856169791666667
32,5,stop0.5,0.9912375,0.0,0.0087625,0.08749655330989584,0.0003936972225693975,5.690032291666666
32,10,liq,0.99455,0.00545,0.0,0.07968830901041667,0.0004787130772640362,2.8387979166666666
32,10,stop1.0,0.99455,0.0,0.00545,0.07992274213541666,0.0004598542632021351,2.8387979166666666
32,10,stop0.5,0.9776125,0.0,0.0223875,0.07279658322024136,0.0005695525513004008,2.6472104166666663
32,20,liq,0.9853375,0.0146625,0.0,0.055747863385416666,0.0007313087707770079,1.3146989583333335
32,20,stop1.0,0.9853375,0.0,0.0146625,0.05700895651041668,0.0006733438326743987,1.3146989583333335
32,20,stop0.5,0.9514375,0.0,0.0485625,0.045006130020833375,0.0007302996917553736,1.1381916666666667
32,25,liq,0.9801625,0.0198375,0.0,0.043212247783854164,0.0008188282978470492,1.0037322916666669
32,25,stop1.0,0.9801625,1.25e-05,0.019825,0.04534349653385418,0.0007375053774586326,1.0037322916666669
32,25,stop0.5,0.940025,0.0,0.059975,0.03249798182474533,0.0007736218502041759,0.8512697916666666
32,30,liq,0.975375,0.024625,0.0,0.03113012140625,0.0009030037112797304,0.7987229166666667
32,30,stop1.0,0.975375,1.25e-05,0.0246125,0.03430527521875001,0.0007948910144100467,0.7987229166666667
32,30,stop0.5,0.9304375,0.0,0.0695625,0.021228510497072695,0.0008203115372119791,0.6686885416666666
32,40,liq,0.9665625,0.0334375,0.0,0.007878175166666673,0.0010116951225542657,0.5536479166666667
32,40,stop1.0,0.9665625,1.25e-05,0.033425,0.013627261166666647,0.0008492769174793092,0.5536479166666667
32,40,stop0.5,0.9098,0.0,0.0902,-0.0013265038357378614,0.0008977132386252633,0.449146875
32,50,liq,0.9561875,0.0438125,0.0,-0.01691761977604166,0.0011883502995538645,0.4116510416666666
32,50,stop1.0,0.9561875,3.75e-05,0.043775,-0.007506191651041567,0.0009481920745748958,0.4116510416666666
32,50,stop0.5,0.8886375,0.0,0.1113625,-0.02310228260333992,0.0009994916958436606,0.3256541666666667
48,5,liq,0.9986375,0.0013625,0.0,0.09125746165364583,0.0002578663949059974,3.9772635416666673
48,5,stop1.0,0.9986375,0.0,0.0013625,0.09128696868489583,0.0002527609268734973,3.9772635416666673
48,5,stop0.5,0.9943625,0.0,0.0056375,0.08944366495312499,0.0002892983573094414,3.911575
48,10,liq,0.996625,0.003375,0.0,0.08206633279166667,0.00035068552665628314,1.9584916666666665
48,10,stop1.0,0.996625,0.0,0.003375,0.08221164066666667,0.00033686438675306293,1.9584916666666665
48,10,stop0.5,0.9863125,0.0,0.0136875,0.07789532341145831,0.0004180582742801895,1.8767239583333333
48,20,liq,0.990525,0.009475,0.0,0.061474733239583336,0.0005681127314622825,0.9417510416666666
48,20,stop1.0,0.990525,0.0,0.009475,0.06228977223958334,0.0005230843978297581,0.9417510416666666
48,20,stop0.5,0.965975,0.0,0.034025,0.05307298456250003,0.0006199395233011519,0.85333125
48,25,liq,0.9865375,0.0134625,0.0,0.05019812319270833,0.0006682017041567343,0.7319645833333333
48,25,stop1.0,0.9865375,0.0,0.0134625,0.05164550272395834,0.0006017972817289033,0.7319645833333333
48,25,stop0.5,0.956225,0.0,0.043775,0.04126806354736062,0.0006677030762196354,0.650371875
48,30,liq,0.9825625,0.0174375,0.0,0.038962102578125,0.0007575900735146533,0.5942614583333334
48,30,stop1.0,0.9825625,0.0,0.0174375,0.041211651640625006,0.0006669555882076151,0.5942614583333334
48,30,stop0.5,0.946675,0.0,0.053325,0.029810284760005534,0.00074285624017062,0.518815625
48,40,liq,0.9753375,0.0246625,0.0,0.017348888687500005,0.0008873763263851634,0.425859375
48,40,stop1.0,0.9753375,1.25e-05,0.02465,0.021588842687499988,0.0007448479574884159,0.425859375
48,40,stop0.5,0.9275375,0.0,0.0724625,0.00758549267670226,0.0008502606283078072,0.36109375
48,50,liq,0.9660875,0.0339125,0.0,-0.006319190489583325,0.0010692387126705147,0.32381458333333335
48,50,stop1.0,0.9660875,1.25e-05,0.0339,0.0009693488854167408,0.000853250228320058,0.32381458333333335
48,50,stop0.5,0.9071375,0.0,0.0928625,-0.014277898667849143,0.0009688799032621365,0.26824375
64,5,liq,0.999025,0.000975,0.0,0.09174278433072916,0.00021286831477501962,3.010442708333333
64,5,stop1.0,0.999025,0.0,0.000975,0.09176398570572918,0.0002086421077905888,3.010442708333333
64,5,stop0.5,0.99635,0.0,0.00365,0.09066960957552082,0.00021822327417472204,2.9801947916666665
64,10,liq,0.9976,0.0024,0.0,0.08318960271354166,0.00028389018912734526,1.4977322916666669
64,10,stop1.0,0.9976,0.0,0.0024,0.08329298558854166,0.0002727014952606847,1.4977322916666669
64,10,stop0.5,0.990475,0.0,0.009525,0.080341392703125,0.0003411911372728245,1.454421875
64,20,liq,0.9929875,0.0070125,0.0,0.06420011201041667,0.0004872704067853662,0.7373114583333334
64,20,stop1.0,0.9929875,0.0,0.0070125,0.06480332088541667,0.0004486726628561057,0.7373114583333334
64,20,stop0.5,0.9739375,0.0,0.0260625,0.057494554145833356,0.0005382355456141173,0.6848416666666667
64,25,liq,0.99005,0.00995,0.0,0.05404700504947916,0.0005657360216578623,0.5828510416666666
64,25,stop1.0,0.99005,0.0,0.00995,0.05511681379947918,0.0005095295894364686,0.5828510416666666
64,25,stop0.5,0.96585,0.0,0.03415,0.04647874996874999,0.0005990869690667882,0.531475
64,30,liq,0.9866125,0.0133875,0.0,0.04337533781249999,0.0006622654586777328,0.4787875
64,30,stop1.0,0.9866125,0.0,0.0133875,0.045102288125,0.0005830741521858598,0.4787875
64,30,stop0.5,0.9574,0.0,0.0426,0.035474092984375,0.0006773721383700281,0.430359375
64,40,liq,0.98075,0.01925,0.0,0.023189252750000007,0.00077951681543283,0.3494875
64,40,stop1.0,0.98075,0.0,0.01925,0.026500224749999995,0.0006543865790748645,0.3494875
64,40,stop0.5,0.939175,0.0,0.060825,0.013431996350893954,0.0008014136002100122,0.3046104166666667
64,50,liq,0.972475,0.027525,0.0,0.0005162550833333413,0.0009827711998471689,0.2713666666666667
64,50,stop1.0,0.972475,0.0,0.027525,0.006434011958333394,0.0007842717352580971,0.2713666666666667
64,50,stop0.5,0.9199875,0.0,0.0800125,-0.008150739020754789,0.0009315420503862548,0.231571875
96,5,liq,0.9994125,0.0005875,0.0,0.09222874940364584,0.0001318951020240237,2.033063541666667
96,5,stop1.0,0.9994125,0.0,0.0005875,0.09224147449739582,0.0001293031962024411,2.033063541666667
96,5,stop0.5,0.99775,0.0,0.00225,0.09155193801302082,0.00016183939840374488,2.0212947916666666
96,10,liq,0.9985,0.0015,0.0,0.08423202974479166,0.00021134421213312815,1.0277760416666666
96,10,stop1.0,0.9985,0.0,0.0015,0.08429654636979167,0.00020304701059904322,1.0277760416666666
96,10,stop0.5,0.993875,0.0,0.006125,0.08235185275,0.00025882453152491756,1.0105
96,20,liq,0.9957,0.0043,0.0,0.06719987961458335,0.0003559917170973223,0.5212885416666666
96,20,stop1.0,0.9957,0.0,0.0043,0.06756969536458335,0.0003278178477944046,0.5212885416666666
96,20,stop0.5,0.982675,0.0,0.017325,0.06234664629166668,0.00043089875896112505,0.49768333333333337
96,25,liq,0.993625,0.006375,0.0,0.05796862821614584,0.00043149147953464403,0.4174177083333334
96,25,stop1.0,0.993625,0.0,0.006375,0.05865401727864584,0.0003886315335190758,0.4174177083333334
96,25,stop0.5,0.9766125,0.0,0.0233875,0.052306271641814624,0.0004897970377725515,0.3932541666666666
96,30,liq,0.991375,0.008625,0.0,0.04856249192187499,0.0005110060954369988,0.34961354166666664
96,30,stop1.0,0.991375,0.0,0.008625,0.049674878921875,0.0004499186993090838,0.34961354166666664
96,30,stop0.5,0.9698625,0.0,0.0301375,0.042055962578141905,0.0005680828170999825,0.3251760416666667
96,40,liq,0.9866875,0.0133125,0.0,0.029597311479166673,0.0006549107499834592,0.2632947916666667
96,40,stop1.0,0.9866875,0.0,0.0133125,0.031886732479166666,0.0005498195662551984,0.2632947916666667
96,40,stop0.5,0.9542375,0.0,0.0457625,0.020996838580318644,0.0007253757791579313,0.23914270833333331
96,50,liq,0.980225,0.019775,0.0,0.00880765278645834,0.000864371887094395,0.21111354166666665
96,50,stop1.0,0.980225,0.0,0.019775,0.01305908091145838,0.0006898290165681479,0.21111354166666665
96,50,stop0.5,0.9360625,0.0,0.0639375,-0.00048715066145834366,0.0008667991354277902,0.18728020833333334
