strategy,tf,H,split,group,approx,prev_examined,n,n_long,n_short,fwd,fwd_long,fwd_short,null_mean,null_sd,z,p,p_emp600,t_naive,fwd_vn,z_vn,p_vn,p_emp_all,null_sd_all,cost_H,E_abs_r,mu_star,net_time,fwd_minus_hurdle,symbols_pos,n_coins_ge10,n_coins,n_min,B,n_BTCUSD,fwd_BTCUSD,n_ETHUSD,fwd_ETHUSD,n_SOLUSD,fwd_SOLUSD,n_XRPUSD,fwd_XRPUSD,n_DOGEUSD,fwd_DOGEUSD,n_LTCUSD,fwd_LTCUSD,n_BCHUSD,fwd_BCHUSD
S2_ST_ROC,1d,4,is,fingrad_exact,False,False,522,318,204,0.005889515874161114,0.002597936615357901,0.011020507071707297,0.0001227874297560999,0.005303616799334797,1.0873199672209166,0.1384477136107971,0.12312811980033278,1.4284006238315645,-0.08769298587596785,-1.161054064858604,0.8771900432254669,0.1276864728192162,0.005249149823174545,0.0026,0.057200995956182735,0.007805290632012628,0.003289515874161114,-0.0019157747578515145,5,7,7,799,600,72,0.009465889686885252,70,0.0031382648014594704,60,0.032317840909503195,81,-0.006997356649281361,80,0.0034349461369961353,82,-0.0044197478229092875,77,0.011538230614216487
S5_DONCHIAN_MFI,1d,4,is,fingrad_exact,False,False,2,0,2,0.014726315228380582,,0.014726315228380582,-0.001800542470360923,0.06299950343124115,0.26233314230451404,0.39653230630770153,0.4043261231281198,,-0.6373492346061618,-1.1081006946365712,0.8660908344925189,0.37041719342604296,0.06411604809295007,0.0026,0.057200995956182735,0.007805290632012628,0.012126315228380582,0.006921024596367954,0,0,7,799,600,0,,0,,0,,1,0.10731599281443016,1,-0.077863362357669,0,,0,
S6_EMA_DMI_ADX,1d,4,is,fingrad_exact,False,False,61,31,30,-0.00596154270611868,-0.002837828855213657,-0.009189380352053871,0.0007453877269401911,0.01080313365357094,-0.6208319408176458,0.732644897455707,0.7371048252911814,-0.5043219556017224,-0.1813465330995609,-1.3877255515962836,0.9173896838437816,0.7168141592920354,0.011584453074234535,0.0026,0.057200995956182735,0.007805290632012628,-0.00856154270611868,-0.013766833338131309,1,4,7,799,600,12,-0.014670027530819307,11,-0.004340450284466108,3,-0.06451792352505514,5,-0.014086544885146712,7,-0.02498444141282676,10,-0.01958159056864165,13,0.03806343607714017
N01_ST_EMA,1d,4,is,fingrad_exact,False,False,161,103,58,0.006886951711476317,0.00816750376892146,0.004612867885323735,0.0005030526817659521,0.008713774944602518,0.7326215182622631,0.23189465153068484,0.23460898502495842,0.9572463307076148,-0.06540270295721623,-0.5468688537017956,0.7077655824371958,0.20859671302149177,0.008328045371568055,0.0026,0.057200995956182735,0.007805290632012628,0.004286951711476317,-0.0009183389205363116,4,7,7,799,600,21,0.014869283855701536,18,-0.008120512537158323,26,0.01419761579293827,25,-0.019137008304020972,22,-0.0005964226353902712,25,0.0139633338102125,24,0.02983494333142531
N02_ST_KST,1d,4,is,fingrad_exact,False,False,149,84,65,0.018613629017726726,0.023378305099080208,0.012456201466439146,-0.00017495689861125,0.008580360163248025,2.189719960336223,0.014272276286639731,0.018302828618968387,2.328406395760875,0.10465895851171285,1.120812832299073,0.13118377038688012,0.020227560050568902,0.008766196796227341,0.0026,0.057200995956182735,0.007805290632012628,0.016013629017726724,0.010808338385714097,5,7,7,799,600,25,0.008026841901979206,21,0.01852990265148489,18,0.059360556775342924,17,-0.015504760651966473,18,-0.0103996887128209,24,0.01635774311281218,26,0.04512812275619848
N03_ADX_GC,1d,4,is,fingrad_exact,False,False,5,3,2,0.019809717903660394,0.024921786062347406,0.012141615665629879,0.0016643340234122408,0.042182344890713444,0.4301653672231699,0.3335376764259972,0.3277870216306156,0.8289983091290054,-0.06460852688438047,-0.16587225932981625,0.5658712605546947,0.3109987357774968,0.04322706264599763,0.0026,0.057200995956182735,0.007805290632012628,0.017209717903660396,0.012004427271647765,0,0,7,799,600,0,,0,,2,0.07146097799385209,1,-0.025053686471009362,0,,2,-0.009409839999196423,0,
N07_ICHI_CMO,1d,4,is,fingrad_exact,False,False,78,30,48,-0.011144205656964808,-0.02017594186880656,-0.005499370524563713,-0.001315864037679847,0.011854095257846137,-0.8291093841834665,0.7964787429489386,0.7853577371048253,-1.2359241282038886,-0.2262958461786868,-1.950976004320297,0.9744700498450629,0.8027812895069533,0.011416317779245108,0.0026,0.057200995956182735,0.007805290632012628,-0.013744205656964808,-0.018949496288977435,2,6,7,799,600,11,0.006467811342623773,5,-0.027633797674972226,11,-0.02249942557831701,10,-0.04676847883654829,11,-0.008277369980254402,13,0.022910714467474023,17,-0.01728439565909702
N08_ICHI_WR,1d,4,is,fingrad_exact,False,False,4,3,1,0.02765910393285867,0.03446691079592915,0.0072356833436472145,0.004964820076176516,0.03760079834455039,0.6035585640689278,0.27306858417429974,0.26955074875207985,0.8958463534100758,0.18206158615897564,0.3216159974633331,0.3738718115180327,0.25916561314791403,0.03856391294565838,0.0026,0.057200995956182735,0.007805290632012628,0.02505910393285867,0.01985381330084604,0,0,7,799,600,2,-0.00762568980990308,0,,1,0.11865211200759362,0,,0,,0,,1,0.0072356833436472145
N09_ALLIG_AROON,1d,4,is,fingrad_exact,False,False,89,42,47,0.004243314421463676,0.01287892060418971,-0.0034736102524617176,-0.0008667289195309567,0.010365477909697862,0.49298675714833323,0.3110109722667938,0.3277870216306156,0.447445387231444,-0.060065512339940653,-0.45793241982082517,0.6764995028449623,0.3350189633375474,0.010778252953546749,0.0026,0.057200995956182735,0.007805290632012628,0.0016433144214636763,-0.003561976210548952,5,7,7,799,600,13,0.02667573777458128,17,-0.025880189238717717,10,0.04647476704412153,13,0.002162894523144947,10,0.006425221830923389,13,-0.012306649927664334,13,0.005669426231324193
N10_HA_PSAR,1d,4,is,fingrad_exact,False,False,192,90,102,-0.002722033749071232,0.0023470231912754423,-0.007194731049377121,-0.0005305922894952682,0.007018253427922563,-0.31224883542352233,0.6225742896163583,0.6439267886855241,-0.46572530035283405,-0.22959204254340262,-2.7867392007392473,0.9973379345825667,0.6510745891276865,0.006959301031487851,0.0026,0.057200995956182735,0.007805290632012628,-0.0053220337490712324,-0.01052732438108386,3,7,7,799,600,28,0.008791461088306076,29,0.0019046233920430493,26,0.018551330977049547,28,-0.017330960737777127,23,-0.02025712607642671,27,-0.012353383296340503,31,-0.0006979975693553518
N12_ICHI_AO,1d,4,is,fingrad_exact,False,False,83,30,53,-0.002429819166369053,-0.003708607737933582,-0.0017059765786910175,-0.0021879292907083666,0.01094258038074884,-0.022105378004464136,0.5088180517508836,0.5324459234608985,-0.31010297633124734,-0.04734345066299834,-0.31371855885094246,0.6231325980207428,0.506953223767383,0.010458933467711139,0.0026,0.057200995956182735,0.007805290632012628,-0.005029819166369053,-0.010235109798381681,3,5,7,799,600,10,0.028834831994766975,12,0.004394704960777272,9,0.0012245145492020641,11,-0.023485092697004776,9,-0.009048796425987807,14,0.015221988275116902,18,-0.02372850275439671
N14_ICHI_RSI,1d,4,is,fingrad_exact,False,False,0,0,0,,,,,,,,,,,,,,,0.0026,0.057200995956182735,0.007805290632012628,,,0,0,7,799,600,0,,0,,0,,0,,0,,0,,0,
N17_KC_RSI,1d,4,is,fingrad_exact,False,False,912,336,576,-0.008722092375133444,0.014636709597229559,-0.022348060192345195,0.00032639871068953374,0.007274185271183644,-1.2439181500735437,0.8932351556804751,0.8735440931780366,-2.4213151984575703,-0.013997207850710444,-0.3348105217475684,0.6311159885226849,0.877370417193426,0.007428831915282888,0.0026,0.057200995956182735,0.007805290632012628,-0.011322092375133444,-0.01652738300714607,3,7,7,799,600,180,-0.005433572868942206,169,-0.005949774023819239,146,-0.031189992572636945,97,0.003046963052856374,101,0.0019362105833537748,91,0.018566843092161115,128,-0.02810898289464157
N18_VWMA_MACD,1d,4,is,fingrad_exact,False,False,461,167,294,0.016324543836785034,0.03157971362540897,0.007659192290185725,-0.001279848466980898,0.008380175372553058,2.100718841925939,0.01783282716488573,0.021630615640599003,3.4762109695959698,0.021708203574125992,0.18318669613730565,0.4273257663409777,0.01390644753476612,0.00821158729318274,0.0026,0.057200995956182735,0.007805290632012628,0.013724543836785034,0.008519253204772405,6,7,7,799,600,69,0.019763782045884137,65,0.023793426405637516,65,0.011208875740437612,62,-0.011533846820421408,54,0.0016443959610750447,66,0.038635399418284866,80,0.024539110843228584
N21_ST_RSI_ADX,1d,4,is,fingrad_exact,False,False,0,0,0,,,,,,,,,,,,,,,0.0026,0.057200995956182735,0.007805290632012628,,,0,0,7,799,600,0,,0,,0,,0,,0,,0,,0,
N22_VORTEX_PSAR,1d,4,is,fingrad_exact,False,False,409,198,211,0.006345926115034411,0.01052246041868936,0.0024267138300880634,-0.00011720048788748986,0.004906361117197151,1.317295333249763,0.09386982444754105,0.08319467554076539,1.3285750412807278,-0.0471206350089448,-0.8440471539029056,0.8006784717928498,0.09608091024020228,0.00484294362954818,0.0026,0.057200995956182735,0.007805290632012628,0.003745926115034411,-0.0014593645169782175,5,7,7,799,600,59,0.004495848690957295,56,-0.005174923243769009,51,-0.003098647236547516,53,0.003685568046584078,60,0.026075200520834577,71,0.0016255574400058969,59,0.015301588187086984
N23_HA_ST,1d,4,is,fingrad_exact,False,False,650,374,276,0.01067175534281341,0.01783738490907297,0.0009618080320124113,-0.00035649357305914055,0.005048647838914604,2.1843965488873325,0.014466560801476047,0.021630615640599003,2.655537272299974,-0.02986717522559982,-0.22837743854038595,0.5903235862642087,0.01643489254108723,0.004886035353834091,0.0026,0.057200995956182735,0.007805290632012628,0.00807175534281341,0.002866464710800781,6,7,7,799,600,83,0.01468797771331551,98,0.0033852227445108707,87,0.029866136181319777,98,0.0019558306976004284,84,0.014321651378764193,103,-0.002155879961920067,97,0.016647408843127584
N24_DMI,1d,4,is,fingrad_exact,False,False,233,44,189,-0.0039130395688692,0.0024031375224517256,-0.005383472330869839,-0.002329037982480774,0.007091001282564055,-0.22338193483102323,0.5883808684781378,0.6039933444259568,-0.7284868103858129,-0.0917543277731578,-1.340541534209328,0.9099653247228516,0.6118836915297092,0.007055177301823002,0.0026,0.057200995956182735,0.007805290632012628,-0.0065130395688692,-0.011718330200881828,3,7,7,799,600,34,0.007524321142762087,28,0.0028554526522760948,31,-0.00038142071152037814,32,-0.014969447873247606,30,-0.0003072952570181327,38,-0.021608523000827804,40,0.0018417823269722632
N25_DST_CCI,1d,4,is,fingrad_exact,False,False,262,147,115,0.0034521554230325033,0.007298139091144911,-0.0014640150049024796,0.0005825129775489948,0.007192969466206634,0.3989510116740251,0.344964650455288,0.34608985024958405,0.7425545530279892,0.03314047168985894,0.4965766081723088,0.3097438260372556,0.3198482932996207,0.006930076521823283,0.0026,0.057200995956182735,0.007805290632012628,0.0008521554230325034,-0.004353135208980125,3,7,7,799,600,35,0.01604477527148307,35,0.0063482232227103615,30,0.03999260315022335,53,-0.0070407619180993235,41,-0.00642500717617635,33,-0.006168385675867638,35,-0.006826454793795083
S1_EMA_RSI_CHOP,1d,4,is,fingrad_approx,True,False,1,1,0,0.07755406413124533,0.07755406413124533,,0.0024153850311468997,0.11363028207259468,0.6612557650089681,0.25422415216861804,0.2129783693843594,,0.7204625767490022,0.7972566098341315,0.2126510072896271,0.213653603034134,0.10987694307739504,0.0026,0.057200995956182735,0.007805290632012628,0.07495406413124532,0.0697487734992327,0,0,7,799,600,0,,0,,1,0.07755406413124533,0,,0,,0,,0,
S3_CMO_SANDWICH,1d,4,is,fingrad_approx,True,False,25,11,14,0.010946023752704655,0.04301771147559185,-0.014253159458135283,-0.0010669708404066971,0.01870545044701334,0.6422189418608436,0.26036551793983437,0.24958402662229617,0.4060051103490679,-0.12244022956117843,-0.6874912492753836,0.7541133933647777,0.2579013906447535,0.019292781108587714,0.0026,0.057200995956182735,0.007805290632012628,0.008346023752704655,0.0031407331206920264,0,0,7,799,600,1,-0.03457204303110473,4,0.0058453684626572355,5,-0.00041959904426684956,3,0.19491052982496215,4,-0.014295046565834024,2,-0.0823189192992117,6,-0.01266240106561676
S4_BB_BBP,1d,4,is,fingrad_approx,True,False,220,100,120,0.004506464144682628,-0.0026124465083496706,0.010438889688876208,-0.0007842757217182819,0.009167201759356916,0.5771379320849657,0.28192314089780535,0.2778702163061564,0.7370189746896155,-0.15097222757833628,-1.5480722328061576,0.9391975467419725,0.28192161820480405,0.008460516876932743,0.0026,0.057200995956182735,0.007805290632012628,0.001906464144682628,-0.0032988264873300005,5,7,7,799,600,34,0.0025222546284670447,27,0.008072597773746927,26,-0.0027672775189292753,35,0.0036886622640079376,33,0.02242199652863493,35,0.002616445979921906,30,-0.006698338130640158
N04_ST_KLINGER,1d,4,is,fingrad_approx,True,False,608,363,245,0.003717330656003464,0.013193558734566277,-0.010322958293050827,8.223053039072936e-05,0.004791829214420094,0.7586038573064323,0.22404478228111913,0.23294509151414308,1.016745675100949,0.010378340664389194,0.48854193681468416,0.31258301435609476,0.21744627054361568,0.004775205588606896,0.0026,0.057200995956182735,0.007805290632012628,0.001117330656003464,-0.0040879599760091645,4,7,7,799,600,82,0.0003982727462638194,93,0.003974133430173768,84,0.027187137270824134,86,-0.004349219276366156,79,0.0038416138143477843,94,-0.0015898788159346457,90,-0.002287125455189375
N05_PSAR_POC,1d,4,is,fingrad_approx,True,False,54,14,40,-0.01633586842350198,-0.042648463356262094,-0.007126460197035939,-0.0023823461153738984,0.013913465343140701,-1.0028790070625453,0.8420403786855932,0.8569051580698835,-2.237534050320767,-0.22330424014668424,-1.5961826410886242,0.9447759889691056,0.8697850821744627,0.013588967805780205,0.0026,0.057200995956182735,0.007805290632012628,-0.018935868423501978,-0.02414115905551461,0,1,7,799,600,7,-0.03812979951581102,5,0.018916993367409884,3,0.03220949541554249,7,-0.008592799829911553,7,-0.012415408891861815,9,-0.016197491978718323,16,-0.03210042890507676
N06_MACD_ORB,1d,4,is,fingrad_approx,True,False,0,0,0,,,,,,,,,,,,,,,0.0026,0.057200995956182735,0.007805290632012628,,,0,0,7,799,600,0,,0,,0,,0,,0,,0,,0,
N11_BREAKAWAY,1d,4,is,fingrad_approx,True,False,5,0,5,-0.05345762626005237,,-0.05345762626005237,0.00043106953464849644,0.03139024394802689,-1.7167338961724816,0.9569860980685447,0.9517470881863561,-2.270897257306054,-0.6343354284342639,-1.6012399859579625,0.9453381121944716,0.9506953223767383,0.030705158131460766,0.0026,0.057200995956182735,0.007805290632012628,-0.05605762626005237,-0.061262916892065,0,0,7,799,600,1,-0.023983393830895983,2,-0.037538988398028106,0,,1,-0.13224060150375938,0,,1,-0.03598615916955028,0,
N13_3OUTSIDE,1d,4,is,fingrad_approx,True,False,38,20,18,0.05505185801357422,0.07495241915972373,0.03294012340674144,-0.00021588547953392396,0.015253747873864786,3.6232238758713113,0.0001454768914572723,0.0016638935108153079,2.462627648392611,0.21060044550727225,1.1832944387253201,0.11834623803933525,0.0012642225031605564,0.01595988647614953,0.0026,0.057200995956182735,0.007805290632012628,0.05245185801357422,0.04724656738156159,0,0,7,799,600,3,0.029660270603853716,8,0.0035402093885982533,8,0.09841584739775362,3,0.16987787029309206,3,-0.07282496533728,6,0.07038942575375738,7,0.06769229557478056
N15_KC_AO,1d,4,is,fingrad_approx,True,False,1,0,1,-0.015190666353456894,,-0.015190666353456894,-0.001963292352504217,0.07638690420580806,-0.1731628495548709,0.5687382878905498,0.5640599001663894,,-0.5191929857652227,-0.4588303594099606,0.6768220042472635,0.6042983565107459,0.07649034876557516,0.0026,0.057200995956182735,0.007805290632012628,-0.017790666353456892,-0.022995956985469523,0,0,7,799,600,0,,0,,0,,0,,0,,1,-0.015190666353456894,0,
N16_BBRSI,1d,4,is,fingrad_approx,True,False,64,22,42,-0.005675370559394844,0.008650077133137495,-0.01317917649357845,0.0005333141406732295,0.011635174153690116,-0.5336133879954842,0.7031954781637236,0.7287853577371048,-0.6932691210552039,-0.1619643229753712,-1.4415802066095738,0.9252895822098628,0.6662452591656132,0.011915644531506843,0.0026,0.057200995956182735,0.007805290632012628,-0.008275370559394844,-0.013480661191407471,1,3,7,799,600,9,-0.009338104489284762,13,-0.00390748985284441,7,-0.004610251421697734,5,-0.017807704889737465,10,-0.013839690044902908,13,0.004061353843798115,7,-0.003067688918643539
N19_FIB_CHOP,1d,4,is,fingrad_approx,True,False,47,30,17,0.0026866217847861546,0.009137967676614778,-0.008698106259617297,-0.0011368064341603556,0.013578283711002894,0.28158405733180186,0.3891312330770189,0.37271214642262895,0.2338328457606179,-0.013250904330007534,0.13661600822164258,0.4456671612074403,0.38558786346396967,0.013444528867515137,0.0026,0.057200995956182735,0.007805290632012628,8.662178478615473e-05,-0.005118668847226474,0,1,7,799,600,5,0.045730666232772735,4,-0.005293653369722734,1,0.013327948303715642,22,-0.009159195891775702,6,-0.032337903645810594,5,0.04219731161043248,4,0.022501932834506883
N20_EMA9_CHOP,1d,4,is,fingrad_approx,True,False,232,0,232,-0.003676404016727962,,-0.003676404016727962,-0.0029058842470998814,0.0068553397095954885,-0.11239702221460687,0.5447456918517337,0.56738768718802,-0.6477054968179297,0.0469091620235159,0.37543661147983814,0.3536678904201228,0.5486725663716814,0.0067099663084212065,0.0026,0.057200995956182735,0.007805290632012628,-0.006276404016727962,-0.01148169464874059,4,7,7,799,600,27,0.005317149196574494,27,0.011265321863776354,32,0.013759899925886686,44,-0.013469221650324893,24,-0.032209049904954705,43,0.0027063485348746944,35,-0.014047979565861077
V39_ALL,1d,4,is,pine,False,False,182,89,93,0.00593158624471833,0.0048621006296713344,0.006955072478472982,-0.000792411754194809,0.009256220901198865,0.7264301566141586,0.23378755482286884,0.23960066555740434,0.9350941254044447,0.035332410840777984,0.42369051478259623,0.3358957667888094,0.22756005056890014,0.008721882926458235,0.0026,0.057200995956182735,0.007805290632012628,0.00333158624471833,-0.0018737043872942985,4,7,7,799,600,31,0.010726890807204294,24,0.017648756137131738,20,-0.012001445990494613,27,0.0068901092933399185,31,-0.0014928432996221103,26,-0.01008592428615359,23,0.02982404681922759
OBV_S,1d,4,is,pine,False,False,87,38,49,0.0009420056928910306,-0.004016938717110815,0.0047877176843210325,-0.0007113674418102331,0.010418202033072947,0.15870042925377842,0.43695244998455324,0.4276206322795341,0.09835497570413561,-0.16582961310803473,-1.2666530928214579,0.8973603203505331,0.41719342604298354,0.010592865283001716,0.0026,0.057200995956182735,0.007805290632012628,-0.0016579943071089692,-0.006863284939121598,3,6,7,799,600,17,-0.007593429703711221,11,-0.004637846351029696,9,-0.054285355579873844,15,0.05129491923901537,11,-0.04781916745957871,14,0.017929766836781404,10,0.025619762807999734
OBV_B,1d,4,is,pine,False,False,236,129,107,-0.004145431634920492,-0.012900011188450907,0.006409154929616177,0.000655661476179245,0.007391876181240586,-0.6495094064595065,0.741995415780963,0.7603993344425957,-0.900576442027574,-0.16543370282656866,-1.9466374125075028,0.9742108900151887,0.7446270543615676,0.007329934840984173,0.0026,0.057200995956182735,0.007805290632012628,-0.006745431634920492,-0.01195072226693312,2,7,7,799,600,22,-0.010963338018607306,30,-0.010165556012638684,31,-0.016694701812003186,50,-0.00994787986997498,38,-0.010453446421409794,29,0.0020191590422039664,36,0.025595648677994166
V45_AMB,1d,4,is,v45,False,True,23,20,3,0.01712154105163299,0.0031883076475373363,0.110009763745604,0.0027580074596143408,0.01815152063787817,0.7913129637219022,0.21438069266996584,0.20632279534109818,1.1107519801891181,0.06599283613542781,0.3422683752189933,0.36607446641635216,0.19469026548672566,0.019208516113784966,0.0026,0.057200995956182735,0.007805290632012628,0.01452154105163299,0.009316250419620361,0,0,7,799,600,6,0.02586396918222139,3,0.06844238442826205,3,-0.005419251841284445,4,0.03915457218270563,1,-0.03533306695587646,4,-0.04712547252385457,2,0.05837944982688492
DOGE_L,1d,4,is,doge,False,True,0,0,0,,,,,,,,,,,,,,,0.0026,0.057200995956182735,0.007805290632012628,,,0,0,7,799,600,0,,0,,0,,0,,0,,0,,0,
DOGE_S,1d,4,is,doge,False,True,0,0,0,,,,,,,,,,,,,,,0.0026,0.057200995956182735,0.007805290632012628,,,0,0,7,799,600,0,,0,,0,,0,,0,,0,,0,
S2_ST_ROC,1d,16,is,fingrad_exact,False,False,515,316,199,0.004464891732863306,0.012165212499248212,-0.007762753303205187,0.0010529867138604993,0.014533398108996481,0.23476306046352405,0.4071963199974209,0.43094841930116473,0.5402148808262287,-0.1089020218118464,-1.0820415030204478,0.860382956655533,0.43973509933774835,0.01477508647176222,0.006200000000000001,0.1228912737456951,0.017383105910858253,-0.0017351082671366947,-0.012918214177994946,2,7,7,787,600,72,0.010225907710570314,68,-0.015906330861256177,60,0.06348842168136086,78,-0.0003372192588109667,80,-0.012102961528039224,81,-0.001591657476971402,76,-0.0005402188814159842
S5_DONCHIAN_MFI,1d,16,is,fingrad_exact,False,False,2,0,2,-0.07322770141689178,,-0.07322770141689178,-0.007748278864466155,0.13307826738029827,-0.4920369331628344,0.6886533826947024,0.7720465890183028,,-0.4642697358989306,-0.8887331936771863,0.8129267563824972,0.7576158940397351,0.14272687789084088,0.006200000000000001,0.1228912737456951,0.017383105910858253,-0.07942770141689177,-0.09061080732775004,0,0,7,787,600,0,,0,,0,,1,0.010778354701380555,1,-0.1572337575351641,0,,0,
S6_EMA_DMI_ADX,1d,16,is,fingrad_exact,False,False,61,31,30,-0.00829573689261061,0.05176904838621169,-0.07036268168072699,0.0038171749837324956,0.02453650325085194,-0.4936690347644597,0.6892300313359301,0.6722129783693843,-0.266518889060305,-0.21487988425484064,-1.7953557827763085,0.9637014836780833,0.6635761589403973,0.024311203281836762,0.006200000000000001,0.1228912737456951,0.017383105910858253,-0.01449573689261061,-0.02567884280346886,1,4,7,787,600,12,-0.06065572250844382,11,-0.01611874559835064,3,0.12770570011681504,5,-0.06233446218992791,7,-0.005686116552268948,10,-0.034996180662058916,13,0.055188827255354
N01_ST_EMA,1d,16,is,fingrad_exact,False,False,161,103,58,-0.0002133435849257218,0.005555259432831301,-0.010457586875080437,0.0016435714222899891,0.023055423667845045,-0.0805413526104712,0.5320966457923567,0.5324459234608985,-0.015515369234163424,-0.1063410314544537,-0.6626703226575458,0.746229139613882,0.5231788079470199,0.022434861799431546,0.006200000000000001,0.1228912737456951,0.017383105910858253,-0.006413343584925723,-0.017596449495783973,4,7,7,787,600,21,0.013605383456639567,18,-0.028785208622619875,26,0.029584718100342824,25,-0.03183143584190305,22,-0.034362976983870114,25,0.018364288790857303,24,0.021730578531544104
N02_ST_KST,1d,16,is,fingrad_exact,False,False,148,84,64,-0.020727924664942676,0.02869207892862826,-0.08559167938150453,-0.0004282025763748511,0.022594611173438958,-0.8984320169417704,0.8155223631367189,0.800332778702163,-1.154121206375928,-0.16272643652359284,-1.0777950177263942,0.8594373782616485,0.7986754966887417,0.022489187436179576,0.006200000000000001,0.1228912737456951,0.017383105910858253,-0.026927924664942676,-0.038111030575800925,2,7,7,787,600,25,-0.011265535466139717,21,-0.03343971620445453,18,0.04007818182918528,16,0.013089602813844213,18,-0.07959967768850183,24,-0.040237558870541486,26,-0.0237002203894343
N03_ADX_GC,1d,16,is,fingrad_exact,False,False,5,3,2,0.13149212424004683,0.1943637413943278,0.03718469850862538,-0.007245683830395224,0.0896105019225103,1.5482315698936053,0.06078327655193017,0.04492512479201331,1.514833551002106,0.6853717060291673,1.7142112176968654,0.043244970716824475,0.051655629139072845,0.09102793568444724,0.006200000000000001,0.1228912737456951,0.017383105910858253,0.12529212424004682,0.11410901832918857,0,0,7,787,600,0,,0,,2,0.25601262363185034,1,0.1936292054402291,0,,2,-0.024096915751847803,0,
N07_ICHI_CMO,1d,16,is,fingrad_exact,False,False,77,30,47,-0.02660541294272231,-0.013645240183248534,-0.034877863640258765,-0.005385158570425051,0.02707394652232795,-0.7837887378109749,0.7834179583701142,0.7670549084858569,-1.6587394640809185,-0.2015814175880975,-1.5768865745364895,0.9425891868850298,0.776158940397351,0.026821616864753844,0.006200000000000001,0.1228912737456951,0.017383105910858253,-0.03280541294272231,-0.04398851885358056,1,6,7,787,600,10,-0.010687846126176404,5,-0.10915617629552936,11,0.028030982201143376,10,-0.02247990552347693,11,-0.024463059671924213,13,-0.06828525821050288,17,-0.018982187629430068
N08_ICHI_WR,1d,16,is,fingrad_exact,False,False,4,3,1,0.05515934059501315,0.10563033070750645,-0.09625362974246676,0.02326187374117708,0.0889034244589458,0.3587878312670151,0.3598769083233313,0.3577371048252912,0.7674608258694493,0.46442791629756863,0.72460624833648,0.23434681229042964,0.3350993377483444,0.09634525706272479,0.006200000000000001,0.1228912737456951,0.017383105910858253,0.048959340595013154,0.0377762346841549,0,0,7,787,600,2,0.0485143142862241,0,,1,0.21986236355007116,0,,0,,0,,1,-0.09625362974246676
N09_ALLIG_AROON,1d,16,is,fingrad_exact,False,False,88,41,47,0.009426596475317092,0.009119803221124437,0.009694224633229833,-0.003238615033030613,0.02152480611918197,0.5884007241793932,0.27813167589293225,0.2628951747088186,0.6539366668708292,0.03552091919976533,0.4428538236148233,0.3289357345658672,0.26225165562913905,0.0205692293104823,0.006200000000000001,0.1228912737456951,0.017383105910858253,0.0032265964753170912,-0.007956509435541161,5,7,7,787,600,13,0.004859002799055891,17,-0.040689806959463705,10,0.028798551281247052,12,0.023731101920348708,10,0.06008836662093705,13,-0.01048214825162876,13,0.0323635151504776
N10_HA_PSAR,1d,16,is,fingrad_exact,False,False,190,89,101,-0.0022303525635429203,0.016374331218875042,-0.018624578866861717,-0.0018600301657238339,0.01537778434934825,-0.02408164852661506,0.5096062592838009,0.5257903494176372,-0.19001809051522145,-0.09228678122353667,-1.172570690938452,0.8795159957404888,0.5086092715231788,0.01498607602103515,0.006200000000000001,0.1228912737456951,0.017383105910858253,-0.008430352563542921,-0.01961345847440117,3,7,7,787,600,28,-0.001828555413593998,28,-0.005609306505968831,25,0.025879193004570863,28,0.005498087411609287,23,0.05449379484757066,27,-0.016315166863147112,31,-0.05900906135980259
N12_ICHI_AO,1d,16,is,fingrad_exact,False,False,83,30,53,-0.022415243291573437,0.00977996703349577,-0.040638947249159785,-0.009970408993603108,0.025028860047447907,-0.4972193809217963,0.6904828221285781,0.7221297836938436,-1.1740924099004626,-0.13189069646634466,-0.7172741104175906,0.7633975106855792,0.7178807947019867,0.02422662802128845,0.006200000000000001,0.1228912737456951,0.017383105910858253,-0.028615243291573438,-0.03979834920243169,1,5,7,787,600,10,5.959752375759297e-05,12,-0.06078647859645422,9,-0.006251233693980519,11,-0.009404162460145133,9,-0.08994603754493997,14,-0.0026612922826189816,18,-0.006952450284009666
N14_ICHI_RSI,1d,16,is,fingrad_exact,False,False,0,0,0,,,,,,,,,,,,,,,0.006200000000000001,0.1228912737456951,0.017383105910858253,,,0,0,7,787,600,0,,0,,0,,0,,0,,0,,0,
N17_KC_RSI,1d,16,is,fingrad_exact,False,False,892,316,576,-0.009721561551756484,0.05572407555329034,-0.04562576524133078,0.002105602090024744,0.023945991531996964,-0.49390995674485266,0.6893151137683888,0.6505823627287853,-1.3915601859405247,-0.025051621961579208,-0.31383291565265703,0.6231760283166479,0.6357615894039735,0.02479708399665071,0.006200000000000001,0.1228912737456951,0.017383105910858253,-0.015921561551756485,-0.027104667462614737,3,7,7,787,600,178,-0.028665430111839207,169,-0.008919979312994882,146,-0.08945416433751098,97,0.042437034393237004,96,0.053424432045935555,86,0.0213736864105617,120,-0.0007056390912398061
N18_VWMA_MACD,1d,16,is,fingrad_exact,False,False,459,167,292,-0.04311684791009254,0.01969279692240514,-0.07903880231771965,-0.00740649696601309,0.020430779111201794,-1.7478702476157737,0.9597567511012047,0.9467554076539102,-4.3974342308430625,-0.35051272631736524,-3.133930771279973,0.9991375922816875,0.9509933774834437,0.020490881857968567,0.006200000000000001,0.1228912737456951,0.017383105910858253,-0.04931684791009254,-0.060499953820950796,0,7,7,787,600,69,-0.02563896159039461,65,-0.0523454324052077,65,-0.01609119090589262,60,-0.0716598157878456,54,-0.0741866079166097,66,-0.013842271304339734,80,-0.05442385806149558
N21_ST_RSI_ADX,1d,16,is,fingrad_exact,False,False,0,0,0,,,,,,,,,,,,,,,0.006200000000000001,0.1228912737456951,0.017383105910858253,,,0,0,7,787,600,0,,0,,0,,0,,0,,0,,0,
N22_VORTEX_PSAR,1d,16,is,fingrad_exact,False,False,409,198,211,-0.011742407752488231,0.0147378730950192,-0.036591202102281936,0.0005265150196522891,0.01104307419299486,-1.111006098276807,0.8667171378088581,0.8369384359400999,-1.274798638526315,-0.08224738627344089,-1.427877390864831,0.9233364238674139,0.823841059602649,0.010991712383075603,0.006200000000000001,0.1228912737456951,0.017383105910858253,-0.017942407752488232,-0.029125513663346484,1,7,7,787,600,59,-0.015133607421838384,56,-0.011794424961340732,51,-0.021630809318593097,53,0.014765156045435128,60,-0.00046994027355361326,71,-0.022638075392715642,59,-0.021917904422168268
N23_HA_ST,1d,16,is,fingrad_exact,False,False,642,371,271,0.02125854504458642,0.03760737094840281,-0.0011230579455090816,-0.002040459589613003,0.013809457769455942,1.6871773695367436,0.04578462576599773,0.056572379367720464,2.8184119994956527,0.011421317712046958,0.6806388530007194,0.24805001806396676,0.06622516556291391,0.013705833353856296,0.006200000000000001,0.1228912737456951,0.017383105910858253,0.015058545044586421,0.003875439133728169,6,7,7,787,600,83,0.021439455149167667,97,0.013470161465986636,86,0.07567272542776084,95,0.006977804889403179,84,0.027969425957761536,101,-0.0005894460898418183,96,0.01147147814983524
N24_DMI,1d,16,is,fingrad_exact,False,False,231,43,188,-0.008227540845249789,0.029164145277353778,-0.01677989458605805,-0.012377742712409573,0.014087072863621895,0.29461066236671224,0.3841456580607303,0.4209650582362729,-0.7746477230002422,-0.05484649443492627,-0.756272860392845,0.7752571917885671,0.45165562913907287,0.014263747605029558,0.006200000000000001,0.1228912737456951,0.017383105910858253,-0.01442754084524979,-0.02561064675610804,2,7,7,787,600,34,-0.0033193092751429955,28,-0.019803091136505836,31,0.020074338304557217,30,-0.03160638789514062,30,-0.01735947901652554,38,-0.020681144189261036,40,0.009983403275623876
N25_DST_CCI,1d,16,is,fingrad_exact,False,False,255,140,115,0.011986532738764455,0.0108299305011467,0.013394570245429546,0.0011011045153579706,0.020080522990165668,0.5420888802914927,0.2938786392972485,0.3178036605657238,1.2206495367103416,0.0824513568703933,0.8958691048681497,0.1851613382605899,0.3086092715231788,0.020433674901072788,0.006200000000000001,0.1228912737456951,0.017383105910858253,0.005786532738764455,-0.0053965731720937975,5,7,7,787,600,35,0.054520929082077375,33,0.0281178179032481,29,-0.010016033447223047,52,0.014614772591686755,39,-0.026465382097658603,32,0.009787661185309899,35,0.013425339393873328
S1_EMA_RSI_CHOP,1d,16,is,fingrad_approx,True,False,1,1,0,0.9015659955257271,0.9015659955257271,,0.032638098222790436,0.23954350545101522,3.6274325019453544,0.00014312678714555323,0.0016638935108153079,,1.6065505087718788,1.5457250279628938,0.06108549505267608,0.0013245033112582781,0.2310139241742395,0.006200000000000001,0.1228912737456951,0.017383105910858253,0.8953659955257272,0.8841828896148689,0,0,7,787,600,0,,0,,1,0.9015659955257271,0,,0,,0,,0,
S3_CMO_SANDWICH,1d,16,is,fingrad_approx,True,False,25,11,14,0.030075229668454502,-0.0028878253322427135,0.05597477288328804,-0.004639100686093078,0.048004139741079394,0.7231528476874444,0.23479299208143306,0.24625623960066556,0.8663598050298411,0.07636237600414025,0.2561323782928592,0.39892431070048656,0.2185430463576159,0.046797492128425724,0.006200000000000001,0.1228912737456951,0.017383105910858253,0.0238752296684545,0.01269212375759625,0,0,7,787,600,1,-0.04569156625365833,4,-0.017283519379736184,5,0.1267101675907927,3,0.1640870772809976,4,0.03428091849674336,2,-0.024323484819127772,6,-0.057930398110284755
S4_BB_BBP,1d,16,is,fingrad_approx,True,False,218,100,118,0.003027809590014481,0.0011940690164754274,0.004581827025217068,-0.005426415624047113,0.02343019691447807,0.36082604192018247,0.35911474690263834,0.37271214642262895,0.23336432747719066,-0.0670163132933315,-0.42411057799395,0.6642574143028845,0.40264900662251657,0.022243298193920884,0.006200000000000001,0.1228912737456951,0.017383105910858253,-0.0031721904099855196,-0.014355296320843772,4,7,7,787,600,33,-0.010618423971253616,27,0.010262538013349042,26,0.009273226411776688,35,0.02043324857118644,33,0.03219711808628674,35,-0.007918203775034363,29,-0.03476735848637507
N04_ST_KLINGER,1d,16,is,fingrad_approx,True,False,599,356,243,0.013898397385425474,0.0322721750492803,-0.013019564953390654,-0.0001560659463348976,0.013945187456981622,1.0078360993795061,0.1567665762513335,0.1896838602329451,1.8536156477687689,0.017124909419852282,0.703637881044197,0.24082915718022685,0.23178807947019867,0.01453568035101146,0.006200000000000001,0.1228912737456951,0.017383105910858253,0.007698397385425474,-0.0034847085254327784,5,7,7,787,600,81,0.007902408792607184,92,-0.00692291295028844,84,0.0515102886565976,85,0.02169935050880836,78,-0.003223232761937834,93,0.020280885258682192,86,0.00599922905890711
N05_PSAR_POC,1d,16,is,fingrad_approx,True,False,53,14,39,-0.03160944480943367,-0.08754669086538265,-0.011529407763708406,-0.008856401952125165,0.03334333330007588,-0.6823865704289599,0.7525027273369556,0.7653910149750416,-1.7149875711266325,-0.13412248322371387,-0.8533094926852074,0.8032561513651181,0.7562913907284768,0.03280605635265908,0.006200000000000001,0.1228912737456951,0.017383105910858253,-0.03780944480943367,-0.048992550720291926,0,1,7,787,600,7,-0.021115459599508286,4,-0.10038646845856009,3,0.05853466670529132,7,0.010720884508461013,7,-0.004956720323649878,9,-0.012570837132942195,16,-0.07679763119264116
N06_MACD_ORB,1d,16,is,fingrad_approx,True,False,0,0,0,,,,,,,,,,,,,,,0.006200000000000001,0.1228912737456951,0.017383105910858253,,,0,0,7,787,600,0,,0,,0,,0,,0,,0,,0,
N11_BREAKAWAY,1d,16,is,fingrad_approx,True,False,5,0,5,-0.1769374127771139,,-0.1769374127771139,-0.007128246301464761,0.061320720860801196,-2.769197166829106,0.9971902691399952,1.0,-1.693440013720918,-0.5188002464013308,-1.0718474076058615,0.8581057121757043,1.0,0.05976340721944847,0.006200000000000001,0.1228912737456951,0.017383105910858253,-0.1831374127771139,-0.19432051868797215,0,0,7,787,600,1,0.11285275753565327,2,-0.08563982771766188,0,,1,-0.4662255639097743,0,,1,-0.3600346020761247,0,
N13_3OUTSIDE,1d,16,is,fingrad_approx,True,False,38,20,18,0.029917462753620352,0.07675483504856485,-0.0221240620185402,-0.003485491424657855,0.03404608074588197,0.9811101144826619,0.16326922157673746,0.15141430948419302,0.7867991321649142,0.11904814007157853,0.7927706264877195,0.21395573654940486,0.1576158940397351,0.033886794010722886,0.006200000000000001,0.1228912737456951,0.017383105910858253,0.023717462753620352,0.0125343568427621,0,0,7,787,600,3,0.07223356032556638,8,-0.08545786140474153,8,0.05257388000300267,3,0.23732856522976672,3,-0.08414601401178663,6,0.08348883868929852,7,0.0318220098692934
N15_KC_AO,1d,16,is,fingrad_approx,True,False,1,0,1,-0.10817477096546857,,-0.10817477096546857,0.010444916025126035,0.1344592967875811,-0.8821977343670783,0.8111650565308735,0.8469217970049917,,-1.068733784826281,-1.3965014792685364,0.918718232271208,0.8172185430463577,0.13883766152716545,0.006200000000000001,0.1228912737456951,0.017383105910858253,-0.11437477096546857,-0.12555787687632683,0,0,7,787,600,0,,0,,0,,0,,0,,1,-0.10817477096546857,0,
N16_BBRSI,1d,16,is,fingrad_approx,True,False,64,22,42,0.03376651041880356,0.09826085005691625,-1.6238915445935094e-05,-0.0030020779432238082,0.026197880425200906,1.403494777640791,0.08023467409517998,0.07321131447587355,1.2360559208071813,0.10001363357700094,0.6795512625016799,0.24839431923568378,0.07947019867549669,0.026575578259015114,0.006200000000000001,0.1228912737456951,0.017383105910858253,0.02756651041880356,0.016383404507945308,2,3,7,787,600,9,-0.06268040558984923,13,-0.01583023348018055,7,-0.017834608994150965,5,0.014139918178651789,10,0.1688292626884931,13,0.05297021102944178,7,0.08688723630750594
N19_FIB_CHOP,1d,16,is,fingrad_approx,True,False,47,30,17,0.018113196691717525,0.029184652178151728,-0.0014246659314016566,-0.0027487879990875617,0.027825498309976035,0.7497434352622401,0.22670462105624956,0.16472545757071547,1.0779203325423723,0.10741042700170145,0.9656484672445433,0.167110057024277,0.20794701986754968,0.030220125641900297,0.006200000000000001,0.1228912737456951,0.017383105910858253,0.011913196691717524,0.0007300907808592723,0,1,7,787,600,5,0.06358920240580498,4,0.0541396266268723,1,-0.022617124394184285,22,-0.010786402697973985,6,0.004870772698902866,5,0.0542215876976007,4,0.06910028376060018
N20_EMA9_CHOP,1d,16,is,fingrad_approx,True,False,232,0,232,-0.013462593080099393,,-0.013462593080099393,-0.016299334709853692,0.018391809163689654,0.15423940105657388,0.4387104881659373,0.4925124792013311,-1.1256451678632204,0.04385128443208401,0.4248243552142666,0.3354823608558066,0.47549668874172185,0.018045060699534578,0.006200000000000001,0.1228912737456951,0.017383105910858253,-0.01966259308009939,-0.030845698990957647,2,7,7,787,600,27,0.011798245556801453,27,-0.003094684771176906,32,0.048810959754330877,44,-0.031789685937357176,24,-0.10552950757309364,43,-0.007774799297863542,35,-0.018699934717926133
V39_ALL,1d,16,is,pine,False,False,181,88,93,0.008595304686905987,-0.005486578148194585,0.02192009704700115,-0.003432377914446659,0.024719874434692337,0.4865592110157635,0.3132853675508577,0.30449251247920134,0.6853703011450077,0.028909634430786032,0.3541794990794083,0.3616021832278647,0.3165562913907285,0.024948308735629584,0.006200000000000001,0.1228912737456951,0.017383105910858253,0.002395304686905986,-0.008787801223952266,4,7,7,787,600,30,0.03997880256574969,24,0.03607248903625327,20,-0.004369349630646108,27,0.030019699393055717,31,-0.06559124469624393,26,-0.010380349412115105,23,0.0465530049472342
OBV_S,1d,16,is,pine,False,False,87,38,49,-0.0111198433221971,0.026101596817067165,-0.039985449960810195,-0.0019335826418840185,0.02460372033970519,-0.37336876510860045,0.6455629983729787,0.6472545757071547,-0.6071470710249688,-0.10296820717751248,-0.7387290999101858,0.7699642441029899,0.6543046357615894,0.023813071779712616,0.006200000000000001,0.1228912737456951,0.017383105910858253,-0.0173198433221971,-0.028502949233055352,2,6,7,787,600,17,-0.10085720896652545,11,-0.07543996600862155,9,-0.007442695653556708,15,0.05248675972921622,11,-0.004567529924386956,14,0.07085838295209355,10,-0.00851058577226641
OBV_B,1d,16,is,pine,False,False,233,127,106,-0.01352700332946695,0.003959788598109626,-0.03447815969552569,0.003772831688177142,0.01772495100225047,-0.9760159571356556,0.8354717216119737,0.8469217970049917,-1.0501368490319516,-0.09323452901295906,-0.9798873252816939,0.8364291299471227,0.8344370860927153,0.017732404615392567,0.006200000000000001,0.1228912737456951,0.017383105910858253,-0.01972700332946695,-0.030910109240325202,2,7,7,787,600,22,-0.02734241036559624,30,-0.013282626190775186,31,-0.04091052612471005,47,0.009558937274141869,38,-0.01377117801840174,29,-0.029947524843430752,36,0.001637757809463193
V45_AMB,1d,16,is,v45,False,True,17,14,3,0.007356534159244428,-0.026765328295549024,0.16659189228161386,0.018008137256614005,0.06443385511759976,-0.16531065971342368,0.5656502654925722,0.5141430948419301,0.14507886011910157,0.18091400499987012,0.6306143804700239,0.2641463469075449,0.5099337748344371,0.0635177506885608,0.006200000000000001,0.1228912737456951,0.017383105910858253,0.0011565341592444274,-0.010026571751613825,0,0,7,787,600,4,0.08445116305693082,3,0.19366494792187183,3,-0.20258480223463096,3,0.02573817981018256,0,,2,-0.11247747523906404,2,-0.01912179876735509
DOGE_L,1d,16,is,doge,False,True,0,0,0,,,,,,,,,,,,,,,0.006200000000000001,0.1228912737456951,0.017383105910858253,,,0,0,7,787,600,0,,0,,0,,0,,0,,0,,0,
DOGE_S,1d,16,is,doge,False,True,0,0,0,,,,,,,,,,,,,,,0.006200000000000001,0.1228912737456951,0.017383105910858253,,,0,0,7,787,600,0,,0,,0,,0,,0,,0,,0,
S2_ST_ROC,1d,64,is,fingrad_exact,False,False,488,292,196,0.0586002886602964,0.11256240383030687,-0.0217922502664539,-0.005552498610431809,0.043932911264881795,1.460244391361548,0.07211145954185355,0.07986688851913477,3.335264285584461,0.026353175205881353,0.9565026144303184,0.1694091820692758,0.08346972176759411,0.04436875477723033,0.0206,0.26404296664830307,0.04462790996499558,0.0380002886602964,0.013972378695300824,6,7,7,739,600,68,0.04201248746620092,64,0.005376296314889558,56,0.19315064250147915,75,-0.051266762212908774,76,0.01744722043151208,77,0.03350865048309955,72,0.20164479305919156
S5_DONCHIAN_MFI,1d,64,is,fingrad_exact,False,False,2,0,2,0.02857414091510313,,0.02857414091510313,-0.05267648165720374,0.22403051690019188,0.3626765839606795,0.3584232468642674,0.37104825291181365,,0.08352542700676996,0.0718004672314811,0.47138035049248506,0.3944353518821604,0.24455259278198957,0.0206,0.26404296664830307,0.04462790996499558,0.00797414091510313,-0.016053769049892447,0,0,7,739,600,0,,0,,0,,1,0.0814282550385117,1,-0.02427997320830544,0,,0,
S6_EMA_DMI_ADX,1d,64,is,fingrad_exact,False,False,59,30,29,-0.048954785334086086,0.05997446642002466,-0.16164021818316618,0.022028685164372095,0.03627674352590367,-1.9567211276219414,0.9748098677446709,0.9767054908485857,-1.1037396213036517,-0.15354556558440288,-2.0708175984585155,0.9808120775060407,0.9770867430441899,0.03681840312322052,0.0206,0.26404296664830307,0.04462790996499558,-0.06955478533408609,-0.09358269529908167,1,4,7,739,600,12,-0.06273371500751186,10,-0.002722680153039525,3,-0.0260263348969267,5,0.015390747851352703,6,-0.09156796686220564,10,-0.15764253492194777,13,0.0014351894412451506
N01_ST_EMA,1d,64,is,fingrad_exact,False,False,146,90,56,0.083023641534279,0.12386608299269343,0.017384003476112908,-0.010873598572203186,0.06422281722903213,1.462054206865837,0.07186317804454014,0.06156405990016639,2.676749549863452,0.08206743754290456,1.3361625220363655,0.09074807898475201,0.0867430441898527,0.06659216904037493,0.0206,0.26404296664830307,0.04462790996499558,0.062423641534279005,0.03839573156928343,6,7,7,739,600,20,0.03481114042392174,17,0.02488951978382903,22,0.36008812913858185,23,-0.07360756950750007,19,0.09371573430947015,23,0.0495196479289697,22,0.08425415557175772
N02_ST_KST,1d,64,is,fingrad_exact,False,False,140,77,63,0.05681992978968119,0.1839422903346388,-0.09855184420971146,-0.015340401981378496,0.04841066649870084,1.490587446735446,0.06803492106120972,0.09650582362728785,1.3620635649502975,0.007647326481844068,0.8191304096271429,0.20635600682059468,0.10801963993453355,0.04903577107438785,0.0206,0.26404296664830307,0.04462790996499558,0.036219929789681186,0.01219201982468561,4,7,7,739,600,23,0.04043953219321427,20,-0.053790034198744084,17,0.34795715907356173,15,-0.06910156725290136,17,-0.01966101934494527,23,0.042559774017397085,25,0.10308383780372905
N03_ADX_GC,1d,64,is,fingrad_exact,False,False,5,3,2,0.4882609688791165,0.9594474559271013,-0.21851876169286077,-0.02388343726331961,0.17162803893691442,2.984036928433855,0.0014223621816965924,0.0016638935108153079,0.8222372337041582,0.33359771116266934,1.0628996265092436,0.14391373621126624,0.0016366612111292963,0.17308618601082065,0.0206,0.26404296664830307,0.04462790996499558,0.4676609688791165,0.44363305891412097,0,0,7,739,600,0,,0,,2,1.205490443852812,1,0.1358267716535435,0,,2,-0.05275140748179252,0,
N07_ICHI_CMO,1d,64,is,fingrad_exact,False,False,68,26,42,-0.014469230074953387,0.10628098812889258,-0.08921936515352472,-0.03730685242797029,0.059278850421387336,0.3852575107424363,0.35002331899850675,0.33277870216306155,-0.28021892260843295,-0.02355866868273244,0.22017174998898836,0.4128686985243386,0.36006546644844517,0.06217843189140453,0.0206,0.26404296664830307,0.04462790996499558,-0.035069230074953384,-0.05909714003994897,0,3,7,739,600,9,0.01826718840593517,4,-0.09142397033399935,9,0.25855611265914086,8,-0.06313877715649627,10,-0.10199163163160063,12,-0.10037148510961642,16,-0.023758569903946467
N08_ICHI_WR,1d,64,is,fingrad_exact,False,False,4,3,1,0.2458191809153365,0.353417021849128,-0.07697434188603802,0.07146220110665343,0.2503374955891149,0.6964876731644688,0.24306173717487017,0.22795341098169716,0.7438867094236612,0.3625322756530966,0.3083915603800952,0.37889220154270603,0.24058919803600654,0.2569587642678372,0.0206,0.26404296664830307,0.04462790996499558,0.2252191809153365,0.20119127095034092,0,0,7,739,600,2,-0.07470360818501698,0,,1,1.209658281917418,0,,0,,0,,1,-0.07697434188603802
N09_ALLIG_AROON,1d,64,is,fingrad_exact,False,False,77,37,40,-0.017781435046979384,0.15171357499041052,-0.17456431933156505,-0.01604996332142467,0.03293227077793043,-0.05257674872256491,0.5209654284137966,0.5524126455906821,-0.3589767170878775,-0.15722729971902627,-1.4578982573333295,0.9275657054703309,0.5613747954173486,0.032265543554370286,0.0206,0.26404296664830307,0.04462790996499558,-0.038381435046979384,-0.06240934501197496,0,5,7,739,600,12,-0.042230313970508394,16,-0.021394536038984314,8,-0.005262227441296646,10,-0.09838091723662133,9,0.25449148721199666,11,-0.056693073184972055,11,-0.1055442493022049
N10_HA_PSAR,1d,64,is,fingrad_exact,False,False,183,83,100,-0.0564722237968792,0.06541039788025999,-0.15763479978890474,-0.004722669840190112,0.026537903326492248,-1.9500242095248184,0.9744133832038221,0.9816971713810316,-1.6357590223771834,-0.12990428579882052,-2.0920625823878845,0.9817835411108183,0.9754500818330606,0.026225680677701847,0.0206,0.26404296664830307,0.04462790996499558,-0.0770722237968792,-0.10110013376187478,2,7,7,739,600,26,-0.04417898611059828,28,0.007767192312205113,24,0.004736986081471037,26,-0.05633575898601111,22,-0.013511233397647503,26,-0.0646758252354585,31,-0.19591561426270748
N12_ICHI_AO,1d,64,is,fingrad_exact,False,False,76,28,48,-0.02920461302088109,0.09186146719280508,-0.09982649314553134,-0.0438718462920003,0.038905881725001944,0.37699269675447705,0.35308951616798473,0.3211314475873544,-0.685747897638632,-0.07491616901543231,0.2756907385731796,0.39139280480788297,0.33060556464811786,0.03846289376354377,0.0206,0.26404296664830307,0.04462790996499558,-0.049804613020881086,-0.07383252298587667,3,5,7,739,600,10,0.04778801951059395,11,0.047690267483408474,7,-0.006472570016718193,11,-0.08811871855834885,8,-0.1117312559480105,14,0.02930912656223286,15,-0.1149258371359138
N14_ICHI_RSI,1d,64,is,fingrad_exact,False,False,0,0,0,,,,,,,,,,,,,,,0.0206,0.26404296664830307,0.04462790996499558,,,0,0,7,739,600,0,,0,,0,,0,,0,,0,,0,
N17_KC_RSI,1d,64,is,fingrad_exact,False,False,883,316,567,-0.01425109703108067,0.1374320904857369,-0.09878705338965975,0.010242090100165108,0.05973527715094089,-0.4100288522869938,0.6591076086548724,0.7071547420965059,-0.9481330983488863,0.09750635649500476,0.23780994712895714,0.4060142516397838,0.6972176759410802,0.0600863320120808,0.0206,0.26404296664830307,0.04462790996499558,-0.03485109703108067,-0.05887900699607625,5,7,7,739,600,178,-0.056443974551551694,160,0.051337468378362526,146,-0.2641061905432707,97,0.07839431167265984,96,0.11211546266131485,86,0.026792887828483852,120,0.05947747224606375
N18_VWMA_MACD,1d,64,is,fingrad_exact,False,False,422,160,262,-0.10416286568122225,0.08817383630720457,-0.221620393613086,-0.0330358692995127,0.04576327717089814,-1.554237388115656,0.9399360988642276,0.9118136439267887,-4.316037290111486,-0.2585506328796045,-1.954688300038194,0.9746900640541877,0.9198036006546645,0.047229971949714365,0.0206,0.26404296664830307,0.04462790996499558,-0.12476286568122225,-0.14879077564621784,2,7,7,739,600,63,0.02997665223955221,59,-0.048448913482488656,63,0.030343978590886785,54,-0.1596561534639384,54,-0.19460420376497362,59,-0.07212556255206769,70,-0.3073282240484768
N21_ST_RSI_ADX,1d,64,is,fingrad_exact,False,False,0,0,0,,,,,,,,,,,,,,,0.0206,0.26404296664830307,0.04462790996499558,,,0,0,7,739,600,0,,0,,0,,0,,0,,0,,0,
N22_VORTEX_PSAR,1d,64,is,fingrad_exact,False,False,380,183,197,-0.012505376348089027,0.09197952666273164,-0.10956495630230317,0.00414036143073116,0.013952134925108575,-1.1930602641223131,0.8835771139288834,0.8868552412645591,-0.5888594462246461,-0.01895458756235547,-0.7700374595537643,0.7793611638042882,0.8887070376432079,0.014232449179275864,0.0206,0.26404296664830307,0.04462790996499558,-0.03310537634808903,-0.057133286313084605,2,7,7,739,600,55,-0.008534168001307768,51,-0.013620043494188107,47,0.039145733846860126,50,0.033714889283142785,55,-0.018070418443277645,66,-0.04827690738770952,56,-0.05238368941051384
N23_HA_ST,1d,64,is,fingrad_exact,False,False,612,346,266,0.057987669393730804,0.12055595829068927,-0.023398149998553514,-0.01648118621779058,0.037997556073902546,1.9598327709993968,0.025007669770710898,0.06821963394342762,3.418154479272939,0.029227496263508627,1.1919682563070684,0.11663684619709497,0.07037643207855974,0.038326052772864556,0.0206,0.26404296664830307,0.04462790996499558,0.0373876693937308,0.013359759428735227,6,7,7,739,600,79,0.04777264353627597,92,0.008317898671259693,82,0.2595237932360161,90,-0.07298636222392975,80,0.019415193747463977,97,0.026145408449131463,92,0.1320398868182505
N24_DMI,1d,64,is,fingrad_exact,False,False,217,42,175,-0.09429053227875914,0.036013093688950004,-0.12556340251100936,-0.052562808847200757,0.027023005173978747,-1.544155550535854,0.9387246729693655,0.9234608985024958,-3.607670625344869,-0.13491243897654584,-1.543406242765849,0.9386338800249671,0.9296235679214403,0.027208294144553075,0.0206,0.26404296664830307,0.04462790996499558,-0.11489053227875914,-0.13891844224375471,0,7,7,739,600,33,-0.07029439656190963,27,-0.057706734129288784,28,-0.025171302940103613,28,-0.041492746501368756,26,-0.17556897584489026,37,-0.019053161862466132,38,-0.24860249608466584
N25_DST_CCI,1d,64,is,fingrad_exact,False,False,241,130,111,0.07743840264970701,0.17667047252183238,-0.03877933684016956,-0.007118848416544834,0.061743214263156744,1.3694986902667399,0.0854217219642498,0.07986688851913477,2.571568030288754,0.1769886307880457,1.5815980555021343,0.056870679107088734,0.09983633387888707,0.06288161798047762,0.0206,0.26404296664830307,0.04462790996499558,0.056838402649707014,0.03281049268471144,7,7,7,739,600,34,0.0943939237837769,28,0.02379328605382459,28,0.03291403444785364,48,0.017763999849999233,38,0.0973573876157843,32,0.009867280126427076,33,0.27265002938298644
S1_EMA_RSI_CHOP,1d,64,is,fingrad_approx,True,False,1,1,0,0.2930648769574944,0.2930648769574944,,0.27021120214731414,0.7489471188526653,0.03051440380088581,0.4878284030793762,0.33610648918469216,,0.5015288403144437,0.19107088300763142,0.4242350296710013,0.32405891980360063,0.7509136528630442,0.0206,0.26404296664830307,0.04462790996499558,0.2724648769574944,0.24843696699249881,0,0,7,739,600,0,,0,,1,0.2930648769574944,0,,0,,0,,0,
S3_CMO_SANDWICH,1d,64,is,fingrad_approx,True,False,23,10,13,-0.1018372588795676,-0.16000138715577128,-0.05709562174402635,-0.015203168864027061,0.08257842293505378,-1.0491129151700616,0.8529369236898623,0.8202995008319468,-1.3253418227486347,-0.2500680323279635,-1.4391713500005319,0.9249490097139543,0.8363338788870703,0.08651104670764972,0.0206,0.26404296664830307,0.04462790996499558,-0.1224372588795676,-0.14646516884456318,0,0,7,739,600,1,-0.2271222771375374,4,0.002977104557783161,5,-0.08304621572180375,2,-0.10190692923164124,3,0.12748345316989265,2,0.0638929029257953,6,-0.3363723872687696
S4_BB_BBP,1d,64,is,fingrad_approx,True,False,195,90,105,-0.008715110022614958,0.02592650162176306,-0.0384079200035104,-0.021098240028680368,0.04205110349148242,0.29447812251998695,0.3841962891903389,0.3610648918469218,-0.29347737707840826,-0.0673351811751125,-0.2958542160146766,0.6163292915503296,0.353518821603928,0.04138049976661923,0.0206,0.26404296664830307,0.04462790996499558,-0.029315110022614957,-0.053343019987610533,2,7,7,739,600,29,0.08332643593389727,24,-0.013743609564658957,21,-0.10185024883869043,32,-0.017128920160011284,30,-0.0274739860314141,32,0.009441819633613666,27,-0.021370534945980638
N04_ST_KLINGER,1d,64,is,fingrad_approx,True,False,576,338,238,0.0679400210561647,0.13227742790775404,-0.023429909682647083,-0.005248466913835538,0.0395335538451058,1.8513004992355597,0.03206316715959441,0.06821963394342762,4.194532230539355,0.08695113807427222,1.7215437548581487,0.0425760997427409,0.06382978723404255,0.040117590226521824,0.0206,0.26404296664830307,0.04462790996499558,0.0473400210561647,0.023312111091169124,5,7,7,739,600,79,0.0591434778773327,89,-0.0018898773833071244,80,0.29271601811173686,80,-0.04210420057585522,75,0.015368369296119611,89,0.06368410137944125,84,0.09237926595602547
N05_PSAR_POC,1d,64,is,fingrad_approx,True,False,49,12,37,-0.1230506102662508,-0.03704511478912403,-0.1509442844750487,-0.05542737149650673,0.06733379993683232,-1.0042985667403783,0.8423826378556576,0.8202995008319468,-1.8171506685952452,-0.1331409621132947,-0.27064532215867015,0.6066680828954781,0.8297872340425532,0.06875294741038049,0.0206,0.26404296664830307,0.04462790996499558,-0.1436506102662508,-0.16767852023124638,0,1,7,739,600,7,0.06611974275791463,4,0.09976390384561673,3,-0.2809966118234107,7,-0.05430460317947004,6,0.14321073973225712,8,-0.12141543812328107,14,-0.3968708995296379
N06_MACD_ORB,1d,64,is,fingrad_approx,True,False,0,0,0,,,,,,,,,,,,,,,0.0206,0.26404296664830307,0.04462790996499558,,,0,0,7,739,600,0,,0,,0,,0,,0,,0,,0,
N11_BREAKAWAY,1d,64,is,fingrad_approx,True,False,5,0,5,-0.1252350213015743,,-0.1252350213015743,-0.03121680903794065,0.08390080950439693,-1.1205876655898832,0.868768291158109,0.891846921797005,-0.9557918159613847,-0.2564213280100435,-0.6377139194316455,0.738170038539253,0.8723404255319149,0.08608401035517335,0.0206,0.26404296664830307,0.04462790996499558,-0.1458350213015743,-0.16986293126656987,0,0,7,739,600,1,0.34821291481101146,2,-0.19521863537000672,0,,1,-0.12812030075187963,0,,1,-0.45583044982698984,0,
N13_3OUTSIDE,1d,64,is,fingrad_approx,True,False,38,20,18,0.04598606979797767,0.09099060539016124,-0.004018969748892943,-0.019920933405133186,0.09134811756995789,0.7214927352239825,0.23530320439105962,0.2529118136439268,0.8906505637309828,0.15877910386528218,0.9804927785820752,0.16342146626421694,0.2520458265139116,0.09393191267663147,0.0206,0.26404296664830307,0.04462790996499558,0.025386069797977667,0.0013581598329820907,0,0,7,739,600,3,0.22584100230014284,8,-0.09334133634735016,8,0.08812964408166388,3,0.19728730558860927,3,0.020746835480192256,6,0.0858713480670491,7,-0.008241332580069411
N15_KC_AO,1d,64,is,fingrad_approx,True,False,1,0,1,-0.2966878083157152,,-0.2966878083157152,0.032978777081698996,0.22155724589963663,-1.4879521726260763,0.9316182464167242,0.9251247920133111,,-0.6301304928725857,-1.0149253368316042,0.8449292902465723,0.9361702127659575,0.23132227048285586,0.0206,0.26404296664830307,0.04462790996499558,-0.3172878083157152,-0.3413157182807107,0,0,7,739,600,0,,0,,0,,0,,0,,1,-0.2966878083157152,0,
N16_BBRSI,1d,64,is,fingrad_approx,True,False,62,21,41,-0.04177447088003846,0.05844148385607884,-0.09310459403756197,-0.015077459668216088,0.045229609702902435,-0.5902551754743353,0.7224902069940745,0.6738768718801996,-1.058369254193501,0.012528694323315213,0.06882829362509742,0.4725631482151681,0.6726677577741408,0.04616328557250206,0.0206,0.26404296664830307,0.04462790996499558,-0.06237447088003846,-0.08640238084503404,1,2,7,739,600,9,-0.11971104821458178,13,-0.041387157068305126,6,-0.23168066564315448,5,0.11420354431971362,9,-0.15174709735112624,13,0.05928828054039618,7,0.0627796832360232
N19_FIB_CHOP,1d,64,is,fingrad_approx,True,False,45,30,15,-0.061464300342417184,-0.0355284830430589,-0.11333593494113374,-0.002444545393868811,0.07614313792070633,-0.775115874657151,0.7808644039952723,0.8169717138103162,-1.7644217196546428,-0.3404034697984335,-1.2246070306725219,0.8896383411788618,0.8085106382978723,0.07446883201513843,0.0206,0.26404296664830307,0.04462790996499558,-0.08206430034241718,-0.10609221030741275,0,1,7,739,600,5,0.1859197396667954,4,-0.04160699110160565,1,-0.2168820678513732,20,-0.19967627302549024,6,-0.04146232916743631,5,0.0019932820823766128,4,0.2300377109043962
N20_EMA9_CHOP,1d,64,is,fingrad_approx,True,False,207,0,207,-0.08830367343475125,,-0.08830367343475125,-0.08862423598486108,0.04171128151857655,0.0076852721479454735,0.4969340501847302,0.5141430948419301,-2.8826436883881357,-0.033197023534193563,0.6029737702048765,0.27326306932993755,0.5400981996726678,0.04308811604187031,0.0206,0.26404296664830307,0.04462790996499558,-0.10890367343475124,-0.1329315833997468,3,7,7,739,600,23,0.0049106483091172735,27,-0.0802999020641576,30,0.04318889557684854,39,0.05794577853911057,20,-0.26774869633625903,37,-0.061073334127038775,31,-0.3924055773314872
V39_ALL,1d,64,is,pine,False,False,174,84,90,-0.028195576927054492,0.04155944216688755,-0.09330026141473373,-0.021500723982241655,0.05856142934433465,-0.11432188421235163,0.5455086824325326,0.5540765391014975,-1.3284946029547682,-0.13314049537921918,-0.5591694639831184,0.7119769644924716,0.5351882160392799,0.05991168516581025,0.0206,0.26404296664830307,0.04462790996499558,-0.048795576927054496,-0.07282348689205007,2,7,7,739,600,29,-0.03818508866412514,24,-0.0025619374709176155,19,-0.13955776691211286,24,0.0570372713535788,30,-0.12114208052205797,26,-0.03614462944950025,22,0.09634316024759855
OBV_S,1d,64,is,pine,False,False,79,34,45,-0.03759928641681723,0.11473178954011705,-0.15269387713983423,-0.008064268450833622,0.04789955664833394,-0.6166031594576545,0.7312517449616579,0.718801996672213,-0.9039038412504817,-0.092161210109627,-0.6179462765065926,0.7316946235781505,0.7119476268412439,0.04913907611645035,0.0206,0.26404296664830307,0.04462790996499558,-0.05819928641681723,-0.0822271963818128,2,6,7,739,600,16,-0.12419476869816559,11,-0.08607969752846387,8,0.026151098735972475,12,-0.03887848662576914,11,0.11459824219459765,11,0.07132122045808868,10,-0.18241316945029093
OBV_B,1d,64,is,pine,False,False,222,119,103,0.012694042569770737,0.1086262399208039,-0.09814024369016076,0.010109399132428493,0.03321919739523697,0.07780571597171805,0.4689912997738586,0.3560732113144759,0.47779991297929725,0.006697277561706173,-0.17712825185165426,0.5702961744944376,0.3698854337152209,0.03238789816531872,0.0206,0.26404296664830307,0.04462790996499558,-0.007905957430229264,-0.031933867395224844,3,7,7,739,600,22,-0.056157606115022365,28,0.004233073597976831,31,-0.04823319129669592,43,-0.031460153835356594,36,0.1105757091354206,29,-0.023793923414414976,33,0.10582825816778921
V45_AMB,1d,64,is,v45,False,True,15,12,3,-0.03588677583873635,-0.08193231945173308,0.14829539861325058,0.0705003952869487,0.1759319274718227,-0.6047064489913239,0.7273129688077207,0.670549084858569,-0.45365682056619683,-0.039417376397048384,-0.25996070574482016,0.6025529579836202,0.6808510638297872,0.17689072624275112,0.0206,0.26404296664830307,0.04462790996499558,-0.05648677583873635,-0.08051468580373192,0,0,7,739,600,4,0.12552628367343796,2,0.1459935058452838,2,-0.6207063898967429,3,0.1018455204789116,0,,2,-0.14375295835956747,2,-0.05450582444473939
DOGE_L,1d,64,is,doge,False,True,0,0,0,,,,,,,,,,,,,,,0.0206,0.26404296664830307,0.04462790996499558,,,0,0,7,739,600,0,,0,,0,,0,,0,,0,,0,
DOGE_S,1d,64,is,doge,False,True,0,0,0,,,,,,,,,,,,,,,0.0206,0.26404296664830307,0.04462790996499558,,,0,0,7,739,600,0,,0,,0,,0,,0,,0,,0,
