strategy,tf,H,n,reps,z_obs,p_normal,p_rs_z,z_vn_obs,p_vn_normal,p_rs_zvn,fwd_pct_obs,mu_star_pct,p_rs_fwd,p_emp_all,rs_z_sd,rs_zvn_sd
N20_EMA9_CHOP,1h,64,7051,500,2.444863959506446,0.0072453394633401,0.003992015968063872,2.589129492146596,0.0048109452178271,0.001996007984031936,0.18518886042472,0.64872179060168,0.11976047904191617,0.0101798731829357,0.8156659759451851,0.9153072087292312
N13_3OUTSIDE,4h,16,236,500,2.5907044019077223,0.0047889861445442,0.007984031936127744,2.128696115826214,0.0166397052055859,0.023952095808383235,1.2377687239716302,0.64529873886953,0.005988023952095809,0.0045814977973568,0.9613695278480964,1.061299272634314
N13_3OUTSIDE,4h,64,234,500,3.1572259170659818,0.0007963894634292,0.00998003992015968,2.058332738328432,0.0197791017858539,0.021956087824351298,3.33205731601003,1.3632046855062,0.005988023952095809,0.0023503887181341,1.2547547417467433,0.9703422183935267
N05_PSAR_POC,1h,4,1365,500,2.357574073528542,0.0091973924972357,0.00998003992015968,-0.527514750174127,0.7010819119364646,0.6806387225548902,0.11403342256091,0.2457233856737,0.011976047904191617,0.0114283268415871,0.9677155781852492,1.0588566475021113
DOGE_L,1h,64,1717,500,2.6376070253676334,0.0041746637153232,0.015968063872255488,0.1492155373620873,0.4406917801019061,0.4471057884231537,0.8111065620774601,0.64872179060168,0.007984031936127744,0.0082819307251002,1.2420777875235267,1.0132580890761418
N02_ST_KST,1d,4,149,500,2.189719960336223,0.0142722762866397,0.017964071856287425,1.120812832299073,0.1311837703868801,0.10179640718562874,1.86136290177267,0.7805290632012599,0.00998003992015968,0.0202275600505689,1.1598352871508648,0.9040958204965357
S4_BB_BBP,4h,4,1403,500,2.1817687757420696,0.0145633010608679,0.021956087824351298,-1.098944014489002,0.8641037566916989,0.8642714570858283,0.26967615530346,0.36651824460518,0.003992015968063872,0.0213622833129049,1.0346160833027,1.042274208523343
N18_VWMA_MACD,1d,4,461,500,2.100718841925939,0.0178328271648857,0.03792415169660679,0.1831866961373056,0.4273257663409777,0.4091816367265469,1.6324543836785,0.7805290632012599,0.00998003992015968,0.0139064475347661,1.1506581854182851,0.9704997085043189
N23_HA_ST,1d,4,650,500,2.1843965488873325,0.014466560801476,0.04590818363273453,-0.2283774385403859,0.5903235862642087,0.590818363273453,1.06717553428134,0.7805290632012599,0.013972055888223553,0.0164348925410872,1.2370203929206265,1.0432179553797665
N04_ST_KLINGER,1d,64,576,500,1.85130049923556,0.0320631671595944,0.08582834331337326,1.7215437548581487,0.0425760997427409,0.12974051896207583,6.79400210561647,4.4627909964995505,0.09381237524950099,0.0638297872340425,1.3375168822483283,1.5312817788247841
N23_HA_ST,1d,64,612,500,1.9598327709993968,0.0250076697707108,0.08582834331337326,1.1919682563070684,0.1166368461970949,0.23353293413173654,5.798766939373079,4.4627909964995505,0.13373253493013973,0.0703764320785597,1.450465560834945,1.5514437161623005
N23_HA_ST,1d,16,642,500,1.6871773695367436,0.0457846257659977,0.08782435129740519,0.6806388530007194,0.2480500180639667,0.3153692614770459,2.12585450445864,1.73831059108582,0.06387225548902195,0.0662251655629139,1.2730894291664494,1.2692855258307365
S2_ST_ROC,1d,64,488,500,1.460244391361548,0.0721114595418535,0.13572854291417166,0.9565026144303184,0.1694091820692758,0.23552894211576847,5.86002886602964,4.4627909964995505,0.07784431137724551,0.0834697217675941,1.4407563009083009,1.4842050480227544
N01_ST_EMA,1d,64,146,500,1.462054206865837,0.0718631780445401,0.15568862275449102,1.3361625220363655,0.090748078984752,0.17764471057884232,8.3023641534279,4.4627909964995505,0.04790419161676647,0.0867430441898527,1.396793345961574,1.4399808443029831
N03_ADX_GC,1h,4,180,500,2.042813421243224,0.0205354557255301,0.18163672654690619,-0.4103691016833459,0.6592323957105249,0.6686626746506986,0.27324468478774,0.2457233856737,0.17764471057884232,0.0260240551299062,1.8922924669820649,0.9675626247738774
N02_ST_KST,1d,64,140,500,1.490587446735446,0.0680349210612097,0.18762475049900199,0.8191304096271429,0.2063560068205946,0.2774451097804391,5.68199297896811,4.4627909964995505,0.2375249500998004,0.1080196399345335,1.5502534637769123,1.3545022507259534
N25_DST_CCI,1d,64,241,500,1.36949869026674,0.0854217219642498,0.22554890219560877,1.5815980555021345,0.0568706791070887,0.1277445109780439,7.7438402649707,4.4627909964995505,0.10379241516966067,0.099836333878887,1.7027909234442093,1.4942765714170927
