strategy,tf,H,n,fwd_pct,mu*_pct,fwd-mu*_pct,z,p,z_vn,p_vn,p_emp_all,symbols_pos,n_coins_ge10,approx,previously_examined,underpowered
N03_ADX_GC,30m,4,337,0.10420841970507,0.21320983913951003,-0.10900141943444,1.369301473009788,0.0854525288776136,-1.9407622421301536,0.973856438597568,0.0757611416589999,4,7,False,False,True
N08_ICHI_WR,30m,4,587,0.08444804524476,0.21320983913951003,-0.12876179389474002,1.4385942733890908,0.0751327549068796,1.7206591096891943,0.0426563502502641,0.0689146109244956,6,7,False,False,True
N03_ADX_GC,30m,16,337,0.13744651947174,0.29356983831169997,-0.15612331883996,0.935124253827915,0.174862134303241,-0.4087716486554046,0.6586463761231718,0.1700533156328287,5,7,False,False,True
N03_ADX_GC,15m,4,726,0.029145767202110002,0.19146324004575,-0.16231747284364,0.9008277054046108,0.1838399671844004,-2.928460474843002,0.9982967743007288,0.2013562802836636,5,7,False,False,False
N17_KC_RSI,15m,4,81718,0.01965298388584,0.19146324004575,-0.17181025615991,2.35010057528526,0.0093841695048907,15.03184855151113,2.2707652348411324e-51,0.0123648265608454,6,7,False,False,False
N13_3OUTSIDE,15m,4,5111,0.013552908570499999,0.19146324004575,-0.17791033147525,0.8918609760900685,0.1862337268321885,-6.167161482141025,0.9999999996523664,0.1731610529355766,4,7,True,False,False
N09_ALLIG_AROON,15m,4,10062,0.008877290324803028,0.19146324004575,-0.18258594972095,0.763256531331294,0.22265521023369,-7.620090482293682,0.9999999999999872,0.2046186263918452,6,7,False,False,False
DOGE_S,15m,4,4748,0.007997197253026262,0.19146324004575,-0.18346604279272,0.7180438867781025,0.2363651135789552,-6.147207536234928,0.9999999996057054,0.2382368356312372,5,7,False,True,False
V45_AMB,15m,4,8432,0.0077954988418309674,0.19146324004575,-0.18366774120392,0.5546266541743984,0.289575026892312,5.349373956121753,4.4129502058973225e-08,0.2696302317870169,4,7,False,True,False
N12_ICHI_AO,15m,4,9819,0.007507948036217364,0.19146324004575,-0.18395529200953,0.6809758968765383,0.2479433709652724,-7.868686947727493,0.9999999999999982,0.2473821009508936,4,7,False,False,False
N07_ICHI_CMO,15m,4,8950,0.0074313028773139046,0.19146324004575,-0.18403193716844,0.6352321261580128,0.2626385167258667,-6.282882708432678,0.999999999833824,0.2595436993935245,4,7,False,False,False
N10_HA_PSAR,15m,4,26097,0.006223944365353498,0.19146324004575,-0.18523929568039998,0.870432892772528,0.1920319388394908,-9.220045724971344,1.0,0.1797499224524285,4,7,False,False,False
N22_VORTEX_PSAR,15m,4,51620,0.006196521274437616,0.19146324004575,-0.18526671877130999,1.2295363761120657,0.1094353839909304,-8.906726667275597,1.0,0.1177546501802312,4,7,False,False,False
N06_MACD_ORB,30m,4,3402,0.02788168793038,0.21320983913951003,-0.18532815120912,1.1567871195007997,0.1236796727861455,-7.070326737119459,0.9999999999992272,0.1350264233295534,6,7,True,False,False
N18_VWMA_MACD,15m,4,66521,0.0033962886778051765,0.19146324004575,-0.18806695136794999,0.4742704959029025,0.317653514071031,-15.388179428613148,1.0,0.3088211699521879,4,7,False,False,False
