tf,H,kind,n_target,reps,n_mean,mu_star,E_abs_r,cost_H,delta,null_rate_p05,null_rate_p01,null_rate_emp05,null_rate_holm1,null_rate_gate,null_rate_naive_t05,null_z_sd,null_sd_median,mde80_holm,mde80_over_mu,power_gate,power_p05,power_holm1,planted_frac_fwd_ge_mu,vn_null_rate_p05,vn_null_rate_holm1,vn_null_z_sd,null_rate_gate_and_vn,vn_power_p05,power_gate_and_vn,null_max_z,vn_null_max_z,data,sec
1d,4,iid,150,200,150.545,0.01040365090745902,0.08575440557647275,0.0026,0.01560547636118853,0.06,0.02,0.055,0.0,0.0,0.05,1.0820701601397245,0.0098833331218828,0.04578396959403091,4.400759887205131,0.02,0.48,0.02,0.665,0.06,0.0,1.0243357953510208,0.0,0.895,0.02,2.9175121244142237,2.9619415309588266,synthetic,106.84699058532715
1d,4,iid,500,200,499.11,0.01040365090745902,0.08575440557647275,0.0026,0.01560547636118853,0.07,0.02,0.07,0.0,0.0,0.07,1.0321607895408822,0.005385488741846299,0.024947965404480337,2.398001011990281,0.195,0.885,0.195,0.805,0.075,0.0,1.0379666364955842,0.0,1.0,0.195,2.911449102944259,3.0352172315693173,synthetic,106.84699058532715
1d,4,iid,2000,200,2004.155,0.01040365090745902,0.08575440557647275,0.0026,0.01560547636118853,0.055,0.01,0.055,0.0,0.0,0.05,0.9886264577348349,0.0027060145793168723,0.012535456175825658,1.204909342626848,0.96,1.0,0.965,0.975,0.055,0.0,0.9955686236193758,0.0,1.0,0.96,3.292972949668291,3.054568889218869,synthetic,106.84699058532715
1d,4,burst4,150,200,148.4,0.01040365090745902,0.08575440557647275,0.0026,0.01560547636118853,0.065,0.01,0.06,0.0,0.0,0.19,1.051516179334791,0.016733935308249077,0.0775189883709397,7.451133170506669,0.005,0.235,0.005,0.605,0.055,0.0,0.9841861770800867,0.0,0.56,0.0,2.9208640254862805,3.0275155858288283,synthetic,106.84699058532715
1d,4,burst4,500,200,481.09,0.01040365090745902,0.08575440557647275,0.0026,0.01560547636118853,0.05,0.005,0.055,0.0,0.0,0.17,0.9484936203895601,0.009341549861643376,0.04327418994707803,4.1595196082609895,0.02,0.575,0.02,0.75,0.04,0.0,0.9462335988806813,0.0,0.94,0.02,2.6492890155997006,2.99141486946126,synthetic,106.84699058532715
1d,4,burst4,2000,200,1772.37,0.01040365090745902,0.08575440557647275,0.0026,0.01560547636118853,0.085,0.015,0.085,0.0,0.0,0.185,0.9598822822193398,0.004683898979064212,0.021697891368669717,2.085603559911181,0.34,0.99,0.34,0.91,0.065,0.0,0.9593967583432287,0.0,1.0,0.34,2.7614778726240448,2.9228936733127164,synthetic,106.84699058532715
1d,4,voltimed,150,200,148.41,0.01040365090745902,0.08575440557647275,0.0026,0.01560547636118853,0.055,0.015,0.055,0.0,0.0,0.04,1.0312556036604086,0.009941693918563465,0.046054322612365875,4.426746247256979,0.015,0.44,0.015,0.705,0.045,0.0,1.0429352042836857,0.0,0.855,0.015,3.129600070220904,3.4071177192909037,synthetic,106.84699058532715
1d,4,voltimed,500,200,501.085,0.01040365090745902,0.08575440557647275,0.0026,0.01560547636118853,0.06,0.02,0.06,0.0,0.0,0.06,0.9884207687241393,0.005369624291315298,0.02487447425409817,2.390937035023361,0.195,0.915,0.195,0.835,0.04,0.0,0.985173184733328,0.0,1.0,0.195,3.0496957081361145,2.6970143888470344,synthetic,106.84699058532715
1d,4,voltimed,2000,200,1999.245,0.01040365090745902,0.08575440557647275,0.0026,0.01560547636118853,0.055,0.015,0.055,0.0,0.0,0.05,0.9821633312504838,0.0027229866403110266,0.01261407826767683,1.2124665062178335,0.965,1.0,0.965,0.98,0.04,0.0,0.9506152694351623,0.0,1.0,0.965,3.0710797565406778,3.1451362775788696,synthetic,106.84699058532715
1d,4,hourtimed,150,200,150.37,0.01040365090745902,0.08575440557647275,0.0026,0.01560547636118853,0.075,0.025,0.075,0.0,0.0,0.08,1.0613040908833942,0.00985068490485723,0.045632728615186594,4.386222588694289,0.03,0.42,0.03,0.625,0.065,0.0,1.1025474255770686,0.0,0.84,0.03,3.3843980919325305,3.3044104062407045,synthetic,106.84699058532715
1d,4,hourtimed,500,200,502.335,0.01040365090745902,0.08575440557647275,0.0026,0.01560547636118853,0.045,0.015,0.045,0.0,0.0,0.05,1.0575711224250695,0.005417011853057983,0.025093994395654323,2.412037333707813,0.14,0.865,0.14,0.8,0.05,0.0,1.0153508870172594,0.0,0.995,0.14,2.944532213401134,2.7536270279529655,synthetic,106.84699058532715
1d,4,hourtimed,2000,200,1999.23,0.01040365090745902,0.08575440557647275,0.0026,0.01560547636118853,0.06,0.015,0.05,0.0,0.0,0.055,1.0177068209533975,0.0027018949412341837,0.012516372190454508,1.2030749879814544,0.965,1.0,0.965,0.965,0.035,0.0,1.0506888990949759,0.0,1.0,0.965,2.8782186657930837,3.5359697021643948,synthetic,106.84699058532715
1d,16,iid,150,200,150.34,0.022961216124153475,0.1841891881775107,0.006200000000000001,0.034441824186230215,0.09,0.015,0.075,0.0,0.0,0.065,1.0747959991878056,0.02150520842326388,0.09962163537562146,4.338691593553139,0.02,0.48,0.02,0.72,0.045,0.0,1.0325084987486028,0.0,0.825,0.02,2.8955575474803164,3.191414565839535,synthetic,106.84699058532715
1d,16,iid,500,200,499.6,0.022961216124153475,0.1841891881775107,0.006200000000000001,0.034441824186230215,0.05,0.015,0.06,0.0,0.0,0.05,0.9858289420480352,0.01199547783568515,0.05556835793371058,2.4200964632381488,0.19,0.9,0.19,0.865,0.055,0.0,0.9938249029939468,0.0,1.0,0.19,3.0167552066632237,2.6084978875938942,synthetic,106.84699058532715
1d,16,iid,2000,200,1999.935,0.022961216124153475,0.1841891881775107,0.006200000000000001,0.034441824186230215,0.045,0.005,0.04,0.0,0.0,0.045,0.9426889125461431,0.006033871675742843,0.02795156187995285,1.217338042062585,0.98,1.0,0.985,0.99,0.045,0.0,0.9584723539041474,0.0,1.0,0.98,2.6550185217693527,2.8158459808493963,synthetic,106.84699058532715
1d,16,burst4,150,200,146.98,0.022961216124153475,0.1841891881775107,0.006200000000000001,0.034441824186230215,0.055,0.02,0.055,0.0,0.0,0.165,1.0036466549756862,0.042535505950734534,0.19704327346847111,8.581569565089211,0.005,0.18,0.005,0.635,0.04,0.005,1.0000591208660996,0.0,0.32,0.005,3.0045668293076284,3.898363562497171,synthetic,106.84699058532715
1d,16,burst4,500,200,481.68,0.022961216124153475,0.1841891881775107,0.006200000000000001,0.034441824186230215,0.055,0.015,0.05,0.0,0.0,0.195,1.0887217314366893,0.022994603852970384,0.10652117364132963,4.639178215359306,0.02,0.435,0.02,0.64,0.06,0.0,1.029215387291525,0.0,0.745,0.02,2.9267652143841247,2.8949631796624775,synthetic,106.84699058532715
1d,16,burst4,2000,200,1768.41,0.022961216124153475,0.1841891881775107,0.006200000000000001,0.034441824186230215,0.04,0.01,0.045,0.0,0.0,0.19,0.9594436593927335,0.012156234357277794,0.05631305323092198,2.4525292095345455,0.205,0.885,0.205,0.825,0.06,0.0,0.9881355956394648,0.0,0.995,0.205,2.6761471602036293,2.6765005273533164,synthetic,106.84699058532715
1d,16,voltimed,150,200,150.75,0.022961216124153475,0.1841891881775107,0.006200000000000001,0.034441824186230215,0.055,0.015,0.05,0.0,0.0,0.045,1.0273958010845552,0.02164727130407311,0.10027973346208677,4.3673528840922335,0.025,0.53,0.025,0.74,0.045,0.0,1.0288365730775901,0.0,0.765,0.02,3.208596978395206,2.8906968887162705,synthetic,106.84699058532715
1d,16,voltimed,500,200,498.36,0.022961216124153475,0.1841891881775107,0.006200000000000001,0.034441824186230215,0.05,0.01,0.055,0.0,0.0,0.06,0.9262258362815323,0.011955014358324374,0.05538091321295613,2.4119329269628524,0.165,0.925,0.165,0.865,0.05,0.0,0.9442890631840375,0.0,0.995,0.165,2.8632300353338005,2.288666227190166,synthetic,106.84699058532715
1d,16,voltimed,2000,200,1998.875,0.022961216124153475,0.1841891881775107,0.006200000000000001,0.034441824186230215,0.07,0.005,0.06,0.0,0.0,0.05,1.0053796021006807,0.0060483395718526935,0.028018583572676774,1.2202569507284646,0.955,1.0,0.96,0.97,0.08,0.0,0.9653181124946186,0.0,1.0,0.955,2.711222798238593,2.4493294139835906,synthetic,106.84699058532715
1d,16,hourtimed,150,200,152.075,0.022961216124153475,0.1841891881775107,0.006200000000000001,0.034441824186230215,0.07,0.01,0.07,0.0,0.0,0.045,1.0096964075866028,0.02168788557668643,0.10046787673313515,4.375546843420479,0.02,0.505,0.02,0.705,0.045,0.0,1.001917127378094,0.0,0.79,0.015,2.52435830339663,2.9198283533419316,synthetic,106.84699058532715
1d,16,hourtimed,500,200,499.255,0.022961216124153475,0.1841891881775107,0.006200000000000001,0.034441824186230215,0.035,0.01,0.035,0.0,0.0,0.03,0.9787899994823481,0.011967414962725416,0.055438358296294246,2.41443475800819,0.21,0.91,0.21,0.855,0.08,0.0,1.0807772655686028,0.0,0.995,0.21,2.6216245645181346,2.694644419907359,synthetic,106.84699058532715
1d,16,hourtimed,2000,200,2001.73,0.022961216124153475,0.1841891881775107,0.006200000000000001,0.034441824186230215,0.07,0.01,0.07,0.0,0.0,0.065,1.0386493865434092,0.005971363458900534,0.027661996177371313,1.2047269634064797,0.96,1.0,0.97,0.975,0.08,0.0,1.05012580447272,0.0,1.0,0.96,2.5049345035620036,3.137146734189168,synthetic,106.84699058532715
1d,64,iid,150,200,150.575,0.05468373663925996,0.3745465564753842,0.0206,0.08202560495888994,0.08,0.02,0.07,0.0,0.0,0.04,1.1947372092524673,0.04485441031601119,0.20778546394631936,3.799767110229637,0.055,0.555,0.055,0.73,0.06,0.0,1.2084321252309704,0.0,0.865,0.055,3.4946825011722047,3.6372229533069502,synthetic,106.84699058532715
1d,64,iid,500,200,499.57,0.05468373663925996,0.3745465564753842,0.0206,0.08202560495888994,0.06,0.02,0.07,0.0,0.0,0.05,1.116438781487375,0.02444208265699292,0.11322653556064405,2.0705705666674126,0.35,0.955,0.35,0.86,0.06,0.0,1.1757653894757054,0.0,1.0,0.35,3.1411125537472446,3.1856195641221503,synthetic,106.84699058532715
1d,64,iid,2000,200,1999.78,0.05468373663925996,0.3745465564753842,0.0206,0.08202560495888994,0.065,0.025,0.07,0.0,0.0,0.065,1.1249423208021128,0.012290089653204994,0.056933130154683854,1.0411345978469393,0.975,1.0,0.995,0.98,0.07,0.0,1.1786662260990826,0.0,1.0,0.975,3.2618328145564806,3.778649979564704,synthetic,106.84699058532715
1d,64,burst4,150,200,149.895,0.05468373663925996,0.3745465564753842,0.0206,0.08202560495888994,0.1,0.04,0.12,0.0,0.0,0.27,1.2449666783746076,0.08842467198573487,0.40962218349125173,7.490749693889155,0.03,0.315,0.035,0.66,0.085,0.0,1.2137022963281534,0.0,0.52,0.025,3.4888699621249386,3.452445270708022,synthetic,106.84699058532715
1d,64,burst4,500,200,483.615,0.05468373663925996,0.3745465564753842,0.0206,0.08202560495888994,0.05,0.01,0.04,0.0,0.0,0.165,1.155467942616629,0.04792804107706829,0.22202388084192515,4.06014465153656,0.025,0.445,0.025,0.665,0.05,0.005,1.1212197980544458,0.0,0.845,0.025,3.640094956979701,3.8871580624155087,synthetic,106.84699058532715
1d,64,burst4,2000,200,1752.48,0.05468373663925996,0.3745465564753842,0.0206,0.08202560495888994,0.115,0.025,0.105,0.0,0.0,0.21,1.1563423537808368,0.024856452172206167,0.11514607839616901,2.1056731941302704,0.345,0.92,0.345,0.865,0.09,0.0,1.1905601731371882,0.0,1.0,0.345,2.736149269353652,2.2785168849302098,synthetic,106.84699058532715
1d,64,voltimed,150,200,151.545,0.05468373663925996,0.3745465564753842,0.0206,0.08202560495888994,0.095,0.04,0.1,0.0,0.0,0.07,1.1411996605220824,0.04389785209803786,0.20335426327479245,3.7187338644447188,0.1,0.59,0.1,0.74,0.1,0.0,1.1498634644423384,0.0,0.925,0.095,3.0749319325442697,3.487957200994874,synthetic,106.84699058532715
1d,64,voltimed,500,200,500.255,0.05468373663925996,0.3745465564753842,0.0206,0.08202560495888994,0.055,0.005,0.06,0.0,0.0,0.045,1.1057518807510742,0.023557025592395572,0.109126559850548,1.9955944227154558,0.43,0.95,0.43,0.865,0.06,0.0,1.0928803347077067,0.0,1.0,0.43,2.4353915522884524,2.813480638256206,synthetic,106.84699058532715
1d,64,voltimed,2000,200,1997.625,0.05468373663925996,0.3745465564753842,0.0206,0.08202560495888994,0.095,0.015,0.08,0.0,0.0,0.055,1.1037354523501468,0.011954897718877656,0.05538037288745904,1.0127393680646712,1.0,1.0,1.0,1.0,0.05,0.0,1.0976892283520052,0.0,1.0,1.0,3.0118974914507897,2.470784083223385,synthetic,106.84699058532715
1d,64,hourtimed,150,200,149.225,0.05468373663925996,0.3745465564753842,0.0206,0.08202560495888994,0.075,0.015,0.085,0.0,0.0,0.06,1.1414422925262877,0.04489977172948964,0.20799559807311932,3.8036098272733936,0.05,0.57,0.05,0.725,0.075,0.0,1.1769185635666373,0.0,0.865,0.05,3.1589323676726426,3.2461745218923816,synthetic,106.84699058532715
1d,64,hourtimed,500,200,498.995,0.05468373663925996,0.3745465564753842,0.0206,0.08202560495888994,0.065,0.025,0.055,0.0,0.0,0.045,1.1528396281263518,0.02436028711027257,0.11284762241689097,2.0636413923453887,0.355,0.915,0.355,0.845,0.085,0.0,1.226279144623821,0.0,1.0,0.355,2.6194818861990825,2.9552803396974854,synthetic,106.84699058532715
1d,64,hourtimed,2000,200,2002.015,0.05468373663925996,0.3745465564753842,0.0206,0.08202560495888994,0.065,0.025,0.05,0.0,0.0,0.065,1.1395346902074106,0.01200054525250831,0.05559183244933104,1.0166063233034284,0.975,1.0,0.98,0.985,0.055,0.0,1.0768150822607065,0.0,1.0,0.975,3.1599116552346898,3.129735642501908,synthetic,106.84699058532715
