strategy,tf,H,n_is,IS,z_is,p_holm,n_oos,OOS,z_oos,n_fin,FINAL,z_fin
DOGE_L,1h,64,1717,1.25,2.64,1.0,709,1.5,0.8,664,-0.16,0.34
N01_ST_EMA,1d,64,146,1.86,1.46,1.0,59,-4.44,-2.34,67,-0.2,-0.86
N02_ST_KST,1d,64,140,1.27,1.49,1.0,63,-1.56,-1.45,65,0.24,-0.72
N03_ADX_GC,1h,16,180,1.17,1.48,1.0,68,-0.12,-0.2,72,0.75,0.7
N04_ST_KLINGER,1d,64,576,1.52,1.85,1.0,212,-2.33,-1.3,236,-0.27,-1.14
N13_3OUTSIDE,4h,64,234,2.44,3.16,0.42,106,1.13,1.15,115,-1.2,-1.3
N18_VWMA_MACD,1d,4,461,2.09,2.1,1.0,260,1.03,0.67,259,-0.21,-0.19
N23_HA_ST,1d,64,612,1.3,1.96,1.0,232,-1.33,-1.21,285,0.29,-1.25
N25_DST_CCI,1d,64,241,1.74,1.37,1.0,94,-1.22,-1.03,110,0.17,-0.49
S2_ST_ROC,1d,64,488,1.31,1.46,1.0,185,-1.29,-0.95,210,0.36,-0.7
