kind,strategy,tf,n_all,per_day,n,per_day_sized,netR,t,grossR,gross_t,net_is,net_cf,g_is,g_cf,gross_p
core,DOGE,5m,31524,16.71474019088017,31391,16.64422057264051,-0.2664353994076944,-22.617091911648302,0.013080537592837792,1.2320434736352586,-0.25331444864224756,-0.283065948604552,0.012220633978491406,0.014170448653292577,0.21793284497784704
core,N01_ST_EMA,5m,98623,52.29215270413574,98425,52.18716861081654,-0.3119505331611471,-30.521766459753405,0.017957758971228335,2.6887986172842564,-0.30167546277585044,-0.32598963796152214,0.020569933845600175,0.014388674240607906,0.007170966548093238
core,N02_ST_KST,5m,84747,44.93478260869565,84568,44.83987274655355,-0.3158547498907362,-32.329686516122536,0.006202985462221623,0.9870333674630877,-0.31289733172282125,-0.3197724468919958,0.000301359646051019,0.014020879466324692,0.3236262810581678
core,N03_ADX_GC,5m,3380,1.792152704135737,3368,1.7857900318133617,-0.32393350975758095,-14.073859394873848,-0.018253448496145724,-0.8676045431505067,-0.3609783183587011,-0.2712179475899437,-0.057743312023048964,0.037941479601850396,0.3856108584919633
core,N04_ST_KLINGER,5m,283507,150.32184517497348,282521,149.79904559915164,-0.29904092035911445,-34.38185662408624,0.012957882310105204,2.772746265412056,-0.2928693307066709,-0.3071887466324131,0.008146870334756294,0.019309453296096166,0.005558544313410074
core,N05_PSAR_POC,5m,23673,12.551961823966066,23599,12.512725344644752,-0.3151031649755557,-28.590693583962167,0.0057737815844779005,0.6835681591138919,-0.3073435324453613,-0.3259968448707517,0.0027822700136771877,0.009973538380726796,0.49424789667264557
core,N06_MACD_ORB,5m,11510,6.102863202545069,11493,6.093849416755037,-0.328700614018481,-17.604952422271747,0.0008852691924444023,0.055759404921621014,-0.3216469152864176,-0.3379060728330691,0.0017589237611092179,-0.0002548973294773699,0.9555334747820472
core,N07_ICHI_CMO,5m,38833,20.590137857900316,38750,20.546129374337223,-0.30785972373883724,-30.50480386010838,0.01997577241612448,2.5246273032678728,-0.3120633374093456,-0.30208538765545895,0.007968907891375552,0.036469122306935796,0.01158210475278132
core,N08_ICHI_WR,5m,5788,3.0689289501590666,5769,3.0588547189819724,-0.3502505848251002,-18.278885395795616,-0.01911374386621151,-1.0957355015642265,-0.3752190833597678,-0.31368842635571076,-0.05075429015344089,0.027218504178479777,0.2731945416329078
core,N09_ALLIG_AROON,5m,42742,22.662778366914104,42625,22.600742311770944,-0.31787271710431503,-31.648847832298806,0.0007843154702022197,0.11921227026230925,-0.3149096372006547,-0.3218098382984214,-0.004032003083127099,0.007183882971050251,0.9051071857108985
core,N10_HA_PSAR,5m,147998,78.47189819724284,147545,78.23170731707317,-0.31325398728757486,-37.16237170534618,0.0049702672530649245,1.162024504645397,-0.3043199485357837,-0.3242539051289005,0.005481699608559781,0.004340572884355014,0.24522551132444237
core,N11_BREAKAWAY,5m,2395,1.2698833510074232,2391,1.267762460233298,-0.2964234582233406,-11.075351972834302,0.023162621299731137,0.9230996656623287,-0.28568361912966594,-0.30694103243510973,0.031909676191545805,0.014596589894915949,0.35595526885731754
core,N12_ICHI_AO,5m,44530,23.610816542948037,44457,23.572110286320253,-0.3134935585859046,-31.661245781675706,0.009676204723444513,1.336478797700191,-0.3174960232228821,-0.3082298892664112,-0.004300099804973215,0.028056540845959814,0.18139282604397344
core,N13_3OUTSIDE,5m,40341,21.389713679745494,40208,21.319194061505833,-0.30611798899465725,-28.079140797174357,0.01575445971556557,2.312084366857752,-0.31730099369931264,-0.2926884668415326,0.0006959262216867645,0.033838053033328284,0.020773034491529785
core,N14_ICHI_RSI,5m,13,0.006892895015906681,12,0.006362672322375398,0.34569532548387844,0.9133953104031153,0.644315076371034,1.6033119621811396,0.36400115277085987,0.3200671672821045,0.5205436221190861,0.817595112323761,0.10886579680540143
core,N15_KC_AO,5m,241,0.12778366914103922,240,0.12725344644750794,-0.3143351080827415,-3.6666908835413428,-0.017705009811713048,-0.2316316346042961,-0.38042806990836797,-0.23218217422471982,-0.08400670931275402,0.06470738302602946,0.8168241347807133
core,N16_BBRSI,5m,35414,18.777306468716862,35211,18.66967126193001,-0.2919456444830879,-32.0959237998514,0.0003099026704401574,0.047414771468962516,-0.2985635884398225,-0.28341147031376873,-0.014851942329254067,0.019861870290827432,0.9621826563315885
core,N17_KC_RSI,5m,373524,198.050901378579,370839,196.6272534464475,-0.260883141023476,-39.83924365726569,-0.010704514282748493,-2.1453410785701275,-0.24184850039234215,-0.2834974392063179,-0.009956477860660827,-0.011593226553630435,0.03192558636861298
core,N18_VWMA_MACD,5m,308810,163.73806998939554,308111,163.36744432661717,-0.31875616423915065,-34.895116145653375,0.0006909963332916778,0.12951421350304368,-0.3193790680212492,-0.3179401453401413,-0.007560492504294368,0.011500644676973244,0.8969507789236577
core,N19_FIB_CHOP,5m,27555,14.610286320254508,27299,14.474549310710499,-0.30184337824080876,-22.38988008238295,-0.004229819928626491,-0.371903868833511,-0.2956306804277597,-0.31153320622226754,-0.009593150985346969,0.0041352666909223535,0.7099644245111294
core,N20_EMA9_CHOP,5m,149425,79.22852598091198,149228,79.12407211028632,-0.31523778482164005,-26.879947024682284,0.02874584959212473,3.243606259828044,-0.3141986136400029,-0.31661386201388303,0.022679032835027996,0.03677956753627136,0.0011802677731185263
core,N22_VORTEX_PSAR,5m,234403,124.28579003181336,233715,123.92099681866384,-0.3122016466921186,-40.246341738836385,0.005338414964364749,1.597914247405972,-0.3048207778222761,-0.32186221786095465,0.003986936653938674,0.00710731949731956,0.11006206283327558
core,N23_HA_ST,5m,377016,199.90243902439025,375781,199.2476139978791,-0.31209657401769136,-35.03912972842453,0.0007625287041163875,0.1606231365883047,-0.3064852649059042,-0.3192569825171633,-0.0032552569712946096,0.005889493932041045,0.8723902311441516
core,N24_DMI,5m,139634,74.0371155885472,139360,73.89183457051962,-0.3219481635996198,-31.919757975728295,0.004572852314549943,0.6944202433717525,-0.31381783143753017,-0.3322977878915491,0.0041751059718862765,0.005079169292502284,0.48741870221982486
core,N25_DST_CCI,5m,144000,76.35206786850478,143696,76.19088016967126,-0.31278642687580505,-32.28403113348611,0.01494445234206048,2.490352408908304,-0.30811049742501906,-0.31926905191078075,0.011545401883110835,0.019656835159690227,0.012761648711193008
core,OBV_B,5m,111050,58.88123011664899,110689,58.6898197242842,-0.3058030520864259,-36.24708865019504,0.00474066333736824,1.1060167695640857,-0.30693210615809574,-0.3043107350801919,-0.0056458924923769895,0.018468999552482365,0.26871926106487587
core,OBV_S,5m,34311,18.192470837751856,34217,18.142629904559914,-0.3199853589777336,-27.951671839319456,0.004482128494595395,0.5259835817577345,-0.31654706108471736,-0.3247352737103672,-0.00024833786832688105,0.011017138714364622,0.5988996144394716
core,S1_EMA_RSI_CHOP,5m,415,0.2200424178154825,412,0.21845174973488865,-0.2721729716468315,-4.5258068602649475,-0.04021870147197245,-0.6720115387975124,-0.3781382791923347,-0.1328702639746532,-0.16270956049004617,0.12080860757425929,0.5015763505265292
core,S2_ST_ROC,5m,277905,147.35153764581125,277133,146.9422057264051,-0.31363416773854835,-33.56134150851236,0.00519635764400387,0.9919434177878907,-0.31315259680911955,-0.3142716295048039,-0.0025197700588557716,0.015410297260233978,0.3212251277236289
core,S3_CMO_SANDWICH,5m,22453,11.9050901378579,22392,11.872746553552492,-0.2977665988162496,-25.94940478609719,0.020563065038116203,2.365574389169622,-0.29585058188582386,-0.30054821148246175,0.01661466349736564,0.02629522928084167,0.01800212632710685
core,S4_BB_BBP,5m,99834,52.93425238600212,99702,52.86426299045599,-0.364061768828355,-34.590053490783575,-0.020185234713440834,-3.128902483909676,-0.3602308475013387,-0.36910949456766246,-0.026578101517215215,-0.011761820198032681,0.0017546052826600267
core,S5_DONCHIAN_MFI,5m,5899,3.1277836691410394,5888,3.1219512195121952,-0.3570001462997464,-18.328274699790654,-0.03314337052109334,-1.8317305599747538,-0.35145256101769795,-0.3635191225768784,-0.04341917005342691,-0.021068262167804434,0.06699157329404049
core,S6_EMA_DMI_ADX,5m,23011,12.200954400848357,22912,12.148462354188759,-0.30102462962924986,-29.508774974426007,-0.025028926829189935,-3.376246953040314,-0.29676545132311033,-0.3060593840231359,-0.03462568319223768,-0.013684646831271017,0.000734819312908197
core,V39_ALL,5m,99897,52.96765641569459,99564,52.79109225874868,-0.2868392804753213,-33.40101674391744,0.009373194185158728,1.5710906908710076,-0.2814626922938287,-0.29419524291348315,0.004793544608601195,0.015638827543700363,0.11616158461839543
core,V45_AMB,5m,45673,24.216861081654294,45567,24.160657476139978,-0.3119732311105723,-23.897233794901744,0.01346223911172527,1.2922109630995453,-0.3174701675288933,-0.3044825650310382,-0.0016479326826049129,0.03405284498784222,0.19628409609183084
core,DOGE,15m,16575,8.788441145281018,16066,8.518557794273596,-0.14346952151008133,-13.317937352366371,0.008568245460438684,0.8198012428652547,-0.13727984371278923,-0.15115501651749058,0.007015360947677816,0.010496404980329709,0.4123294224245604
core,N01_ST_EMA,15m,32670,17.32237539766702,32224,17.085896076352068,-0.17336900893464272,-17.304365616888628,0.01117856744967993,1.3156025921497905,-0.17344900973219324,-0.1732600800363143,0.007668622591662547,0.015957700136899056,0.1883074630912569
core,N02_ST_KST,15m,28285,14.997348886532343,27790,14.734888653234359,-0.1594596461984064,-16.850700315583424,0.0190303884886315,2.361663352861697,-0.15980894292888237,-0.15900130867146273,0.01455099755633576,0.024908121610624685,0.018193154734192696
core,N03_ADX_GC,15m,1147,0.6081654294803818,1128,0.5980911983032874,-0.1262174024596911,-4.411237158874417,0.03997949826341628,1.4323312244837916,-0.10909268926994552,-0.14726793922653253,0.052915330734620486,0.024078138980631655,0.152049051040259
core,N04_ST_KLINGER,15m,96130,50.97030752916225,94042,49.86320254506893,-0.16699725061512408,-24.539392354514895,0.006721641503924605,1.2924683192151691,-0.1684258795227477,-0.16510060368355894,0.0009081433060025806,0.014439638430844375,0.196195010415257
core,N05_PSAR_POC,15m,8065,4.276246023329798,7946,4.213149522799576,-0.18835222030120857,-15.763710905104986,-0.0025660627757569717,-0.23793068863496813,-0.1807157665776475,-0.19919863629662898,0.002525815272319494,-0.009798297724943861,0.8119348528094161
core,N06_MACD_ORB,15m,7132,3.781548250265111,7041,3.7332979851537647,-0.17372675463138604,-11.153561996605587,0.009870053037436329,0.6852410672022731,-0.16420090978649213,-0.18547318176647884,0.016673680178121278,0.0014804233758495585,0.49319181319770355
core,N07_ICHI_CMO,15m,13308,7.056203605514316,13128,6.960763520678685,-0.1680356786125027,-15.440851227101168,0.01608977616225324,1.5766251313572324,-0.16442200374664367,-0.17314746330871786,0.015266353907656655,0.017254561992693252,0.11488180659358793
core,N08_ICHI_WR,15m,2043,1.0832449628844114,2019,1.0705196182396606,-0.2121528361946134,-9.546980945469572,-0.026809598049672468,-1.2219275772957876,-0.2050612877534291,-0.22163285754827988,-0.020869107117062007,-0.03475087933111354,0.22173501569266318
core,N09_ALLIG_AROON,15m,15392,8.16118769883351,15099,8.005832449628844,-0.16751590398346022,-19.220472306938323,0.008903058667011647,1.1371867045252284,-0.17127880238809262,-0.16257670359631063,0.0014025416675098718,0.018748277029047217,0.2554602438073843
core,N10_HA_PSAR,15m,46235,24.514846235418876,45286,24.01166489925769,-0.17438944201540127,-27.059593474807123,0.0016376843162361624,0.3401052679825224,-0.1725368310054092,-0.17661307929024547,-0.0002529478409893282,0.003906957312645574,0.733777254731995
core,N11_BREAKAWAY,15m,651,0.34517497348886533,630,0.3340402969247084,-0.18391713202554022,-5.24434893690832,-0.023199786711484194,-0.6578952247071133,-0.13386827364844817,-0.2339659904026323,0.023808473254007007,-0.07020804667697539,0.5106054593503648
core,N12_ICHI_AO,15m,15011,7.959172852598091,14776,7.834570519618239,-0.1650163936110954,-16.40984539016535,0.01515410324099344,1.667502185888861,-0.16911230474489505,-0.15952858615217558,0.008520802696788564,0.024041570525952658,0.09541459012837006
core,N13_3OUTSIDE,15m,11523,6.109756097560975,11262,5.9713679745493105,-0.17158948764094384,-16.544712224490176,0.0027925467763370727,0.29306088529011953,-0.1626020591621553,-0.18176820563595122,0.006871894441958507,-0.0018275210873406015,0.7694756138016787
core,N14_ICHI_RSI,15m,2,0.0010604453870625664,1,0.0005302226935312832,1.4076398611068726,,1.6437478065490723,,,1.4076398611068726,,1.6437478065490723,
core,N15_KC_AO,15m,92,0.04878048780487805,89,0.047189819724284196,-0.3008108834966264,-2.8777220699492174,-0.13620756537224468,-1.3161015052297413,-0.30363532065946075,-0.29601789922030136,-0.12301729652764541,-0.15859105189641318,0.18813997583940445
core,N16_BBRSI,15m,12340,6.542948038176034,11962,6.342523860021209,-0.17779522989888538,-18.46050753820265,-0.011677692910300566,-1.3022800687926932,-0.18756075037287448,-0.16506168336404214,-0.02607929561630392,0.0071009762575813115,0.19282066251093344
core,N17_KC_RSI,15m,133488,70.77836691410393,127931,67.83191940615059,-0.1602055505210653,-25.13768844970395,-0.021382800749782244,-3.35232605059543,-0.15779260577131746,-0.16314679515592198,-0.02712866164095312,-0.014378917830144134,0.0008013558177633051
core,N18_VWMA_MACD,15m,102379,54.28366914103923,100477,53.275185577942736,-0.1638782119316845,-20.907605875336927,0.01207699033763646,1.7930660346635368,-0.16372712955067922,-0.16407098767005918,0.007700848567636556,0.017660791409149692,0.0729623658518217
core,N19_FIB_CHOP,15m,9610,5.095440084835631,9177,4.865853658536586,-0.1539581189942288,-10.156514073180128,0.012120140991855913,0.8266130731775546,-0.17242330210248588,-0.12435096582320208,-0.008863687272901944,0.045765700524454896,0.40845640513737314
core,N20_EMA9_CHOP,15m,46757,24.791622481442207,46287,24.5424178154825,-0.1991443125043729,-17.24654300211456,-0.0038240510798049996,-0.37709136593672943,-0.20170059808823218,-0.19579626720898594,-0.00995033505775586,0.004199730136226749,0.7061057073838819
core,N22_VORTEX_PSAR,15m,78944,41.857900318133616,77469,41.07582184517497,-0.17548561471410068,-30.89029421762833,0.002151967709065481,0.5326244868528754,-0.17037587434607826,-0.182088001589416,0.002420438355809928,0.0018050719870116097,0.5942935480824241
core,N23_HA_ST,15m,123341,65.39819724284199,120649,63.97083775185578,-0.168446904088387,-24.547158302873555,0.005358398005376007,1.0031264775429223,-0.16946844539392464,-0.16715514652812988,-0.0003325070386978063,0.012554650937623781,0.315799841016954
core,N24_DMI,15m,44447,23.566808059384943,43768,23.2067868504772,-0.18360333871788298,-20.850567369752188,-0.001551873267092824,-0.2031450957644051,-0.18163350184762195,-0.18610620469767303,-0.004023440375085466,0.0015884889246977852,0.8390216251814988
core,N25_DST_CCI,15m,47279,25.068398727465535,46513,24.662248144220573,-0.18104606356242592,-21.563251760894968,0.002322385546905817,0.3383367080593467,-0.17657093824495115,-0.1869889314327242,0.003863168541368767,0.00027625966141605425,0.7351094640499389
core,OBV_B,15m,38210,20.25980911983033,37400,19.83032873806999,-0.18219371834391068,-25.784133893029807,-0.009232850827542532,-1.5968206721498197,-0.18395074241123982,-0.17994826341756762,-0.015518992631488213,-0.0011992397098431612,0.11030568657256024
core,OBV_S,15m,12635,6.699363732767763,12432,6.591728525980912,-0.17980467429983107,-15.223256141940592,0.00409854982155577,0.371593773088625,-0.186037024591497,-0.171176921249343,-0.005399144251947517,0.017246680972792198,0.7101953259978677
core,S1_EMA_RSI_CHOP,15m,180,0.09544008483563096,170,0.09013785790031813,-0.11914842765340034,-1.6805790679352635,0.009442841557457166,0.13493587110423205,-0.1187882140655531,-0.11954421789189916,0.0021476093470380545,0.017458590529399153,0.8926625778610497
core,S2_ST_ROC,15m,94460,50.084835630965,92716,49.16012725344645,-0.1680202701585494,-22.830337883926685,0.009905890004178672,1.7280080518604408,-0.15857474065035554,-0.1802533730706269,0.015111909731054843,0.0031634649208696513,0.083986780816804
core,S3_CMO_SANDWICH,15m,8153,4.322905620360552,8037,4.261399787910922,-0.20213446859208772,-17.723745327003375,-0.01911849609471121,-1.8140712567612718,-0.19649691214411044,-0.20931780664676847,-0.01695087746522726,-0.021880461767763343,0.06966675607851025
core,S4_BB_BBP,15m,34365,18.221102863202546,33995,18.02492046659597,-0.20228292255544936,-21.925804079341997,-0.0133548740160217,-1.703442480455649,-0.20820583840005133,-0.194524413915629,-0.02474331960847691,0.001563006946902234,0.08848529360427371
core,S5_DONCHIAN_MFI,15m,1764,0.9353128313891834,1732,0.9183457051961824,-0.15462096990728036,-5.849327339380972,0.007449302076540595,0.28509046953385914,-0.1849487898597635,-0.11734546404547673,-0.024561987409650966,0.04679393715931143,0.7755748314252919
core,S6_EMA_DMI_ADX,15m,9054,4.800636267232237,8765,4.6474019088016965,-0.16592051208365696,-15.75231669618089,-0.013880391174215979,-1.4062308798684777,-0.17119686469879278,-0.15965525484811513,-0.024768014270922865,-0.0009521878564891588,0.1596555773453221
core,V39_ALL,15m,36389,19.29427359490986,35683,18.919936373276776,-0.1603418195464468,-16.86914090039264,0.010599751110148782,1.2020168376892295,-0.15579393283984425,-0.16650563193896628,0.010457325794494392,0.010792782067662418,0.22935700455386288
core,V45_AMB,15m,12733,6.751325556733828,12473,6.613467656415694,-0.1995082953535195,-14.95075311531798,-0.02085145142934295,-1.6341440332906405,-0.1943848125804816,-0.2063543200965149,-0.01878967486714024,-0.02360640816183108,0.10222861084203938
core,DOGE,30m,10532,5.584305408271474,9612,5.096500530222693,-0.09991976337714906,-9.078831433909572,0.007877071976943765,0.7149222819367613,-0.09060791010244133,-0.11116971430103785,0.012199615450778507,0.00265486749063618,0.47465706779591743
core,N01_ST_EMA,30m,15446,8.189819724284199,14649,7.767232237539766,-0.12698739031808223,-10.553427934681347,0.005430800222008326,0.473358861179633,-0.14538971901244802,-0.10264063670293894,-0.01431577236930466,0.03155602304619549,0.6359571747140356
core,N02_ST_KST,30m,13961,7.402439024390244,13113,6.952810180275716,-0.12794386572202754,-13.13044532469827,-0.0020550256671498252,-0.2221662511340874,-0.1418139726937024,-0.11013330508882999,-0.017974787308808658,0.018387490065703147,0.8241844653036519
core,N03_ADX_GC,30m,528,0.2799575821845175,484,0.256627783669141,-0.051307617771835644,-1.3720455832931044,0.06202784832951821,1.653475652593931,-0.033833400396842454,-0.07372736836616653,0.07740077160997316,0.04230409770553826,0.09823409727238674
core,N04_ST_KLINGER,30m,48379,25.651643690349946,44904,23.809119830328736,-0.12149259095232132,-18.662164757967822,0.0015771442670756627,0.25619550419467585,-0.12525755246748002,-0.11651824867442308,-0.004582461874236155,0.009715338806532305,0.7977998799489721
core,N05_PSAR_POC,30m,3917,2.076882290562036,3695,1.9591728525980912,-0.13533851592440765,-9.167215940020588,-0.0030921349281140165,-0.21854142902693013,-0.135472187294563,-0.13515878899968736,-0.002736996260698869,-0.003569634189695678,0.8270072826134454
core,N06_MACD_ORB,30m,5011,2.6569459172852596,4737,2.5116648992576884,-0.12666355318952052,-8.258597172547429,0.00569621465547704,0.3898618884078109,-0.12210395136246334,-0.13242350886593676,0.008019253264586216,0.002761616431642991,0.6966386770364874
core,N07_ICHI_CMO,30m,6639,3.5201484623541885,6306,3.3435843054082715,-0.10586813923643087,-8.554896017060916,0.02554936092230233,2.1944592048869844,-0.10981604484821084,-0.1000030796184574,0.01947710433795467,0.03457038381012508,0.028202413649686786
core,N08_ICHI_WR,30m,947,0.5021208907741251,888,0.4708377518557794,-0.13184509215427972,-4.606965787199611,0.008929307492311439,0.3252870544847868,-0.12621077372155295,-0.13913913229587174,0.016651515623074983,-0.0010676596227080324,0.7449638276104398
core,N09_ALLIG_AROON,30m,7841,4.157476139978791,7340,3.8918345705196185,-0.11538704120047161,-10.33641452799127,0.010573461423174425,0.9790937675736829,-0.11560952883109062,-0.11509420563489513,0.008085676808023187,0.013847853859209709,0.3275336508200739
core,N10_HA_PSAR,30m,21268,11.27677624602333,19750,10.471898197242842,-0.11223534249193094,-15.495132279046473,0.012419605392634816,1.7864608928698247,-0.10873063036288601,-0.11626497939397748,0.01319710503543899,0.011525654295765273,0.07402466379195438
core,N11_BREAKAWAY,30m,307,0.1627783669141039,276,0.14634146341463414,-0.1393600451244139,-3.1438699906818086,-0.026981060085666326,-0.6046458880513128,-0.1142381021005272,-0.16598180564226403,-0.00461853522164616,-0.050678661060971276,0.5454143096532862
core,N12_ICHI_AO,30m,7374,3.9098621420996817,6983,3.7025450689289503,-0.10678967356326609,-8.711719647931739,0.02259153693472425,1.9790761566442086,-0.10859215026219746,-0.10443263446952142,0.018355261898614392,0.02813117352358305,0.047807432514938686
core,N13_3OUTSIDE,30m,5357,2.8404029692470836,4962,2.630965005302227,-0.1381632728604657,-10.445895057031015,-0.015393529211838026,-1.1956107767703545,-0.14284947259125488,-0.1332724861562566,-0.02347456386802393,-0.006959698149739554,0.2318484839858721
core,N14_ICHI_RSI,30m,2,0.0010604453870625664,2,0.0010604453870625664,-0.4019324481487274,,-0.31604383885860443,,-0.4019324481487274,,-0.31604383885860443,,
core,N15_KC_AO,30m,69,0.036585365853658534,59,0.03128313891834571,0.02522985740975177,0.18365156474751484,0.13807473858518493,1.0023608766985563,-0.09127548792295986,0.20758605010443085,0.028486905716514837,0.3096035204665816,0.31616933045277396
core,N16_BBRSI,30m,6499,3.4459172852598092,5909,3.133085896076352,-0.11543499154924766,-9.10054707817695,0.004987187544032665,0.40842660991606006,-0.12061081179087642,-0.10861711696429434,-0.0012227338161774897,0.013167236896560472,0.6829605006849284
core,N17_KC_RSI,30m,73144,38.78260869565217,65077,34.505302226935314,-0.13012945768504566,-15.185762517540388,-0.025403255145528825,-2.9692031736952487,-0.1358579906894841,-0.12342234647273045,-0.03619070169249662,-0.012773040109434933,0.0029857311237946327
core,N18_VWMA_MACD,30m,49693,26.348356309650054,46461,24.634676564156948,-0.11289578128730868,-13.803007752651014,0.012277382388283811,1.6006550645255146,-0.12822509606373475,-0.09367669471386661,-0.005483491237256637,0.03454502923406205,0.10945333893052367
core,N19_FIB_CHOP,30m,4520,2.3966065747613996,4028,2.1357370095440085,-0.1064362065710514,-5.9637706144044556,0.012466258290398342,0.7054886231320134,-0.1305600790831286,-0.06979024889010364,-0.01391663349392878,0.05254383436552691,0.48050620950948675
core,N20_EMA9_CHOP,30m,21800,11.558854718981973,20909,11.086426299045598,-0.15021092328834562,-11.68247011606293,-0.01063634250190707,-0.8845163265964973,-0.1554198754119177,-0.14345262126932143,-0.016698831307466452,-0.002770627985255584,0.3764175529757332
core,N22_VORTEX_PSAR,30m,39193,20.78101802757158,36666,19.441145281018027,-0.12099813351751212,-20.455803224893323,0.005924546653076725,1.1133920683741443,-0.12470625696871201,-0.116194797443127,-9.201338455431515e-05,0.01371812749060405,0.26554007998621953
core,N23_HA_ST,30m,59743,31.67709437963945,55566,29.462354188759278,-0.12255623216055284,-17.614513357130367,0.0018726150244141482,0.2882490588728601,-0.12758197034657065,-0.11644630689476962,-0.005804238483494503,0.01120557258678431,0.7731560980483589
core,N24_DMI,30m,21430,11.362672322375397,20189,10.704665959703075,-0.12471603390831747,-13.857056743761074,0.004512327600649406,0.5404685491426046,-0.13003595238422974,-0.11814579029962963,-0.0020404112044773684,0.01260513775342194,0.5888739449603206
core,N25_DST_CCI,30m,23600,12.513255567338282,22242,11.7932131495228,-0.1405237305288662,-15.232360849960207,-0.011974260176001407,-1.395968973184356,-0.14161485574632734,-0.13913541080489178,-0.014851299560070516,-0.008313589100276369,0.16272383858646045
core,OBV_B,30m,19852,10.525980911983034,18507,9.812831389183456,-0.14438551039564518,-17.556938770522617,-0.019821714279197072,-2.594023014530343,-0.14155840650091017,-0.14801941067229332,-0.019875250781535726,-0.019752899577685213,0.009486013680947591
core,OBV_S,30m,6370,3.3775185577942737,6002,3.1823966065747613,-0.14662038395706933,-11.136447464078923,-0.014960752516264646,-1.1581952254082026,-0.1358207228331929,-0.16144110467726652,-0.006614253482451954,-0.026414920360295344,0.2467843763456461
core,S1_EMA_RSI_CHOP,30m,107,0.056733828207847295,89,0.047189819724284196,-0.27717262543110033,-2.836655993229121,-0.17430942187483392,-1.7655988282475288,-0.21170218773566338,-0.3573739116080105,-0.10911996366114032,-0.2541665081866086,0.07746317675481107
core,S2_ST_ROC,30m,47670,25.275715800636267,44727,23.715270413573702,-0.12901749612131186,-16.694683731249366,-0.00211526646910206,-0.29286743289915484,-0.13408344208829967,-0.12248750732548169,-0.009789716493171612,0.007777076046570395,0.7696234827041855
core,S3_CMO_SANDWICH,30m,3889,2.0620360551431602,3666,1.943796394485684,-0.15547257578904106,-9.701736771583558,-0.02103875170993292,-1.384161394056077,-0.14832471673678393,-0.16544036094682615,-0.013905373401503652,-0.030986343276553748,0.16630904152439552
core,S4_BB_BBP,30m,17204,9.121951219512194,16492,8.744432661717921,-0.12844056763176848,-13.46183362854683,0.003663526156427588,0.4099418984957405,-0.13321458917680948,-0.12243660651824463,-0.004495225573849716,0.013924231446784549,0.6818485691849223
core,S5_DONCHIAN_MFI,30m,941,0.49893955461293743,881,0.46712619300106045,-0.13076876107824878,-4.252584327414968,-0.014893659582904938,-0.48744860223080866,-0.16753311649930772,-0.08795228818001304,-0.051634175583075745,0.027895049468891042,0.6259404580922485
core,S6_EMA_DMI_ADX,30m,5143,2.7269353128313893,4636,2.4581124072110287,-0.10906734044158943,-8.676241362374023,0.001162867982569693,0.09196000738806698,-0.11545827382079056,-0.10142304542383346,-0.008206974424071388,0.012370282514435506,0.9267298143833473
core,V39_ALL,30m,18123,9.609225874867445,16982,9.00424178154825,-0.11306115910637576,-10.902863249829753,0.011646036291177055,1.1871676636605601,-0.12447022833888009,-0.09778673932822199,-0.00271923164179599,0.03087820397833185,0.2351614930145547
core,V45_AMB,30m,6638,3.5196182396606575,6251,3.314422057264051,-0.13335307817889705,-7.958385401818005,-0.009887995452132451,-0.5948190000206296,-0.09201851578152175,-0.18328744886029005,0.026637576045386753,-0.054012846925645584,0.5519644657045097
core,DOGE,1h,5666,3.00424178154825,4231,2.243372216330859,-0.05441486864290534,-3.884540946745034,0.0290115557304088,2.0818607310275894,-0.05351649844793439,-0.05533516079000238,0.026695206574421412,0.031384428239006404,0.03735519256154318
core,N01_ST_EMA,1h,7740,4.103923647932132,6389,3.387592788971368,-0.09237672070004929,-6.765454293243953,0.006003271027404443,0.45026671497440657,-0.11187320010624743,-0.06857705588441916,-0.012625358170874264,0.028743537188111717,0.6525181362395696
core,N02_ST_KST,1h,6976,3.6988335100742313,5591,2.964475079533404,-0.08968456636248584,-6.735205774613166,0.005547849420708607,0.4212303588772683,-0.08502043337896496,-0.09515930099594211,0.009855628686806828,0.0004914008964665674,0.6735868777695238
core,N03_ADX_GC,1h,278,0.1474019088016967,245,0.12990455991516436,-0.006355807331523725,-0.12036543399900779,0.08360776583264981,1.5917182547219457,0.029611217411689636,-0.04506607972464319,0.11789841277847492,0.04670173056044821,0.11144802474641846
core,N04_ST_KLINGER,1h,24692,13.092258748674443,19280,10.22269353128314,-0.08490880694506213,-10.015343680996443,0.006599450475380261,0.8026820630873908,-0.09702165942440727,-0.06995446009643158,-0.006499763311826723,0.022771544270156433,0.4221585229025826
core,N05_PSAR_POC,1h,1969,1.0440084835630965,1621,0.8594909862142099,-0.06508330120927522,-3.400569151650644,0.03193696932956223,1.691447266777008,-0.09594965954649172,-0.029502957203028295,0.0014380104560834197,0.06709380372820711,0.09075141126747233
core,N06_MACD_ORB,1h,3569,1.8923647932131495,2899,1.5371155885471899,-0.09369308699074581,-5.827864192491631,0.004115297169292557,0.2545415394893795,-0.08541546944101558,-0.10303427507733565,0.012781893635876404,-0.005664848769869978,0.7990772167129285
core,N07_ICHI_CMO,1h,3191,1.6919406150583245,2590,1.3732767762460234,-0.08766687850669677,-4.5676935166640895,0.013896503100051675,0.7205932037686805,-0.06119218330367969,-0.1231898872601121,0.04176057167872526,-0.023490728157409088,0.47115983651060445
core,N08_ICHI_WR,1h,469,0.2486744432661718,388,0.20572640509013787,-0.07817010375066209,-1.9896919789493306,0.022614469165438498,0.5815197767540616,-0.08239770493431327,-0.07402878014218746,0.019460302659960387,0.025704264925906852,0.560890193276794
core,N09_ALLIG_AROON,1h,3801,2.0153764581124074,3055,1.61983032873807,-0.08402608201050987,-5.501072977882585,0.015499948401997893,1.029590171262758,-0.09063061975326361,-0.07550553519245952,0.009669587032204923,0.02302172645103365,0.3032024310730581
core,N10_HA_PSAR,1h,10367,5.496818663838813,8185,4.339872746553553,-0.08722039653675837,-8.74398457049925,0.00587935822950585,0.5908479574495449,-0.07888664220689764,-0.09571243875102937,0.013957483319038557,-0.0023521994283282922,0.5546222986990257
core,N11_BREAKAWAY,1h,162,0.08589607635206786,112,0.05938494167550371,-0.04075184362591244,-0.6885191780993467,0.04331905807235411,0.7305889837803013,-0.03140235559216568,-0.04802366765215993,0.044810312781102805,0.04215919329888291,0.4650302428334565
core,N12_ICHI_AO,1h,3712,1.968186638388123,3026,1.6044538706256628,-0.08145119932370935,-4.947637199736961,0.015173595125092315,0.9234331904251615,-0.0817471684323491,-0.08107830919206241,0.01460082209399235,0.01589522925762827,0.355781501858937
core,N13_3OUTSIDE,1h,2314,1.2269353128313891,1828,0.9692470837751855,-0.0636178204972596,-3.098168828987141,0.03053220933956895,1.5288354669582727,-0.0711641571943839,-0.056566587371798475,0.021143105591933158,0.03930530839688366,0.1263052375249325
core,N14_ICHI_RSI,1h,4,0.0021208907741251328,0,0.0,,,,,,,,,
core,N15_KC_AO,1h,36,0.019088016967126194,28,0.014846235418875928,-0.06198295831148114,-0.5409111734935534,0.042768970264920166,0.37395011847655824,-0.05930091254413128,-0.06681064069271088,0.05888751563098696,0.013755588605999947,0.7084414278202937
core,N16_BBRSI,1h,3387,1.795864262990456,2537,1.3451749734888654,-0.11508323842037181,-6.736332382386759,-0.024066522660558802,-1.4266323558925496,-0.10672795614669521,-0.12489192455142319,-0.01622331828409194,-0.033274054790601304,0.15368589279758393
core,N17_KC_RSI,1h,39771,21.087486744432663,28407,15.06203605514316,-0.12652733492347787,-11.324743268021104,-0.043645620908616865,-3.8991094504844446,-0.12779680663072035,-0.12515819663674674,-0.04695787359009468,-0.04007332234090025,9.654712821038913e-05
core,N18_VWMA_MACD,1h,24136,12.79745493107105,19057,10.104453870625663,-0.09855853306827017,-8.463463110573612,-0.003481935882932849,-0.29969553536726135,-0.09080759737551741,-0.10752249852939195,0.004392595919486547,-0.012588840377753064,0.7644094044274077
core,N19_FIB_CHOP,1h,2208,1.170731707317073,1647,0.8732767762460233,-0.08701261663564147,-3.3625541827804044,0.005816170890542294,0.22333419085346337,-0.11673152529630505,-0.04312695001192475,-0.024510052898864817,0.05059865474196753,0.8232754187429179
core,N20_EMA9_CHOP,1h,10401,5.514846235418876,8849,4.691940615058325,-0.09652168527144321,-6.731670787294146,0.007256559367673515,0.512974554995651,-0.10272352267053907,-0.08885791904633511,0.002286199942897918,0.013398557332953313,0.6079691198318931
core,N22_VORTEX_PSAR,1h,19282,10.223753976670201,15411,8.171261930010605,-0.08549431729946778,-11.190467507133308,0.010229900051110246,1.352720180339542,-0.07515725503592853,-0.09771204288010286,0.020459952182725664,-0.0018613466138657567,0.17614504093637584
core,N23_HA_ST,1h,29204,15.484623541887593,23114,12.255567338282079,-0.08509647601021963,-10.126969933067294,0.008804110605184753,1.0894287901482256,-0.09319359407371078,-0.07594729966534972,6.441708880862794e-05,0.01867935221021646,0.2759648412135163
core,N24_DMI,1h,10749,5.699363732767763,8704,4.615058324496289,-0.07806860554643581,-7.223622297473305,0.018198268456411128,1.728623819581836,-0.09324352845257061,-0.060525537623985715,0.0037419166140070133,0.03491062764603214,0.08387644368551439
core,N25_DST_CCI,1h,11654,6.179215270413573,9544,5.0604453870625665,-0.08855521464877689,-7.236636209559194,0.007630079729805138,0.6354718820352389,-0.08752065882065134,-0.08979311010342009,0.008070658313809634,0.007102906413754648,0.5251206996010869
core,OBV_B,1h,9959,5.280487804878049,7981,4.2317073170731705,-0.10675757270206511,-9.473756272467329,-0.013112166790695306,-1.1990224559520917,-0.10489925382013761,-0.1088743926560163,-0.011439707288491157,-0.015017273433516973,0.23051921398971897
core,OBV_S,1h,3351,1.7767762460233298,2700,1.4316012725344645,-0.09396871662394712,-5.42910255809396,0.004320273118986127,0.24731223192455135,-0.09321410302848095,-0.0949248139501927,0.005960979105741455,0.0022414945010064556,0.8046665930590176
core,S1_EMA_RSI_CHOP,1h,65,0.0344644750795334,43,0.022799575821845174,0.05281093027875867,0.5641032888765125,0.13805505992888017,1.4962301639549793,0.01833835043013096,0.10068951340185271,0.10574682362377644,0.18292761035263538,0.13459368661850135
core,S2_ST_ROC,1h,23261,12.333510074231176,18896,10.019088016967126,-0.09129651384547995,-9.410607379310138,0.005013338986559879,0.5356977255332257,-0.10913103152542968,-0.06940907889927102,-0.01294091096913349,0.02704771552341506,0.5921674758125473
core,S3_CMO_SANDWICH,1h,1912,1.0137857900318135,1551,0.8223753976670202,-0.1220426253691393,-6.151983095132718,-0.021643459861155366,-1.1199972251734502,-0.16910471192828616,-0.06362306994383998,-0.06706366061267678,0.034737974308724544,0.2627149445471497
core,S4_BB_BBP,1h,8447,4.478791092258748,7193,3.8138918345705197,-0.07927105165084324,-6.260890704892782,0.019318346609494587,1.554804146943517,-0.07277303587650227,-0.08703615075744049,0.023949336857040773,0.01378433446137409,0.11999272120062487
core,S5_DONCHIAN_MFI,1h,456,0.2417815482502651,360,0.19088016967126192,-0.1112640819965034,-2.8432585701525586,-0.02197684284959299,-0.564105782154846,-0.10017443022557668,-0.12451756825931824,-0.012616358621388065,-0.033163763024764724,0.5726821431911389
core,S6_EMA_DMI_ADX,1h,2653,1.406680805938494,1898,1.0063626723223753,-0.07892942677566156,-4.223365418604148,0.007389318578155491,0.3984765432582789,-0.08294657942703716,-0.07420282285328615,0.0033030531623425255,0.01219724095960515,0.6902789455608838
core,V39_ALL,1h,8748,4.638388123011665,6981,3.7014846235418877,-0.1027133755669341,-7.440289380098434,-0.00852779147958713,-0.6272163899629625,-0.11896311749871295,-0.08288186799942918,-0.025807737740406015,0.012560997897881716,0.5305174010012434
core,V45_AMB,1h,3385,1.7948038176033934,2739,1.4522799575821845,-0.09206609969663948,-4.557806362645812,-0.0003872717981977853,-0.01937488930974114,-0.08856426944255384,-0.09639407602699511,0.0006372668036681697,-0.0016535178742998716,0.9845420420762405
core,DOGE,4h,1,0.0005302226935312832,0,0.0,,,,,,,,,
core,N01_ST_EMA,4h,1843,0.9772004241781548,409,0.2168610816542948,-0.03392461242329575,-0.822721906280833,0.03989934140086529,0.9668162830790671,-0.037107884803953675,-0.030848469401602276,0.03883696824430363,0.04092596161465805,0.33363588295236246
core,N02_ST_KST,4h,1685,0.8934252386002121,358,0.18981972428419935,0.009672324787096937,0.28047363003188136,0.08127719089492906,2.367016062083614,-0.011857140726513333,0.031443694407601704,0.06145092102492021,0.10132622784212901,0.017932154550994728
core,N03_ADX_GC,4h,58,0.030752916224814422,9,0.004772004241781549,0.20155816359652412,1.13338224197796,0.2726611445347468,1.5445685083416896,0.5433716277281443,0.030651431530714035,0.6075010697046915,0.10524118194977443,0.12245066837475282
core,N04_ST_KLINGER,4h,6550,3.4729586426299046,1206,0.6394485683987274,-0.07831535317151611,-3.198948834595562,-0.006935212380641988,-0.28370056487771145,-0.06973245212485116,-0.08661822482024746,0.0027389414365046843,-0.01629373312055712,0.7766398618008012
core,N05_PSAR_POC,4h,462,0.2449628844114528,94,0.04984093319194061,-0.056560935141726776,-0.8614640752802923,0.016613732508205352,0.25024078015526297,-0.05304133792274764,-0.06039338544683738,0.02140266319014588,0.011399119098981222,0.8024011502217203
core,N06_MACD_ORB,4h,1024,0.542948038176034,226,0.11983032873807,-0.03332602210853875,-0.6229001313402376,0.039310784567460684,0.7382452115387961,0.0034164041118777315,-0.07139249972428556,0.08012485663285074,-0.002974064869655145,0.4603654534344883
core,N07_ICHI_CMO,4h,814,0.43160127253446445,189,0.10021208907741251,-0.0140117196472135,-0.23709222341179573,0.060077459637627555,1.0204554805797492,-0.0325581228826195,0.010716817999994497,0.041673841420561075,0.08461561726038287,0.30751249292712224
core,N08_ICHI_WR,4h,85,0.045068928950159064,21,0.011134676564156946,-0.16970875522210485,-1.0759918550453424,-0.09724785387516022,-0.6227364132490456,-0.2726673719007522,0.15975881814956666,-0.20113355480134487,0.23518638908863068,0.5334577498639066
core,N09_ALLIG_AROON,4h,911,0.48303287380699894,196,0.10392364793213149,0.00852262221599872,0.17519194664675913,0.08006769666039594,1.645959580120141,0.02081819243346141,-0.006259692539827207,0.09633236834083066,0.0605135408198733,0.09977208104001711
core,N10_HA_PSAR,4h,2347,1.2444326617179216,415,0.2200424178154825,-0.04192355078075597,-1.033570015646062,0.033031895984502804,0.8228624447565864,-0.03801869579296364,-0.046286628547728026,0.03923056842589147,0.026105828307645053,0.4105862213252782
core,N11_BREAKAWAY,4h,36,0.019088016967126194,5,0.002651113467656416,-0.06987824141979218,-0.24876568053565412,0.0013784855604171754,0.004949207910196625,0.2527986392378807,-0.2849961618582408,0.31879542768001556,-0.21023280918598175,0.9960511195413373
core,N12_ICHI_AO,4h,868,0.4602332979851538,199,0.10551431601272535,-0.04906006827927078,-0.9382133722086573,0.021266548535154767,0.40624981634545304,-0.007083960112497629,-0.09788010712540911,0.06376991811138795,-0.0281667182545947,0.684559054296493
core,N13_3OUTSIDE,4h,533,0.2826086956521739,73,0.03870625662778367,-0.11187980400576983,-1.3313346848410712,-0.04251843348961987,-0.5071021477433255,-0.16210838818344578,-0.07877460079775615,-0.09561624133895183,-0.0075221510434692555,0.6120831481238269
core,N14_ICHI_RSI,4h,3,0.0015906680805938495,2,0.0010604453870625664,0.1494046300649643,,0.20284485816955566,,0.1494046300649643,,0.20284485816955566,,
core,N15_KC_AO,4h,5,0.002651113467656416,1,0.0005302226935312832,0.06390752643346786,,0.12185061722993851,,0.06390752643346786,,0.12185061722993851,,
core,N16_BBRSI,4h,868,0.4602332979851538,157,0.08324496288441145,-0.07118460545790897,-1.2526741020004304,0.0007009613283192087,0.012385333239575282,-0.09865005771589881,-0.030204406850749536,-0.02585392000718399,0.04032253030510176,0.9901181864676247
core,N17_KC_RSI,4h,10853,5.754506892895016,1504,0.7974549310710498,-0.15162082523432005,-4.425484615598324,-0.08377030595766748,-2.464019305215919,-0.16050747741806146,-0.14149535098229038,-0.09320287895999319,-0.07302280812713703,0.013738871130788421
core,N18_VWMA_MACD,4h,6063,3.21474019088017,1259,0.6675503711558854,-0.05839301926333222,-1.7236293926987454,0.013541448441377713,0.40110605267409766,-0.03995851769761678,-0.07813127669635976,0.03366840007008925,-0.008008955358443353,0.6883420447815602
core,N19_FIB_CHOP,4h,517,0.2741251325556734,97,0.05143160127253447,-0.15907949504932178,-1.9747941628652215,-0.09012918942367908,-1.1222778479022504,-0.1699418188072741,-0.1442431504043137,-0.09908342501148582,-0.07789901398667474,0.26174432184505925
core,N20_EMA9_CHOP,4h,2426,1.2863202545068928,624,0.33085896076352067,-0.07027039627931887,-1.6477349538968211,0.0034007161433318965,0.0795468949410018,-0.007060699040514671,-0.1318798480184065,0.0689907299654026,-0.06052879099969905,0.9365976329895358
core,N22_VORTEX_PSAR,4h,4750,2.518557794273595,956,0.5068928950159067,-0.009456461388155014,-0.37096208554368226,0.06398481085592546,2.492205830573269,-0.0022026465413355722,-0.017612973193689766,0.07326225166783297,0.05355284407631391,0.012695244377239678
core,N23_HA_ST,4h,7167,3.800106044538706,1416,0.750795334040297,0.026545066146683515,1.063143702983714,0.0992131085787988,3.949138943301536,0.010517550979685545,0.04212613242323585,0.0847416335288542,0.11328147847414884,7.843281786534817e-05
core,N24_DMI,4h,2620,1.389183457051962,558,0.295864262990456,-0.059486272061572455,-1.6203485292716653,0.011209827603264895,0.30586010054239915,0.026932844410751115,-0.13434430271820055,0.09788298718523393,-0.06386826046272165,0.7597111661281375
core,N25_DST_CCI,4h,2613,1.385471898197243,576,0.3054082714740191,-0.024773002993646917,-0.7562198971692521,0.04881550307416344,1.4979134551665314,-0.059850770794095225,0.011043244128916085,0.015894072660792274,0.08243001623307927,0.13415573738305442
core,OBV_B,4h,2325,1.2327677624602333,446,0.23647932131495228,-0.09957482839956454,-2.8935899182363087,-0.02731914439154037,-0.7961040650772241,-0.09239742159080899,-0.10714914249728352,-0.021043725008262914,-0.03394159157481474,0.4259715515974043
core,OBV_S,4h,737,0.39077412513255566,185,0.09809119830328739,-0.09363731534560085,-1.7212403852106473,-0.017300082962154538,-0.31469970327673746,-0.045792316935452014,-0.14524540351834567,0.03576052765614198,-0.07453400003357549,0.7529896695665981
core,S1_EMA_RSI_CHOP,4h,14,0.007423117709437964,4,0.0021208907741251328,-0.2849041633307934,-0.4888689610225528,-0.22960751503705978,-0.39475959750578304,-0.4597596526145935,0.239662304520607,-0.4048675497372945,0.2961725890636444,0.693020314784291
core,S2_ST_ROC,4h,5725,3.035524920466596,1285,0.6813361611876988,-0.02684770252320966,-0.954650239568093,0.048036368668227955,1.7161027616886484,-0.010705782719660214,-0.044161213280242535,0.06633107090277836,0.028413825142460183,0.08614323587395178
core,S3_CMO_SANDWICH,4h,439,0.23276776246023329,82,0.043478260869565216,-0.19625585402998075,-2.6279303267196115,-0.12423624742276422,-1.683101771877992,-0.1321926595058379,-0.26688963260788184,-0.06436272933645996,-0.19025063915894583,0.09235539154792316
core,S4_BB_BBP,4h,2206,1.1696712619300107,571,0.30275715800636266,-0.0200274371670073,-0.5393883604751507,0.05196958751582431,1.4098729632561136,0.016520988989213947,-0.05327550377066007,0.09054011908387218,0.016882013647901175,0.1585771972960628
core,S5_DONCHIAN_MFI,4h,90,0.04772004241781548,20,0.010604453870625663,0.0041317237017210575,0.02448519161321663,0.07242335621267557,0.432552328220914,0.2878609419696861,-0.2280103639720685,0.35028332554631764,-0.15491661869666792,0.6653400286877067
core,S6_EMA_DMI_ADX,4h,690,0.36585365853658536,94,0.04984093319194061,-0.002750757938013115,-0.05149359179480904,0.06606314133139367,1.216994248408151,-0.011229932518853318,0.004097806146511665,0.05783067328766698,0.07271244244363445,0.2236064042011674
core,V39_ALL,4h,2264,1.200424178154825,429,0.22746553552492046,-0.0249822439326273,-0.565133332711973,0.04676592598684427,1.0677087965338947,-0.02145045137964189,-0.028877603366067085,0.050330780999114116,0.0428341006056643,0.2856518892302835
core,V45_AMB,4h,511,0.2709437963944857,121,0.06415694591728525,-0.12836762104560584,-1.812897987787574,-0.05265162586550082,-0.7480408068382162,-0.12921414843176382,-0.12756205466200388,-0.05054485065452123,-0.05465646034046527,0.45443554414145915
ds,F10_M2022,15m,2437,1.292152704135737,2366,1.2545068928950158,-0.1430296481402037,-6.664251725314901,0.019140090687091785,0.9195289927178786,-0.12214451175784886,-0.1676037874530205,0.033813801213612514,0.0018745196075885529,0.3578189480570999
ds,F10_OTE,15m,37939,20.11611876988335,37130,19.687168610816542,-0.17186563629849502,-26.512307444392174,0.001769851224671662,0.34686414498720464,-0.17327228840741382,-0.16998289473036662,-0.0033887969188405483,0.008674473365112617,0.728693384392382
ds,F11_PO3,15m,9618,5.099681866383881,9461,5.01643690349947,-0.2058066319678105,-16.200619563353534,-0.02452181685594798,-2.1240723762576192,-0.1958771404830934,-0.21828184330610992,-0.020896147533045913,-0.029077034121163362,0.033664091977060995
ds,F11_RAID,15m,48765,25.85630965005302,47856,25.374337221633088,-0.19505072134529267,-30.535938088380398,-0.018989614979727412,-4.0073938838663,-0.19079183587248283,-0.2005464651051232,-0.018250936683664055,-0.01994281897218746,6.139243034919417e-05
ds,F11_TSOUP,15m,36652,19.43372216330859,36000,19.088016967126194,-0.19343219921342258,-28.382804770512355,-0.017219699394232724,-3.2975915809917935,-0.18535030797431906,-0.20376008300644555,-0.01226026806530585,-0.023557378153977543,0.000975178672486976
ds,F12_MSS,15m,37927,20.109756097560975,37178,19.712619300106045,-0.1758504665449487,-25.253838161458354,-0.0006988335792847858,-0.1255557552504264,-0.18205459970481624,-0.16797381937287345,-0.01176989103749643,0.013356766320503234,0.900083587898892
ds,F12_MSS_DISP,15m,10670,5.657476139978791,10436,5.533404029692471,-0.16941503128723137,-14.0328328484391,0.0007430396341990384,0.0663854034692933,-0.17479184275411688,-0.16276861488430389,-0.009925609992254926,0.013930834726338081,0.9470709909108128
ds,F13_FVG_PD,15m,8436,4.472958642629904,8203,4.349416755037115,-0.15174495941827706,-11.98505128477691,0.016745058980345336,1.504578676532705,-0.14276879855616773,-0.16155233109491338,0.020940292127743128,0.012161338681798209,0.13243243186509224
ds,F13_RAID_PD,15m,46228,24.511134676564158,45350,24.04559915164369,-0.19145169205547943,-30.76221721605989,-0.01570671226682199,-3.4023509033744452,-0.18779136885660583,-0.19615092251873595,-0.015736365794828497,-0.01566864219634458,0.0006680879732421374
ds,F14_SMT,15m,81067,42.98356309650053,78812,41.787910922587486,-0.15921314916693954,-21.672682580721702,-0.004249153610573396,-0.636805970323001,-0.14638364108432353,-0.17221703891281442,0.005261892597835792,-0.013889476175213388,0.5242512367194858
ds,F15_ASIA_BRK,15m,9142,4.847295864262991,8977,4.7598091198303285,-0.17192132916331732,-12.042241419668827,0.014964026012861736,1.078381942696184,-0.18867452752354869,-0.1514392064837376,-0.00722447081332545,0.04209123505661324,0.280863342035079
ds,F15_ASIA_SWEEP,15m,8934,4.737009544008483,8787,4.659066808059385,-0.224755799609267,-16.106785405075783,-0.03695715515149311,-2.9604536726757904,-0.19887938722815576,-0.25772411693644365,-0.015777256494252153,-0.06394179311463938,0.003071863180171608
ds,F15_LON_BRK,15m,10405,5.516967126193001,10224,5.420996818663839,-0.20662523348752546,-16.52129763011186,-0.01875761117349919,-1.5621062411490485,-0.19832072894028535,-0.2168145765750017,-0.0170269372111793,-0.02088108894081523,0.11826296286179794
ds,F15_OPEN0000,15m,11255,5.9676564156945915,11048,5.857900318133616,-0.19497418038417727,-13.711914317584979,-0.010932166984931624,-0.7677572723313759,-0.20360755197553732,-0.18390877268157904,-0.023311663127313403,0.004934655208298717,0.4426314034586356
ds,F15_OPEN0930,15m,11282,5.981972428419937,10997,5.83085896076352,-0.14993043314218646,-11.013482733125521,0.007977094484350944,0.5949935091267305,-0.143422309937443,-0.15820335720769577,0.01123674243000494,0.0038335312655363315,0.5518478097731214
ds,F15_ORB,15m,11303,5.993107104984094,11045,5.8563096500530225,-0.218849266530755,-16.045599454651818,-0.05183895407124406,-4.10980952149592,-0.21363999039971246,-0.2254787671213925,-0.052895408457449264,-0.05049447456945822,3.959856173230136e-05
ds,F16_FIB382,15m,21598,11.451749734888653,21075,11.174443266171792,-0.1417129542696367,-19.162041377192082,0.026235419042521153,3.886027155530496,-0.14442951785642724,-0.13814917805919047,0.018070261624496244,0.03694703790629473,0.00010189811308380925
ds,F16_FIB500,15m,22793,12.085365853658537,22285,11.816012725344645,-0.14996633359904352,-20.5212334408502,0.022064177760432686,3.313281027043614,-0.14923726056448666,-0.150948052664634,0.01938900533958123,0.025666378973220775,0.0009220827885723093
ds,F16_FIB618,15m,21616,11.461293743372217,21207,11.244432661717921,-0.17178832435300806,-23.861185530210843,0.0019485583577706568,0.3005718874933592,-0.17904673508386862,-0.16196058608072067,-0.008831945594138925,0.016545138134149064,0.7637409712206393
ds,F16_FIB764,15m,19303,10.234888653234359,18965,10.055673382820785,-0.19038420042453427,-24.272504613570685,-0.01462980327080096,-2.185763849662743,-0.18945017294725774,-0.19165750392626701,-0.016726961319604668,-0.0117708737936779,0.028832886842301342
ds,F17_Z,15m,67001,35.5254506892895,65620,34.7932131495228,-0.18151856943947073,-31.85169575197194,-0.008337382792379042,-1.7940707271564151,-0.17472545514993143,-0.19015409143954684,-0.006751749061507479,-0.01035306726100187,0.07280188064507298
ds,F17_Z_HL,15m,45956,24.366914103923648,45312,24.025450689289503,-0.20322584960440643,-30.601490270497187,-0.01901007498845489,-3.484112606132291,-0.20019493813448508,-0.20724905804434574,-0.020399255826846117,-0.017166087089407964,0.0004937716962718497
ds,F1_MOM_DIV,15m,27005,14.3186638388123,26444,14.02120890774125,-0.18210437835642565,-24.32617875546184,-0.011549777319999384,-1.7616752563623728,-0.17671648164308143,-0.18862334614982346,-0.010681213584135383,-0.012600677016459273,0.07812418076431049
ds,F1_PVT_DIV,15m,16890,8.955461293743372,16550,8.775185577942736,-0.20369998999904199,-23.2778498467566,-0.02684937955465891,-3.5381342246353245,-0.19884633011866062,-0.2098849546920166,-0.024297427893135683,-0.030101303116195924,0.0004029651589281258
ds,F1_RSI_DIV,15m,21086,11.180275715800637,20590,10.91728525980912,-0.18267845982564349,-22.764006682808613,-0.015197877495845549,-2.1934257582215473,-0.1802759425440114,-0.18556435721461265,-0.017248531441333058,-0.012734637413367715,0.028276718169579773
ds,F2_DEMARK,15m,45948,24.3626723223754,44810,23.7592788971368,-0.18800120821381244,-20.017383393322778,-0.024732467810250486,-2.8166601885384783,-0.2056588199402561,-0.16500957352556614,-0.045016354728591806,0.001678789006875679,0.0048525837378936565
ds,F3_BOS,15m,35121,18.621951219512194,34364,18.220572640509015,-0.17660915608383052,-22.367774524227613,-0.006189672486870598,-0.8714302461378155,-0.17719268494905913,-0.17589714379873503,-0.012258836070866634,0.001215820693601629,0.3835192769745355
ds,F3_BOS_ZONE,15m,12568,6.663838812301167,12344,6.545068928950159,-0.17987275240019351,-17.536893698051692,-0.00016271546965148674,-0.01772775548791518,-0.17911730891915217,-0.1808744587834775,-0.0015609478073731157,0.0016913190056730095,0.9858560384473309
ds,F3_HHHL,15m,59081,31.32608695652174,57788,30.64050901378579,-0.18336416637975725,-30.073951562283312,-0.011887456137476663,-2.4881488674759384,-0.1807398980487751,-0.18668910436907626,-0.013642526881163027,-0.009663788183734619,0.012840996963045193
ds,F4_FAN,15m,40470,21.45811240721103,39865,21.1373276776246,-0.1660426360827487,-19.39290577466707,0.014562011434855096,2.1129885163271274,-0.16252188830216804,-0.17066688657705475,0.014259428867330243,0.014959432004190634,0.03460175079134942
ds,F4_PULL,15m,67872,35.98727465535525,66818,35.428419936373274,-0.17632836248127287,-16.796719624999895,0.0042039081565525644,0.44688266040939223,-0.17120250690439925,-0.1835693391100516,0.006072008608691875,0.0015649591047725956,0.6549597842050527
ds,F4_PULL_RSI,15m,1936,1.026511134676564,1892,1.0031813361611877,-0.16345693510440054,-6.741399088850505,0.0013478629480078658,0.05590638810197548,-0.14829509773660193,-0.17827022448673252,0.006571602628113115,-0.0037557907624397907,0.9554163818218218
ds,F5_BOX,15m,9799,5.195652173913044,9701,5.1436903499469775,-0.20420143176691125,-12.397133615592232,-0.01506487503568362,-0.9737382145890756,-0.17682257686459396,-0.23165376419064265,0.00418299184110712,-0.034364398037453364,0.33018653776844786
ds,F5_BOX_HTF,15m,3891,2.063096500530223,3875,2.0546129374337223,-0.23022556710937211,-10.612442047953548,-0.022884540867661275,-1.0776687659261424,-0.16943656491097672,-0.2863965368666779,0.025737511150715077,-0.06781286202267538,0.28118160202672415
ds,F5_BOX_RSI,15m,816,0.432661717921527,805,0.4268292682926829,-0.2072399007691568,-5.689762886188314,-0.042102140211644844,-1.1465684189681669,-0.19947919784002563,-0.21807254860773573,-0.04455235394250069,-0.038682050212325216,0.25156003496304136
ds,F6_VWAP_CROSS,15m,113879,60.38123011664899,111738,59.24602332979852,-0.1744733907008185,-33.63673529386858,0.0054161331254783665,1.8243370914463943,-0.17361978227041677,-0.1755981792917652,0.0032345036463577977,0.008290837568864572,0.0681011261770641
ds,F6_VWAP_FAIL,15m,38639,20.48727465535525,37912,20.101802757158005,-0.17852606425308878,-26.083255747820534,-0.0023207473812291483,-0.41939770712418845,-0.17533978393806232,-0.18289439677754216,-0.0029122297926248743,-0.001509835722528892,0.6749254995362493
ds,F7_RF_ONLY,15m,30906,16.387062566277837,29505,15.644220572640508,-0.15082918375833268,-22.621254277434264,-0.002506217100555568,-0.41484611130009186,-0.15611657775284718,-0.14423685190696306,-0.011781398943443412,0.009058095442362697,0.6782545612372166
ds,F7_RF_TRIPLE,15m,121859,64.61240721102862,119141,63.1712619300106,-0.1617163049586695,-25.919722024883797,0.006364783493082091,1.2673095575915847,-0.16122596944758666,-0.16233693596070703,0.0021180140896866024,0.011740035113000575,0.20504462438581883
ds,F8_VWICK,15m,12214,6.4761399787910925,11889,6.3038176033934255,-0.1747195404924272,-16.977714749854112,-0.01025560387364476,-1.0858339567706208,-0.15921775389372725,-0.19202899492487263,0.0018896945629774341,-0.02381716908541161,0.2775524601749626
ds,F9_BREAKER,15m,25980,13.775185577942736,25443,13.490455991516438,-0.1783148061401382,-21.229269541068707,-0.000569774252993607,-0.08223265395228235,-0.17799671778704115,-0.17868790593016592,-0.005923994895941762,0.005710426132201538,0.9344617072705428
ds,F9_FVG,15m,35106,18.613997879109228,34178,18.121951219512194,-0.15009960723686264,-17.83902168193679,0.01668576842366184,2.562355565581163,-0.1491275839276865,-0.15116811047157339,0.011171238456111636,0.02274765300257259,0.0103964820518061
ds,F9_IFVG,15m,22870,12.126193001060445,22362,11.856839872746553,-0.15652395680963896,-19.06464330737611,0.01580589889405993,2.6132059321882437,-0.16202889204218035,-0.15053376068817062,0.006057677467860423,0.02641342754094599,0.008969723722636047
ds,F9_OB,15m,41301,21.898727465535526,40472,21.45917285259809,-0.18279591775676376,-26.951594974663468,-0.0037264961073573103,-0.708188099254943,-0.182544168923129,-0.18309148192242347,-0.007738956472140414,0.0009843082401233259,0.4788284555221749
ds,F10_M2022,30m,1394,0.7391304347826086,1293,0.6855779427359491,-0.10136941727722663,-4.47877916219409,0.012632121713558314,0.5584246765949001,-0.10039371526755321,-0.10252837296384379,0.007143630562257287,0.019151446228301665,0.5765544261771556
ds,F10_OTE,30m,18930,10.03711558854719,17558,9.309650053022269,-0.13944254335520573,-19.072885002721772,-0.015217461177169307,-2.2495205133957024,-0.14708916739330166,-0.12936047006583723,-0.023524538534457542,-0.004264580230051513,0.0244793992092458
ds,F11_PO3,30m,9371,4.968716861081655,8815,4.673913043478261,-0.16622343691280778,-14.041754945934892,-0.03688104498630387,-3.304461512896589,-0.158019588998983,-0.17623085048484685,-0.0315949099535787,-0.0433293043916226,0.0009515904049390844
ds,F11_RAID,30m,25848,13.705196182396607,24354,12.91304347826087,-0.1378574352979957,-19.058204538380075,-0.01143923762020506,-1.7540091007809322,-0.13568573697921318,-0.14059427905398159,-0.011722714085184797,-0.011081991502528971,0.07942894774321196
ds,F11_TSOUP,30m,19269,10.216861081654296,18100,9.597030752916226,-0.13926636061701891,-18.12147598273213,-0.014228440355342294,-1.9596126365413653,-0.1362282831943187,-0.14298288353222238,-0.01346398848603879,-0.015163605097559906,0.050041083259720676
ds,F12_MSS,30m,18763,9.948568398727465,17528,9.293743372216332,-0.1217126786159663,-16.404031300962505,0.0030062848608428767,0.4448011854625234,-0.1203750655303446,-0.12335305132543888,0.0010903768582422198,0.005355845608348191,0.6564634376008973
ds,F12_MSS_DISP,30m,5798,3.0742311770943798,5410,2.8685047720042416,-0.10487395338004549,-7.284625516905017,0.014106786555636203,1.004214632560271,-0.096527290022091,-0.11518656637189835,0.018704675841540407,0.008425923347019028,0.31527517061867805
ds,F13_FVG_PD,30m,4212,2.2332979851537647,3807,2.018557794273595,-0.1325124473356639,-9.542461373831092,-0.015437232589631459,-1.1315563071683674,-0.11315420087574098,-0.15382574848773134,-0.00040821443203332503,-0.03198408205122543,0.2578210181764182
ds,F13_RAID_PD,30m,24440,12.95864262990456,23025,12.208377518557795,-0.13588513220864337,-19.376748385986645,-0.009488475579967121,-1.4993178799837699,-0.1319854317514962,-0.1407918855594418,-0.008253492431444024,-0.011042378955055667,0.1337911860381762
ds,F14_SMT,30m,38677,20.50742311770944,35154,18.639448568398727,-0.12139379417572262,-13.955855055882967,-0.011510288299128927,-1.3263088250577622,-0.12113365164146503,-0.1216372337256771,-0.01346056456792154,-0.009685233513233462,0.18473742487828848
ds,F15_ASIA_BRK,30m,8765,4.6474019088016965,8217,4.356839872746553,-0.10541093695612617,-8.35810465539925,0.023006657647906065,1.8272796754250646,-0.1174961715615181,-0.091211266121469,0.008129861334898543,0.040486302654110504,0.06765772952728955
ds,F15_ASIA_SWEEP,30m,8581,4.54984093319194,8079,4.283669141039237,-0.1631131701666586,-12.988079514904467,-0.0334370400588322,-2.842454956967566,-0.14236900511240222,-0.1888578010828148,-0.015144980519428803,-0.05613847539289344,0.0044767556506708495
ds,F15_LON_BRK,30m,10148,5.3806998939554616,9573,5.075821845174974,-0.14104778422802045,-12.872877449934613,-0.010352340339506775,-0.9760158132336639,-0.1451247038021824,-0.13622428166228448,-0.0176072215130256,-0.0017689142213276022,0.3290566280861258
ds,F15_OPEN0000,30m,11255,5.9676564156945915,10524,5.5800636267232235,-0.13618094812516277,-11.002438300012363,-0.010221213798985294,-0.8210711860088137,-0.14595939495155502,-0.12404534588831992,-0.022149931268873428,0.004582995190475536,0.41160572148220353
ds,F15_OPEN0930,30m,11282,5.981972428419937,10444,5.537645811240721,-0.11136294014826185,-8.655718109954796,0.00959345583916488,0.7590969955543748,-0.1098603333960558,-0.11321645506415674,0.008905577746357338,0.01044197612131071,0.447794536282657
ds,F15_ORB,30m,11268,5.974549310710499,10452,5.541887592788972,-0.14402296350801072,-12.514549669993018,-0.022323102431431652,-1.9710330773964382,-0.14375668467763608,-0.14435277513278186,-0.02463742014565899,-0.019456600109440503,0.048720092481747246
ds,F16_FIB382,30m,10913,5.786320254506893,10073,5.340933191940615,-0.12865008894001573,-14.338357053949757,-0.006056996994719504,-0.6808422647010554,-0.13364582360608096,-0.12212784803014251,-0.013178541314938978,0.003240620034928443,0.49597130360347963
ds,F16_FIB500,30m,11564,6.131495227995758,10680,5.662778366914104,-0.12047431783056085,-13.264332786462285,0.0042793087833818255,0.47569462000299934,-0.11927026695685415,-0.1221089564339375,0.004251909264953943,0.004316506805088552,0.6342919543363146
ds,F16_FIB618,30m,11057,5.862672322375397,10283,5.452279957582184,-0.14760254809273926,-16.568016026516258,-0.021930016490421953,-2.5808029020795207,-0.15847284345960938,-0.13326895456276036,-0.03249041461431174,-0.008005054093915193,0.009857084090346024
ds,F16_FIB764,30m,9856,5.225874867444326,9177,4.865853658536586,-0.14248055198254023,-14.429194697579785,-0.01705359919305926,-1.8390616916590914,-0.1449018502954856,-0.13916314817309414,-0.02020793159731001,-0.012731870524528724,0.06590611273298652
ds,F17_Z,30m,33608,17.819724284199363,31329,16.61134676564157,-0.12860895668320083,-18.994595826854322,-0.005675702274756498,-0.8816425701235714,-0.12848812033371063,-0.1287559815091991,-0.007932682457784106,-0.0029295739773431578,0.3779701266129192
ds,F17_Z_HL,30m,22567,11.965535524920467,21416,11.35524920466596,-0.1398849351337315,-17.690562093113286,-0.009501382839986942,-1.2779640817696842,-0.14192091876403717,-0.13731760104585441,-0.013143915837902252,-0.004908222564744072,0.20126209117022942
ds,F1_MOM_DIV,30m,14030,7.439024390243903,13050,6.919406150583245,-0.12877156860997016,-15.281475957995045,-0.0076609546184605365,-0.9686016425109482,-0.12883499776535665,-0.12869742913019067,-0.010154317178704506,-0.00474657554480326,0.3327439835425783
ds,F1_PVT_DIV,30m,8366,4.4358430540827145,7801,4.13626723223754,-0.1452495838076643,-12.957059858996432,-0.020605358855782185,-1.9223655639902548,-0.14406438829274026,-0.14674120074552616,-0.02100390691642729,-0.020103769851837698,0.0545597754456244
ds,F1_RSI_DIV,30m,10913,5.786320254506893,10094,5.352067868504772,-0.13017268308407406,-13.115346155925407,-0.011353494295857915,-1.2244107426770623,-0.1285716397409103,-0.13206513985026938,-0.011907984177159481,-0.01069807910542191,0.22079731878880748
ds,F2_DEMARK,30m,33102,17.551431601272533,30694,16.274655355249205,-0.13593015396695068,-14.66092354127208,-0.014471351907748365,-1.6082711532086955,-0.14998177665931278,-0.11799330918772914,-0.029895771079211757,0.005217862537112305,0.10777580559786326
ds,F3_BOS,30m,17758,9.415694591728526,16480,8.738069989395546,-0.11675412120740437,-13.333779761587556,0.004099309464465513,0.467735818080733,-0.1245499180967525,-0.10760968434985678,-0.007411660715883594,0.017601628916520583,0.6399735234538833
ds,F3_BOS_ZONE,30m,6325,3.3536585365853657,5942,3.1505832449628843,-0.1402932940444875,-10.307855435285282,-0.013431331973599076,-1.0138283429227086,-0.1534612449723143,-0.12345972487524884,-0.02870078119837601,0.006088738469424817,0.31066466846485175
ds,F3_HHHL,30m,30022,15.918345705196183,27945,14.817073170731707,-0.12017103355284245,-17.416377313529622,0.0029817685050177317,0.4607773283540744,-0.12411403487225896,-0.11526010382596771,-0.0038253004143367552,0.011459837468456425,0.6449583691001322
ds,F4_FAN,30m,19608,10.3966065747614,18536,9.828207847295864,-0.11782997734877779,-13.072688276790323,0.010892366198084426,1.3274703811804482,-0.12458790997480751,-0.1091154496047375,0.0024563727097744585,0.0217707965362707,0.1843531313908502
ds,F4_PULL,30m,33999,18.027041357370095,31860,16.89289501590668,-0.14157719991161652,-13.115649145393407,-0.011618884710543637,-1.1203166857742162,-0.1510570705238516,-0.1281968920720041,-0.02251702497368367,0.0037632315191744453,0.26257883408239135
ds,F4_PULL_RSI,30m,1089,0.5774125132555673,1006,0.5334040296924708,-0.13249960337211442,-4.496094474593273,-0.012343133852269064,-0.42104191553718523,-0.15658339739521035,-0.10870138793427261,-0.03911155099608004,0.014107871230548108,0.6737244746427642
ds,F5_BOX,30m,4217,2.235949098621421,4034,2.1389183457051963,-0.13596565416012757,-6.803799519190345,-0.009226583772171316,-0.4710283152809514,-0.12370856064632145,-0.14805376755655972,-0.0002874231551361423,-0.018042506330478287,0.637620514683154
ds,F5_BOX_HTF,30m,1737,0.9209968186638389,1697,0.8997879109225875,-0.13326661653638888,-5.089608568277511,-0.0001652370658129647,-0.006255772278109595,-0.11323158270685438,-0.1500275268721358,0.01565039590878212,-0.013396280669018594,0.9950086484392491
ds,F5_BOX_RSI,30m,507,0.26882290562036054,479,0.2539766702014846,-0.09652068779904917,-2.349828714915723,0.03134458641558575,0.7464403251451256,-0.13553241341349545,-0.050977587307976115,-0.005511352377257837,0.07437097649953889,0.45540146730440845
ds,F6_VWAP_CROSS,30m,75385,39.97083775185578,70454,37.35630965005302,-0.12477409264786354,-27.26983462019343,0.002361163273117135,0.6799886333275207,-0.12938495414121107,-0.11884767963823312,-0.00376978426341082,0.010241366852049965,0.4965116581507383
ds,F6_VWAP_FAIL,30m,27570,14.618239660657476,25843,13.70254506892895,-0.13015947916767887,-20.14300481409026,-0.0034594095784409714,-0.5961095028412747,-0.14101152999474617,-0.1160293859074577,-0.01592850914413292,0.012776188885100737,0.5511020762516805
ds,F7_RF_ONLY,30m,15476,8.205726405090138,13528,7.172852598091199,-0.09659790356404478,-10.614830172534349,0.011451570151486665,1.307278280767535,-0.08876223530005922,-0.1056494298635763,0.017236196914834464,0.0047693447793288055,0.19111821781492555
ds,F7_RF_TRIPLE,30m,61817,32.77677624602333,57362,30.414634146341463,-0.10785382709010079,-16.432553649790368,0.012495529952265053,2.0023108981047337,-0.10491126248965346,-0.11149798654377269,0.012722342961881558,0.012214637980315104,0.0452513046364722
ds,F8_VWICK,30m,6043,3.204135737009544,5493,2.912513255567338,-0.1215045224242822,-10.724191702811918,-0.006546289606819948,-0.5882511959967578,-0.11431738557811229,-0.1290263806213356,-0.003316383607932239,-0.009926619692839162,0.5563636983480853
ds,F9_BREAKER,30m,12448,6.600212089077412,11540,6.118769883351008,-0.1177505013971882,-12.166059176256352,0.005806514541126233,0.6481236595522015,-0.1262690238872373,-0.10809827535948009,-0.005438019731974603,0.018547548754454905,0.5169049725023407
ds,F9_FVG,30m,17446,9.250265111346765,15883,8.42152704135737,-0.11248130532289242,-14.345619124247012,0.004353869230064666,0.5803516805452567,-0.10898106010949422,-0.1164433949718303,0.0032696979232903016,0.0055810929387932855,0.5616774827346318
ds,F9_IFVG,30m,11071,5.870095440084835,10152,5.382820784729587,-0.11937652222663366,-12.423512483787514,-0.00038833212681882337,-0.04313156619708122,-0.10735635273252292,-0.1323930291182866,0.008357676119040189,-0.00985928648086968,0.965596656518821
ds,F9_OB,30m,20340,10.784729586426298,18961,10.05355249204666,-0.12987028166246928,-18.626650864149017,-0.004705114915268066,-0.7237619508422912,-0.138093975715645,-0.12035859549018264,-0.01576598584815311,0.008088105798620468,0.46921189245593187
ds,F10_M2022,1h,827,0.4384941675503712,615,0.32608695652173914,-0.09625637064554456,-3.1808584397036053,-0.007373578493612084,-0.24332526032820723,-0.11794105789534308,-0.07064998463780375,-0.028384667390526773,0.017437388182531856,0.8077534374166191
ds,F10_OTE,1h,9157,4.855249204665959,7160,3.796394485683987,-0.09046838720460885,-8.36588239718596,0.001453955302063074,0.13607791492919338,-0.10158271840271692,-0.07704413950094273,-0.009255353149014982,0.014389003468227966,0.8917596864432809
ds,F11_PO3,1h,9048,4.79745493107105,7324,3.883351007423118,-0.13112582521673516,-11.471026333965861,-0.035922385944785466,-3.2150725837371428,-0.12927583513072374,-0.13324808004129182,-0.034516206985101994,-0.037535513552302745,0.0013041154258723875
ds,F11_RAID,1h,13312,7.058324496288441,10813,5.733297985153764,-0.11512075747342541,-13.457387251566276,-0.02042612650964277,-2.484398441021545,-0.1146362134998987,-0.11570569175785836,-0.019907193499739167,-0.02105257472776277,0.012977051821565055
ds,F11_TSOUP,1h,9750,5.16967126193001,7908,4.193001060445387,-0.10809764856612356,-10.813232380438428,-0.014580585976094693,-1.4908513207254481,-0.10795134161516343,-0.10826634171540649,-0.014472077158004828,-0.014705697559163186,0.1360005342714774
ds,F12_MSS,1h,9324,4.943796394485684,7393,3.9199363732767765,-0.08625903553302285,-7.526799913183947,0.008224977328703495,0.743283305324336,-0.06558493436863601,-0.10974663038375068,0.028406296964575032,-0.014702774421729006,0.4573101768602372
ds,F12_MSS_DISP,1h,3033,1.6081654294803818,2343,1.2423117709437963,-0.07566215330100105,-3.742631227057187,0.014336822727676028,0.7133819941239128,-0.06570976726543959,-0.08777073271607393,0.02416812638465379,0.0023755582973322246,0.47560941200175444
ds,F13_FVG_PD,1h,2065,1.0949098621420996,1525,0.8085896076352068,-0.08169475853124435,-4.148291604292064,0.0057499255152938305,0.29550095208037647,-0.10559365414004647,-0.05667309601464615,-0.021264507818537264,0.03403349330104988,0.767611225141525
ds,F13_RAID_PD,1h,12566,6.662778366914104,10178,5.3966065747614,-0.11023696470157267,-12.543424458129609,-0.015842697642787784,-1.8688830212026053,-0.11171048316198227,-0.10845935138438656,-0.01733584956312845,-0.014041399043894265,0.06163909100728393
ds,F14_SMT,1h,19325,10.246553552492047,14224,7.541887592788972,-0.0975791114054152,-8.431264600152966,-0.014035380623350234,-1.2154890554844973,-0.12560963841111508,-0.07216376493536776,-0.04272778247049219,0.011980089362449793,0.2241796205239115
ds,F15_ASIA_BRK,1h,8293,4.397136797454931,6665,3.5339342523860022,-0.08428647307712266,-6.544201897574617,0.009730893757004942,0.7492664374978539,-0.09023285510729925,-0.07791310495774159,0.003374986210385534,0.01654319379453796,0.45369663252751913
ds,F15_ASIA_SWEEP,1h,8075,4.281548250265112,6538,3.4665959703075293,-0.13689987526783656,-11.116494400417618,-0.041747152276358016,-3.513477215886069,-0.13070724039442055,-0.14403424724181815,-0.03600410116064762,-0.04836357061242991,0.000442282343132927
ds,F15_LON_BRK,1h,9749,5.16914103923648,7965,4.22322375397667,-0.09505553390575781,-8.803925522336995,-0.0005529012626337503,-0.05220598831943396,-0.09894921854536806,-0.09078140233401814,-0.00526310691982491,0.004617532548051725,0.9583645614535403
ds,F15_OPEN0000,1h,11255,5.9676564156945915,8957,4.749204665959703,-0.09661668773160458,-8.259767261406585,-0.003365315177640464,-0.2887051230672558,-0.10289221730408514,-0.08936070108340427,-0.010127451547047571,0.00445330325814729,0.7728070419323294
ds,F15_OPEN0930,1h,11283,5.982502651113467,8829,4.681336161187699,-0.08916014276870077,-7.306520194754419,0.0032822443642697564,0.27790235198026547,-0.08142563643679113,-0.09804071098774739,0.010723660192707454,-0.005261804612469293,0.7810873183750138
ds,F15_ORB,1h,11105,5.8881230116648995,8811,4.6717921527041355,-0.0981655381597337,-9.80225871573269,-0.004511063821214137,-0.4488038968802363,-0.08969568144154406,-0.10785774217261458,0.003331410560711564,-0.013485343340273433,0.6535731273674883
ds,F16_FIB382,1h,5801,3.0758218451749735,4542,2.408271474019088,-0.07655862362297368,-6.261663923541328,0.014646420910453546,1.1999582224529783,-0.06811632433683698,-0.08670329639579619,0.02224220830654878,0.0055189575294937385,0.23015556608421495
ds,F16_FIB500,1h,5724,3.034994697773065,4469,2.369565217391304,-0.09262790990609138,-7.6424358626303235,7.633446208405577e-05,0.006210245235477843,-0.09844011905618508,-0.08550448026546358,-0.005319440828344233,0.00668938375976534,0.9950449730580411
ds,F16_FIB618,1h,5392,2.858960763520679,4208,2.2311770943796394,-0.10165924553377699,-7.806911631042605,-0.008103426388249521,-0.6328778560249828,-0.10348738163939947,-0.09934255581372091,-0.008723536884595503,-0.007317596707535217,0.5268134094580497
ds,F16_FIB764,1h,4866,2.5800636267232235,3865,2.049310710498409,-0.10114863235661567,-7.649821789176234,-0.007860176589033948,-0.60140517220715,-0.10871996000608135,-0.09181459815444366,-0.015039820564782461,0.0009909847305774482,0.5475701545687395
ds,F17_Z,1h,16697,8.853128313891835,13262,7.031813361611877,-0.12009811136074208,-14.244019388582087,-0.027424159663302323,-3.267647347576069,-0.11564205471152805,-0.125309357718542,-0.02384447597092543,-0.03161050985417463,0.0010844539955852106
ds,F17_Z_HL,1h,11230,5.954400848356309,9405,4.986744432661718,-0.1279562082921515,-12.715779767287554,-0.0316461540353771,-3.1574998269156147,-0.12329534621312283,-0.1337472794160949,-0.027850937152238867,-0.03636167029146516,0.0015912833117606162
ds,F1_MOM_DIV,1h,7370,3.907741251325557,5770,3.059384941675504,-0.08942311722276296,-7.934318307679927,0.00169520138302274,0.15371599360069477,-0.0845306334250525,-0.09467423080657938,0.006385340557592211,-0.003338735273261489,0.8778336735952279
ds,F1_PVT_DIV,1h,4228,2.241781548250265,3392,1.7985153764581123,-0.07983164163041229,-5.494345663913007,0.015068264739485766,1.057536601064304,-0.0791484578174757,-0.08063585158736075,0.016241977966607386,0.01368662798817572,0.29026675955100645
ds,F1_RSI_DIV,1h,5751,3.049310710498409,4461,2.365323435843054,-0.09014466530245958,-7.052827716478096,0.0005474237346638815,0.043850296897478235,-0.08342706692765826,-0.09736530243928089,0.006548386290260401,-0.005902913226258703,0.9650237344880872
ds,F2_DEMARK,1h,24066,12.76033934252386,19136,10.146341463414634,-0.1031055090239489,-9.704397795028953,-0.009124319648648556,-0.8828688239857866,-0.11758037513465887,-0.08557678901166106,-0.02366258276055065,0.00848117263047864,0.37730714965423484
ds,F3_BOS,1h,9101,4.825556733828208,7183,3.8085896076352066,-0.08949934442115637,-7.827928600001616,0.001048094425348726,0.0918874288650701,-0.11518861870910888,-0.061811107222165616,-0.026573765199472014,0.030819297480622686,0.9267874795165569
ds,F3_BOS_ZONE,1h,3130,1.6595970307529162,2572,1.3637327677624602,-0.1168522540328314,-7.144527880322875,-0.020525168745318994,-1.2744381365002224,-0.12126790150246339,-0.11150260030565046,-0.02462370168567074,-0.015559706223431113,0.20250818397457482
ds,F3_HHHL,1h,15316,8.120890774125133,12146,6.440084835630965,-0.09904340839938662,-11.748291018323599,-0.005944520004455842,-0.7455000871728824,-0.1162611435291601,-0.0791819572018146,-0.023823288264681962,0.014679463382251809,0.455969458468239
ds,F4_FAN,1h,9619,5.100212089077412,7921,4.1998939554612935,-0.0849389410716349,-7.386365956467952,0.011050269402746815,0.9722343116004676,-0.08524466215120469,-0.08457773384735662,0.0109042620046188,0.01122277607803439,0.3309339945665557
ds,F4_PULL,1h,17440,9.247083775185578,14067,7.45864262990456,-0.10841782105687904,-8.883264633738285,-0.01210591947096965,-1.0142951975987298,-0.11704574351160657,-0.09695486697284607,-0.019547080107734066,-0.0022196828759239303,0.31044191490810746
ds,F4_PULL_RSI,1h,596,0.31601272534464475,462,0.2449628844114528,-0.0684363741468733,-1.7206184810487093,0.02494674697377239,0.6410528054101121,-0.12006572482353153,-0.011644088402549229,-0.027566825122426242,0.08271167627959089,0.5214883754310258
ds,F5_BOX,1h,2204,1.168610816542948,1902,1.0084835630965006,-0.06541247020471772,-2.7749193745979612,0.03020699750248893,1.3024714839211615,-0.06491074792000265,-0.06581185819906597,0.02962434220222772,0.030670810928475904,0.19275525992264209
ds,F5_BOX_HTF,1h,871,0.4618239660657476,802,0.4252386002120891,-0.10035846769738088,-3.107886679190626,-0.000826918097483482,-0.025850340831669698,-0.10123353390215709,-0.09967049805309135,-0.005842356201889199,0.003116176893285378,0.9793767090695671
ds,F5_BOX_RSI,1h,342,0.18133616118769882,279,0.147932131495228,-0.19063501810074174,-3.536719303898822,-0.09141970573261875,-1.720402547559451,-0.290166260064419,-0.08293330105049397,-0.19757393233734985,0.023448673802351494,0.08535929424732003
ds,F6_VWAP_CROSS,1h,48923,25.940084835630966,39117,20.7407211028632,-0.09111248352698498,-18.995529247937316,0.0037382452988125145,0.8749513915302937,-0.0944094156402671,-0.08713552429930506,0.00048676265558179253,0.0076603806226013165,0.3816003546217692
ds,F6_VWAP_FAIL,1h,19604,10.394485683987275,15843,8.40031813361612,-0.0968372760098868,-14.225046016654955,-0.0016205775221801485,-0.2482468735539765,-0.10312257670811852,-0.08899803501136885,-0.008351618471769972,0.006774605891967839,0.8039434012871678
ds,F7_RF_ONLY,1h,7849,4.161717921527042,5459,2.894485683987275,-0.0706004707196312,-5.84999556526256,0.013372549332655628,1.1035593783561477,-0.06573490072123306,-0.07596252745255978,0.017167331551277788,0.00919054443866386,0.26978432055973967
ds,F7_RF_TRIPLE,1h,31033,16.45440084835631,24414,12.944856839872747,-0.08063309606307413,-9.811642049420456,0.010822288271397468,1.3287226104283019,-0.08102829507273533,-0.08017799203035687,0.009850514249083515,0.011941365661859828,0.1839395024944226
ds,F8_VWICK,1h,3174,1.6829268292682926,2378,1.2608695652173914,-0.1294210451261662,-8.574361880520986,-0.04255613289970558,-2.8428030862223563,-0.13337319836311654,-0.1254018494254847,-0.048107107288963016,-0.03691099439867108,0.004471868973103366
ds,F9_BREAKER,1h,5770,3.059384941675504,4579,2.4278897136797455,-0.1166709768185691,-10.656882408439515,-0.023616970635241343,-2.2385243776131873,-0.11079810155020373,-0.1224396149068466,-0.018573247337865296,-0.028571173302663965,0.02518687952634613
ds,F9_FVG,1h,8972,4.757158006362673,6751,3.5795334040296924,-0.09668675017957566,-9.165106881505631,-0.009242286580628404,-0.8674307775656901,-0.11065248237067209,-0.08133573547325543,-0.025292097085387388,0.008399529381536715,0.3857060244580448
ds,F9_IFVG,1h,5571,2.9538706256627782,4307,2.2836691410392365,-0.07726229817102898,-6.105754410414871,0.010526146490727115,0.8388078381680557,-0.04583699633699378,-0.11202221638549727,0.03990160358403122,-0.0219664128956073,0.4015771515448239
ds,F9_OB,1h,9373,4.969777306468717,7402,3.9247083775185576,-0.11831128807661598,-12.35964679203962,-0.023429114221863005,-2.478866473017756,-0.1273678558161377,-0.10896128953169516,-0.03269449752136078,-0.013863534538691224,0.013180063662700414
ds,F10_M2022,4h,217,0.11505832449628844,39,0.020678685047720042,0.08466768102386059,0.6095545174169291,0.1600252176151396,1.1650588845649383,0.07726633502170444,0.08981644346014313,0.15939952290500514,0.16046048350045053,0.24399515817773043
ds,F10_OTE,4h,2368,1.2555673382820784,458,0.24284199363732767,-0.10898101452878355,-3.094442891918462,-0.038154221884601276,-1.085038957454923,-0.10699758958173143,-0.11096443947583567,-0.035115120998547134,-0.04119332277065542,0.2779044012477494
ds,F11_PO3,4h,7397,3.9220572640509013,1529,0.810710498409332,-0.09724129987713845,-4.483098582812701,-0.024483137642367796,-1.1352671721835983,-0.11678012045164957,-0.07736738079673203,-0.04238746636553188,-0.0062717425954555185,0.25626339238709006
ds,F11_RAID,4h,3301,1.7502651113467655,723,0.38335100742311773,-0.10257391637399854,-3.6518512964855514,-0.03006309960011707,-1.080690774785091,-0.1266305324807532,-0.0722776154645544,-0.05341026407872181,-0.0006602643348742277,0.27983468807096745
ds,F11_TSOUP,4h,2381,1.262460233297985,497,0.2635206786850477,-0.10887456972571746,-2.9327394853298716,-0.037166860431500186,-1.0061571470029684,-0.16637087096309341,-0.05206822410319,-0.09428091615679776,0.019261826625093816,0.3143399823837507
ds,F12_MSS,4h,2367,1.2550371155885471,453,0.24019088016967127,-0.0331730999905209,-0.8623963497488699,0.03948190357540189,1.0291806704312363,-0.004536424096229232,-0.06021202143577483,0.0701960936548527,0.010481380753602849,0.3033947837236819
ds,F12_MSS_DISP,4h,782,0.4146341463414634,148,0.0784729586426299,-0.0247753515204012,-0.33384103738820203,0.04658926992891105,0.6306525587732789,-0.0018449134218531686,-0.04770578961894923,0.07165349094272666,0.021525048915095425,0.5282677250227807
ds,F13_FVG_PD,4h,548,0.29056203605514314,68,0.036055143160127257,0.013373691006563604,0.16212194176156225,0.08281753557350706,1.0062863002690547,0.20072611361934706,-0.12593964888499334,0.27094313733536624,-0.05707073240326001,0.31427786863402263
ds,F13_RAID_PD,4h,3098,1.642629904559915,671,0.355779427359491,-0.11355430928534993,-3.9364021052198135,-0.04163046981223294,-1.4550294673314939,-0.13713658987266847,-0.08474019823660642,-0.06469049863517284,-0.013454474329899083,0.14566110384172193
ds,F14_SMT,4h,5054,2.679745493107105,636,0.3372216330858961,-0.1721031214050149,-4.3229202506351205,-0.1053598263321456,-2.6506505988686175,-0.2273018633648414,-0.12219288166888437,-0.15955546784788271,-0.05635658160833541,0.008033690256338488
ds,F15_ORB,4h,8783,4.65694591728526,1769,0.9379639448568399,-0.030547653117107453,-1.319218114776089,0.04136657261347173,1.7836087490787218,-0.03150408848980869,-0.029619974709955137,0.041436689098266165,0.04129856430806421,0.07448726295024044
ds,F16_FIB382,4h,1448,0.767762460233298,272,0.14422057264050903,-0.11025917382400674,-2.742132053224453,-0.03715494081638206,-0.9226816387306068,-0.03680319815867807,-0.1979324351019797,0.038692008351554744,-0.12768194466198404,0.3561731371958663
ds,F16_FIB500,4h,1458,0.7730646871686108,272,0.14422057264050903,-0.09154310085389572,-1.976382044101078,-0.018652253565104568,-0.4026346800564061,-0.03712325690846358,-0.14926111715965706,0.03851141463965178,-0.07928038650954311,0.6872169932200871
ds,F16_FIB618,4h,1380,0.7317073170731707,253,0.13414634146341464,-0.04941460483232624,-1.0968603021265189,0.021411664533638672,0.4746254921290232,-0.05773578580719099,-0.04004453549928525,0.013748669301840797,0.030040583534150563,0.6350539330306426
ds,F16_FIB764,4h,1259,0.6675503711558854,249,0.1320254506892895,-0.11621274461270306,-2.6674670662432,-0.044544062749239575,-1.0293352076188993,-0.14189960118489808,-0.08769598011306282,-0.06791265631620666,-0.018600963111335442,0.30332218426547297
ds,F17_Z,4h,4144,2.197242841993637,840,0.44538706256627786,-0.16784961976528784,-6.051276578236211,-0.09720853548885013,-3.4875276760467,-0.23087021224223275,-0.10689527622201322,-0.15861768591878417,-0.037812799827110645,0.0004875084646678296
ds,F17_Z_HL,4h,2646,1.4029692470837751,646,0.3425238600212089,-0.15744707379240547,-5.030747791331932,-0.08519502461962863,-2.7086795116398474,-0.20105204784010555,-0.11411126625117268,-0.12647116789305063,-0.04417367235406727,0.006755155761362541
ds,F1_MOM_DIV,4h,1739,0.9220572640509014,327,0.17338282078472958,-0.014456735291612257,-0.2952013116536291,0.05889229470470903,1.1984265250049997,-0.014824476666612232,-0.014086737834557068,0.0600173980190714,0.05776028891602542,0.2307510112824609
ds,F1_PVT_DIV,4h,1043,0.5530222693531283,221,0.11717921527041357,-0.013425901129723809,-0.22680261184894318,0.06177832416313536,1.0420943583031457,-0.010818397043225896,-0.016467989230638042,0.06803735696217593,0.05447611923092136,0.29736793397200767
ds,F1_RSI_DIV,4h,1449,0.7682926829268293,275,0.14581124072110285,-0.050376281816173686,-0.9807715890870924,0.023264957409013402,0.4517013868641274,-0.030137798815433468,-0.07136433826138576,0.04482321972027421,0.0009082409380762666,0.6514841190019762
ds,F2_DEMARK,4h,12192,6.464475079533404,2436,1.2916224814422057,-0.03700202266759894,-1.5559428231924828,0.03517638553948599,1.4713130196247253,-0.06050731789268731,-0.012350127675433082,0.013444983431585462,0.05796785604289386,0.14120648391130297
ds,F3_BOS,4h,2224,1.1792152704135737,447,0.23700954400848356,-0.011328003186054352,-0.28278398129587584,0.059906831677894734,1.4995839543172562,0.055246976811516406,-0.0703184917914968,0.127233329393147,0.0002504412972914519,0.1337222066427144
ds,F3_BOS_ZONE,4h,807,0.4278897136797455,179,0.09490986214209968,-0.07570824327985314,-1.3747068600669745,-0.0012005728359890883,-0.021733474495416783,0.035894975058592696,-0.19372543968372688,0.1122173233990274,-0.12113673896956975,0.9826605612879724
ds,F3_HHHL,4h,3851,2.0418875927889713,788,0.4178154825026511,-0.034750584505857704,-1.030034147006747,0.03815693405059729,1.1195501336559368,-0.04597223249781979,-0.023122985423747112,0.02845533838857922,0.048209491829587586,0.26290551565867126
ds,F4_FAN,4h,2366,1.2545068928950158,541,0.28685047720042417,-0.024026324121667116,-0.6790175485033618,0.04850361012150456,1.377701201601253,-0.010716486599601248,-0.03841118698205369,0.06371664487403814,0.03206183025434327,0.16829556022278336
ds,F4_PULL,4h,4220,2.2375397667020147,947,0.5021208907741251,-0.10801536829559541,-3.3451173419119127,-0.036548465323032575,-1.1351420806277686,-0.075562333120273,-0.1426650062884615,-0.004284938872584232,-0.07099576758126236,0.25631579255477765
ds,F4_PULL_RSI,4h,146,0.07741251325556733,26,0.013785790031813362,-0.13990037727098054,-1.096548449248799,-0.07484417064831807,-0.5878536105970114,-0.11402334808371961,-0.15140127913198537,-0.03651364799588919,-0.09187995849384202,0.5566305560545319
ds,F5_BOX,4h,562,0.2979851537645811,100,0.053022269353128315,-0.26907485821517185,-3.379672341847036,-0.19623578573577105,-2.465184135830191,-0.25675619141095213,-0.2791537674186243,-0.1869541362548868,-0.20382986258376729,0.013694285613858437
ds,F5_BOX_HTF,4h,177,0.09384941675503712,61,0.03234358430540827,-0.3651171766343664,-3.004217591528254,-0.28484244601892644,-2.3486795117571018,-0.3392345561379833,-0.38707818796463084,-0.2645733142271638,-0.3020404972361796,0.018840115218992093
ds,F5_BOX_RSI,4h,126,0.06680805938494168,30,0.015906680805938492,-0.257779232164224,-2.2989685862963185,-0.19450378042335312,-1.740955631920865,-0.24954327714184057,-0.2848402272377695,-0.1865631467865213,-0.22059443380151475,0.08169135596071642
ds,F6_VWAP_CROSS,4h,18028,9.558854718981973,3656,1.938494167550371,-0.04558669656256809,-3.374650733671585,0.027072377371489292,2.016092634813342,-0.0499294826755802,-0.04111859142742689,0.024181239098961492,0.030046944717364178,0.043790290073477234
ds,F6_VWAP_FAIL,4h,6590,3.494167550371156,1316,0.6977730646871686,-0.026853642905803998,-1.1345026660449167,0.04577515933350915,1.9072640234030092,-0.010057832954124336,-0.04334591412341716,0.06332997525517223,0.02853759912127371,0.056486406485142915
ds,F7_RF_ONLY,4h,2054,1.0890774125132556,281,0.14899257688229056,-0.022194696528575253,-0.43396493358824956,0.04606581552184495,0.9009612139892982,0.047065601136066344,-0.08808817416785233,0.11468337695488204,-0.01921617000819727,0.3676089422396398
ds,F7_RF_TRIPLE,4h,7475,3.9634146341463414,1458,0.7730646871686108,-0.04160965918300613,-1.431898641813647,0.03084784186586025,1.053923229707873,-0.0038934491938168838,-0.08048151906044353,0.06919598820701091,-0.008675317315827059,0.2919180665795469
ds,F8_VWICK,4h,834,0.44220572640509015,135,0.07158006362672323,-0.07259842801011271,-1.3455396399236499,-0.002369893307763117,-0.04388791976297563,-0.012737340239040992,-0.10894265987112053,0.057385614324434134,-0.03865002294159716,0.9649937446561598
ds,F9_BREAKER,4h,1586,0.8409331919406151,299,0.15853658536585366,-0.014313497652228061,-0.3158319992417269,0.058184031063821605,1.285166418937394,-0.03214902562253615,0.0005676790591946409,0.04390492243007483,0.07009788857418701,0.19873413567758447
ds,F9_FVG,4h,2561,1.3579003181336162,408,0.2163308589607635,-0.028881411262166996,-0.8933601179503602,0.042683316101651075,1.3071097084227177,-0.014335970644482431,-0.04131115142637017,0.05837950362833811,0.029270210397027603,0.19117545453101803
ds,F9_IFVG,4h,1662,0.8812301166489925,278,0.1474019088016967,-0.00161823525140397,-0.03983650562926632,0.06872754771364585,1.6939342718037727,0.025538501515984535,-0.023805111695348827,0.09509940992295741,0.04718190865375077,0.09027777361985523
ds,F9_OB,4h,2470,1.3096500530222694,468,0.24814422057264052,-0.09522478794268607,-2.9772595144852323,-0.02415088005314191,-0.7541323576223071,-0.11296664731128624,-0.08001747991245735,-0.040294219712787134,-0.010313731773446003,0.4507697494658691
