kind,strategy,tf,live_sub,live_per_day,live_n,live_R,live_se,n_all,per_day,n,per_day_sized,netR,t,grossR,gross_t,net_is,net_cf,g_is,g_cf,gross_p
core,DOGE,15m,9,4.087193460490464,8,-0.44061167480496166,0.45701389791425445,16575,8.788441145281018,16066,8.518557794273596,-0.1434695215100813,-13.317937352366371,0.0085682454604386,0.8198012428652547,-0.1372798437127892,-0.1511550165174905,0.0070153609476778,0.0104964049803297,0.4123294224245604
core,DOGE,1h,3,1.3623978201634879,2,-1.0938447857761056,,5666,3.00424178154825,4231,2.243372216330859,-0.0544148686429053,-3.884540946745034,0.0290115557304088,2.0818607310275894,-0.0535164984479343,-0.0553351607900023,0.0266952065744214,0.0313844282390064,0.0373551925615431
core,DOGE,30m,4,1.8165304268846503,3,-1.115673823076322,0.012514878403459335,10532,5.584305408271474,9612,5.096500530222693,-0.099919763377149,-9.078831433909572,0.0078770719769437,0.7149222819367613,-0.0906079101024413,-0.1111697143010378,0.0121996154507785,0.0026548674906361,0.4746570677959174
core,N01_ST_EMA,15m,31,14.07811080835604,30,0.15807820541538872,0.4673354776767499,32670,17.32237539766702,32224,17.085896076352068,-0.1733690089346427,-17.304365616888628,0.0111785674496799,1.3156025921497905,-0.1734490097321932,-0.1732600800363143,0.0076686225916625,0.015957700136899,0.1883074630912569
core,N01_ST_EMA,1h,15,6.8119891008174385,14,-0.36039479416183323,0.2807403213518234,7740,4.103923647932132,6389,3.387592788971368,-0.0923767207000492,-6.765454293243953,0.0060032710274044,0.4502667149744065,-0.1118732001062474,-0.0685770558844191,-0.0126253581708742,0.0287435371881117,0.6525181362395696
core,N01_ST_EMA,30m,23,10.44504995458674,22,-0.33175409942257733,0.25768648850547904,15446,8.189819724284199,14649,7.767232237539766,-0.1269873903180822,-10.553427934681348,0.0054308002220083,0.473358861179633,-0.145389719012448,-0.1026406367029389,-0.0143157723693046,0.0315560230461954,0.6359571747140356
core,N01_ST_EMA,4h,3,1.3623978201634879,1,-1.047482270593517,,1843,0.9772004241781548,409,0.2168610816542948,-0.0339246124232957,-0.822721906280833,0.0398993414008652,0.9668162830790672,-0.0371078848039536,-0.0308484694016022,0.0388369682443036,0.040925961614658,0.3336358829523624
core,N02_ST_KST,15m,31,14.07811080835604,28,-0.20615649252755291,0.2504881845880636,28285,14.997348886532343,27790,14.73488865323436,-0.1594596461984064,-16.850700315583424,0.0190303884886315,2.361663352861697,-0.1598089429288823,-0.1590013086714627,0.0145509975563357,0.0249081216106246,0.0181931547341926
core,N02_ST_KST,1h,9,4.087193460490464,7,-0.6420235152230039,0.3699157553507706,6976,3.6988335100742313,5591,2.964475079533404,-0.0896845663624858,-6.735205774613166,0.0055478494207086,0.4212303588772683,-0.0850204333789649,-0.0951593009959421,0.0098556286868068,0.0004914008964665,0.6735868777695238
core,N02_ST_KST,30m,16,7.266121707538601,16,0.011528682921035295,0.2679338979635262,13961,7.402439024390244,13113,6.952810180275716,-0.1279438657220275,-13.13044532469827,-0.0020550256671498,-0.2221662511340874,-0.1418139726937024,-0.1101333050888299,-0.0179747873088086,0.0183874900657031,0.8241844653036519
core,N03_ADX_GC,15m,2,0.9082652134423251,2,-1.152194535929857,,1147,0.6081654294803818,1128,0.5980911983032874,-0.1262174024596911,-4.411237158874417,0.0399794982634162,1.4323312244837916,-0.1090926892699455,-0.1472679392265325,0.0529153307346204,0.0240781389806316,0.152049051040259
core,N03_ADX_GC,1h,2,0.9082652134423251,0,,,278,0.1474019088016967,245,0.1299045599151643,-0.0063558073315237,-0.1203654339990077,0.0836077658326498,1.5917182547219455,0.0296112174116896,-0.0450660797246431,0.1178984127784749,0.0467017305604482,0.1114480247464184
core,N03_ADX_GC,30m,3,1.3623978201634879,2,0.5566470166474153,,528,0.2799575821845175,484,0.256627783669141,-0.0513076177718356,-1.3720455832931044,0.0620278483295182,1.653475652593931,-0.0338334003968424,-0.0737273683661665,0.0774007716099731,0.0423040977055382,0.0982340972723867
core,N04_ST_KLINGER,15m,117,53.13351498637602,105,-0.19848572078771368,0.11750136371086306,96130,50.97030752916225,94042,49.86320254506893,-0.166997250615124,-24.53939235451489,0.0067216415039246,1.2924683192151691,-0.1684258795227477,-0.1651006036835589,0.0009081433060025,0.0144396384308443,0.196195010415257
core,N04_ST_KLINGER,1h,31,14.07811080835604,28,-0.26504470311426365,0.11093157328475436,24692,13.092258748674444,19280,10.22269353128314,-0.0849088069450621,-10.015343680996445,0.0065994504753802,0.8026820630873908,-0.0970216594244072,-0.0699544600964315,-0.0064997633118267,0.0227715442701564,0.4221585229025826
core,N04_ST_KLINGER,30m,51,23.160762942779293,43,-0.2003229722158712,0.13058014537756868,48379,25.651643690349943,44904,23.809119830328736,-0.1214925909523213,-18.662164757967822,0.0015771442670756,0.2561955041946758,-0.12525755246748,-0.116518248674423,-0.0045824618742361,0.0097153388065323,0.7977998799489721
core,N04_ST_KLINGER,4h,11,4.995458673932789,4,-0.4088834803108855,0.29654474529614866,6550,3.4729586426299046,1206,0.6394485683987274,-0.0783153531715161,-3.198948834595562,-0.0069352123806419,-0.2837005648777114,-0.0697324521248511,-0.0866182248202474,0.0027389414365046,-0.0162937331205571,0.7766398618008012
core,N05_PSAR_POC,15m,9,4.087193460490464,9,-0.002303610645535661,0.2829539396803009,8065,4.276246023329798,7946,4.213149522799576,-0.1883522203012085,-15.763710905104986,-0.0025660627757569,-0.2379306886349681,-0.1807157665776475,-0.1991986362966289,0.0025258152723194,-0.0097982977249438,0.8119348528094161
core,N05_PSAR_POC,1h,1,0.45413260672116257,1,0.2972534025926007,,1969,1.0440084835630965,1621,0.8594909862142099,-0.0650833012092752,-3.400569151650644,0.0319369693295622,1.691447266777008,-0.0959496595464917,-0.0295029572030282,0.0014380104560834,0.0670938037282071,0.0907514112674723
core,N05_PSAR_POC,30m,4,1.8165304268846503,4,-0.03704747347638809,0.06265614150383185,3917,2.076882290562036,3695,1.9591728525980912,-0.1353385159244076,-9.167215940020588,-0.003092134928114,-0.2185414290269301,-0.135472187294563,-0.1351587889996873,-0.0027369962606988,-0.0035696341896956,0.8270072826134454
core,N05_PSAR_POC,4h,1,0.45413260672116257,0,,,462,0.2449628844114528,94,0.0498409331919406,-0.0565609351417267,-0.8614640752802923,0.0166137325082053,0.2502407801552629,-0.0530413379227476,-0.0603933854468373,0.0214026631901458,0.0113991190989812,0.8024011502217203
core,N06_MACD_ORB,15m,9,4.087193460490464,9,-0.09874007129288129,0.4707263842571796,7132,3.781548250265111,7041,3.7332979851537647,-0.173726754631386,-11.153561996605587,0.0098700530374363,0.6852410672022731,-0.1642009097864921,-0.1854731817664788,0.0166736801781212,0.0014804233758495,0.4931918131977035
core,N06_MACD_ORB,1h,7,3.178928247048138,7,0.24068348954200475,0.5027223294810484,3569,1.892364793213149,2899,1.53711558854719,-0.0936930869907458,-5.827864192491631,0.0041152971692925,0.2545415394893795,-0.0854154694410155,-0.1030342750773356,0.0127818936358764,-0.0056648487698699,0.7990772167129285
core,N06_MACD_ORB,30m,3,1.3623978201634879,3,0.36330107062425726,0.03761151942430212,5011,2.65694591728526,4737,2.5116648992576884,-0.1266635531895205,-8.258597172547429,0.005696214655477,0.3898618884078109,-0.1221039513624633,-0.1324235088659367,0.0080192532645862,0.0027616164316429,0.6966386770364874
core,N07_ICHI_CMO,15m,8,3.6330608537693005,8,-0.8274879128055577,0.2752385845494668,13308,7.056203605514316,13128,6.960763520678685,-0.1680356786125027,-15.440851227101168,0.0160897761622532,1.5766251313572324,-0.1644220037466436,-0.1731474633087178,0.0152663539076566,0.0172545619926932,0.1148818065935879
core,N07_ICHI_CMO,1h,11,4.995458673932789,10,-0.19964974286481932,0.22419511513096144,3191,1.6919406150583245,2590,1.3732767762460234,-0.0876668785066967,-4.5676935166640895,0.0138965031000516,0.7205932037686805,-0.0611921833036796,-0.1231898872601121,0.0417605716787252,-0.023490728157409,0.4711598365106044
core,N07_ICHI_CMO,30m,9,4.087193460490464,9,0.09452528966651963,0.38137978764940406,6639,3.5201484623541885,6306,3.3435843054082715,-0.1058681392364308,-8.554896017060916,0.0255493609223023,2.1944592048869844,-0.1098160448482108,-0.1000030796184574,0.0194771043379546,0.034570383810125,0.0282024136496867
core,N07_ICHI_CMO,4h,1,0.45413260672116257,0,,,814,0.4316012725344644,189,0.1002120890774125,-0.0140117196472135,-0.2370922234117957,0.0600774596376275,1.0204554805797492,-0.0325581228826195,0.0107168179999944,0.041673841420561,0.0846156172603828,0.3075124929271222
core,N08_ICHI_WR,1h,1,0.45413260672116257,1,-1.0678456106830228,,469,0.2486744432661718,388,0.2057264050901378,-0.078170103750662,-1.9896919789493304,0.0226144691654384,0.5815197767540616,-0.0823977049343132,-0.0740287801421874,0.0194603026599603,0.0257042649259068,0.560890193276794
core,N08_ICHI_WR,30m,2,0.9082652134423251,2,-0.28147074965775276,,947,0.5021208907741251,888,0.4708377518557794,-0.1318450921542797,-4.606965787199611,0.0089293074923114,0.3252870544847868,-0.1262107737215529,-0.1391391322958717,0.0166515156230749,-0.001067659622708,0.7449638276104398
core,N08_ICHI_WR,4h,1,0.45413260672116257,1,0.25807127717786,,85,0.045068928950159,21,0.0111346765641569,-0.1697087552221048,-1.0759918550453424,-0.0972478538751602,-0.6227364132490456,-0.2726673719007522,0.1597588181495666,-0.2011335548013448,0.2351863890886306,0.5334577498639066
core,N09_ALLIG_AROON,15m,21,9.536784741144414,20,-0.28824529308094177,0.2905009088545304,15392,8.16118769883351,15099,8.005832449628844,-0.1675159039834602,-19.220472306938323,0.0089030586670116,1.1371867045252284,-0.1712788023880926,-0.1625767035963106,0.0014025416675098,0.0187482770290472,0.2554602438073843
core,N09_ALLIG_AROON,1h,9,4.087193460490464,8,-0.13299493982673433,0.3306438687366682,3801,2.0153764581124074,3055,1.61983032873807,-0.0840260820105098,-5.501072977882585,0.0154999484019978,1.029590171262758,-0.0906306197532636,-0.0755055351924595,0.0096695870322049,0.0230217264510336,0.3032024310730581
core,N09_ALLIG_AROON,30m,3,1.3623978201634879,3,-0.6668664478794891,0.5206712330032232,7841,4.157476139978791,7340,3.8918345705196185,-0.1153870412004716,-10.33641452799127,0.0105734614231744,0.9790937675736828,-0.1156095288310906,-0.1150942056348951,0.0080856768080231,0.0138478538592097,0.3275336508200739
core,N09_ALLIG_AROON,4h,3,1.3623978201634879,1,0.1973365081477602,,911,0.4830328738069989,196,0.1039236479321314,0.0085226222159987,0.1751919466467591,0.0800676966603959,1.645959580120141,0.0208181924334614,-0.0062596925398272,0.0963323683408306,0.0605135408198733,0.0997720810400171
core,N10_HA_PSAR,15m,46,20.89009990917348,44,0.06644454890721323,0.23426718551202963,46235,24.51484623541888,45286,24.01166489925769,-0.1743894420154012,-27.059593474807123,0.0016376843162361,0.3401052679825224,-0.1725368310054092,-0.1766130792902454,-0.0002529478409893,0.0039069573126455,0.733777254731995
core,N10_HA_PSAR,1h,12,5.4495912806539515,10,-0.29928378991393884,0.2660441735075509,10367,5.496818663838813,8185,4.339872746553553,-0.0872203965367583,-8.74398457049925,0.0058793582295058,0.5908479574495449,-0.0788866422068976,-0.0957124387510293,0.0139574833190385,-0.0023521994283282,0.5546222986990257
core,N10_HA_PSAR,30m,26,11.807447774750226,24,-0.039108732145356984,0.14889193941781714,21268,11.27677624602333,19750,10.471898197242842,-0.1122353424919309,-15.495132279046471,0.0124196053926348,1.786460892869825,-0.108730630362886,-0.1162649793939774,0.0131971050354389,0.0115256542957652,0.0740246637919543
core,N10_HA_PSAR,4h,5,2.270663033605813,3,0.5720502969284713,0.33732573796855125,2347,1.2444326617179216,415,0.2200424178154825,-0.0419235507807559,-1.033570015646062,0.0330318959845028,0.8228624447565864,-0.0380186957929636,-0.046286628547728,0.0392305684258914,0.026105828307645,0.4105862213252782
core,N11_BREAKAWAY,1h,1,0.45413260672116257,0,,,162,0.0858960763520678,112,0.0593849416755037,-0.0407518436259124,-0.6885191780993467,0.0433190580723541,0.7305889837803013,-0.0314023555921656,-0.0480236676521599,0.0448103127811028,0.0421591932988829,0.4650302428334565
core,N11_BREAKAWAY,30m,1,0.45413260672116257,1,0.3444006035011516,,307,0.1627783669141039,276,0.1463414634146341,-0.1393600451244139,-3.1438699906818086,-0.0269810600856663,-0.6046458880513128,-0.1142381021005272,-0.165981805642264,-0.0046185352216461,-0.0506786610609712,0.5454143096532862
core,N12_ICHI_AO,15m,21,9.536784741144414,19,-0.5779163803142271,0.22767014790164267,15011,7.959172852598091,14776,7.834570519618239,-0.1650163936110954,-16.40984539016535,0.0151541032409934,1.667502185888861,-0.169112304744895,-0.1595285861521755,0.0085208026967885,0.0240415705259526,0.09541459012837
core,N12_ICHI_AO,1h,9,4.087193460490464,6,-0.012615570338939766,0.40913903505458854,3712,1.968186638388123,3026,1.6044538706256628,-0.0814511993237093,-4.947637199736961,0.0151735951250923,0.9234331904251616,-0.0817471684323491,-0.0810783091920624,0.0146008220939923,0.0158952292576282,0.355781501858937
core,N12_ICHI_AO,30m,12,5.4495912806539515,12,-0.3556972878151197,0.27318474410033905,7374,3.9098621420996817,6983,3.7025450689289503,-0.106789673563266,-8.711719647931739,0.0225915369347242,1.9790761566442088,-0.1085921502621974,-0.1044326344695214,0.0183552618986143,0.028131173523583,0.0478074325149386
core,N12_ICHI_AO,4h,5,2.270663033605813,2,-1.0465424193339445,,868,0.4602332979851538,199,0.1055143160127253,-0.0490600682792707,-0.9382133722086572,0.0212665485351547,0.406249816345453,-0.0070839601124976,-0.0978801071254091,0.0637699181113879,-0.0281667182545947,0.684559054296493
core,N13_3OUTSIDE,15m,13,5.903723887375113,10,0.3381831767983562,0.3009606008985572,11523,6.109756097560975,11262,5.971367974549311,-0.1715894876409438,-16.544712224490176,0.002792546776337,0.2930608852901195,-0.1626020591621553,-0.1817682056359512,0.0068718944419585,-0.0018275210873406,0.7694756138016787
core,N13_3OUTSIDE,1h,7,3.178928247048138,7,0.23552971127979797,0.27566139426055003,2314,1.2269353128313891,1828,0.9692470837751856,-0.0636178204972596,-3.098168828987141,0.0305322093395689,1.5288354669582729,-0.0711641571943839,-0.0565665873717984,0.0211431055919331,0.0393053083968836,0.1263052375249325
core,N13_3OUTSIDE,30m,9,4.087193460490464,6,0.18690995137981523,0.5128046761277687,5357,2.840402969247084,4962,2.630965005302227,-0.1381632728604657,-10.445895057031017,-0.015393529211838,-1.1956107767703543,-0.1428494725912548,-0.1332724861562566,-0.0234745638680239,-0.0069596981497395,0.2318484839858721
core,N16_BBRSI,15m,7,3.178928247048138,6,-0.7981305261763181,0.36926262507304597,12340,6.542948038176034,11962,6.342523860021209,-0.1777952298988853,-18.46050753820265,-0.0116776929103005,-1.3022800687926932,-0.1875607503728744,-0.1650616833640421,-0.0260792956163039,0.0071009762575813,0.1928206625109334
core,N16_BBRSI,1h,5,2.270663033605813,5,0.41861162186618606,0.15770375951245671,3387,1.795864262990456,2537,1.3451749734888654,-0.1150832384203718,-6.736332382386759,-0.0240665226605588,-1.4266323558925496,-0.1067279561466952,-0.1248919245514231,-0.0162233182840919,-0.0332740547906013,0.1536858927975839
core,N16_BBRSI,30m,12,5.4495912806539515,7,-0.2629495842580874,0.29329317330714344,6499,3.445917285259809,5909,3.133085896076352,-0.1154349915492476,-9.10054707817695,0.0049871875440326,0.40842660991606,-0.1206108117908764,-0.1086171169642943,-0.0012227338161774,0.0131672368965604,0.6829605006849284
core,N17_KC_RSI,15m,153,69.48228882833787,109,0.11286478678438075,0.1975843804366362,133488,70.77836691410393,127931,67.83191940615059,-0.1602055505210653,-25.13768844970395,-0.0213828007497822,-3.35232605059543,-0.1577926057713174,-0.1631467951559219,-0.0271286616409531,-0.0143789178301441,0.0008013558177633
core,N17_KC_RSI,1h,39,17.71117166212534,18,-0.25788533478442394,0.37359577555316353,39771,21.087486744432663,28407,15.06203605514316,-0.1265273349234778,-11.324743268021104,-0.0436456209086168,-3.899109450484445,-0.1277968066307203,-0.1251581966367467,-0.0469578735900946,-0.0400733223409002,9.654712821038912e-05
core,N17_KC_RSI,30m,62,28.15622161671208,28,-0.1830291935296054,0.2019740901062122,73144,38.78260869565217,65077,34.505302226935314,-0.1301294576850456,-15.185762517540388,-0.0254032551455288,-2.9692031736952487,-0.1358579906894841,-0.1234223464727304,-0.0361907016924966,-0.0127730401094349,0.0029857311237946
core,N17_KC_RSI,4h,1,0.45413260672116257,0,,,10853,5.754506892895016,1504,0.7974549310710498,-0.15162082523432,-4.425484615598324,-0.0837703059576674,-2.464019305215919,-0.1605074774180614,-0.1414953509822903,-0.0932028789599931,-0.073022808127137,0.0137388711307884
core,N18_VWMA_MACD,15m,98,44.50499545867393,94,-0.2372717750126986,0.22572752912229038,102379,54.28366914103923,100477,53.275185577942736,-0.1638782119316845,-20.907605875336927,0.0120769903376364,1.7930660346635368,-0.1637271295506792,-0.1640709876700591,0.0077008485676365,0.0176607914091496,0.0729623658518217
core,N18_VWMA_MACD,1h,40,18.165304268846505,38,-0.011131424994993805,0.19519453549754961,24136,12.79745493107105,19057,10.104453870625663,-0.0985585330682701,-8.463463110573612,-0.0034819358829328,-0.2996955353672613,-0.0908075973755174,-0.1075224985293919,0.0043925959194865,-0.012588840377753,0.7644094044274077
core,N18_VWMA_MACD,30m,43,19.527702089009992,39,-0.792470861337442,0.13476548528200183,49693,26.34835630965005,46461,24.634676564156948,-0.1128957812873086,-13.803007752651014,0.0122773823882838,1.6006550645255146,-0.1282250960637347,-0.0936766947138666,-0.0054834912372566,0.034545029234062,0.1094533389305236
core,N19_FIB_CHOP,15m,15,6.8119891008174385,14,-0.27629687943030035,0.34605282454276337,9610,5.095440084835631,9177,4.865853658536586,-0.1539581189942288,-10.156514073180128,0.0121201409918559,0.8266130731775546,-0.1724233021024858,-0.124350965823202,-0.0088636872729019,0.0457657005244548,0.4084564051373731
core,N19_FIB_CHOP,1h,2,0.9082652134423251,2,-1.1146078867541418,,2208,1.170731707317073,1647,0.8732767762460233,-0.0870126166356414,-3.3625541827804044,0.0058161708905422,0.2233341908534633,-0.116731525296305,-0.0431269500119247,-0.0245100528988648,0.0505986547419675,0.8232754187429179
core,N19_FIB_CHOP,30m,2,0.9082652134423251,2,-0.37178231178290566,,4520,2.3966065747614,4028,2.1357370095440085,-0.1064362065710514,-5.963770614404456,0.0124662582903983,0.7054886231320134,-0.1305600790831286,-0.0697902488901036,-0.0139166334939287,0.0525438343655269,0.4805062095094867
core,N20_EMA9_CHOP,15m,70,31.789282470481382,69,0.07840799797508043,0.24688594945609743,46757,24.791622481442207,46287,24.5424178154825,-0.1991443125043729,-17.24654300211456,-0.0038240510798049,-0.3770913659367294,-0.2017005980882321,-0.1957962672089859,-0.0099503350577558,0.0041997301362267,0.7061057073838819
core,N20_EMA9_CHOP,1h,18,8.174386920980927,17,0.29183725619679746,0.09756396415824137,10401,5.514846235418876,8849,4.691940615058325,-0.0965216852714432,-6.731670787294146,0.0072565593676735,0.512974554995651,-0.102723522670539,-0.0888579190463351,0.0022861999428979,0.0133985573329533,0.6079691198318931
core,N20_EMA9_CHOP,30m,43,19.527702089009992,42,0.2555155573567638,0.23298675654066636,21800,11.558854718981973,20909,11.086426299045598,-0.1502109232883456,-11.68247011606293,-0.010636342501907,-0.8845163265964973,-0.1554198754119177,-0.1434526212693214,-0.0166988313074664,-0.0027706279852555,0.3764175529757332
core,N20_EMA9_CHOP,4h,10,4.541326067211626,2,1.4070816411151175,,2426,1.2863202545068928,624,0.3308589607635206,-0.0702703962793188,-1.6477349538968211,0.0034007161433318,0.0795468949410018,-0.0070606990405146,-0.1318798480184065,0.0689907299654026,-0.060528790999699,0.9365976329895358
core,N22_VORTEX_PSAR,15m,85,38.60127157129882,78,-0.24233501554051154,0.13569381606588368,78944,41.857900318133616,77469,41.07582184517497,-0.1754856147141006,-30.89029421762833,0.0021519677090654,0.5326244868528754,-0.1703758743460782,-0.182088001589416,0.0024204383558099,0.0018050719870116,0.5942935480824241
core,N22_VORTEX_PSAR,1h,33,14.986376021798366,32,-0.02643274322595702,0.24297014467938027,19282,10.2237539766702,15411,8.171261930010605,-0.0854943172994677,-11.190467507133308,0.0102299000511102,1.352720180339542,-0.0751572550359285,-0.0977120428801028,0.0204599521827256,-0.0018613466138657,0.1761450409363758
core,N22_VORTEX_PSAR,30m,47,21.344232515894642,46,-0.11626875349574428,0.1492833474707803,39193,20.78101802757158,36666,19.441145281018027,-0.1209981335175121,-20.455803224893323,0.0059245466530767,1.1133920683741445,-0.124706256968712,-0.116194797443127,-9.201338455431516e-05,0.013718127490604,0.2655400799862195
core,N22_VORTEX_PSAR,4h,7,3.178928247048138,4,0.5045977496284113,0.16222321995535902,4750,2.518557794273595,956,0.5068928950159067,-0.009456461388155,-0.3709620855436822,0.0639848108559254,2.492205830573269,-0.0022026465413355,-0.0176129731936897,0.0732622516678329,0.0535528440763139,0.0126952443772396
core,N23_HA_ST,15m,119,54.04178019981835,111,-0.08079505604343633,0.17112804836086162,123341,65.39819724284199,120649,63.97083775185578,-0.168446904088387,-24.547158302873555,0.005358398005376,1.0031264775429225,-0.1694684453939246,-0.1671551465281298,-0.0003325070386978,0.0125546509376237,0.315799841016954
core,N23_HA_ST,1h,33,14.986376021798366,30,-0.18597255753736128,0.19185722695812707,29204,15.484623541887592,23114,12.25556733828208,-0.0850964760102196,-10.126969933067294,0.0088041106051847,1.0894287901482256,-0.0931935940737107,-0.0759472996653497,6.441708880862794e-05,0.0186793522102164,0.2759648412135163
core,N23_HA_ST,30m,67,30.426884650317895,61,-0.18406023789197723,0.16428758769828586,59743,31.67709437963945,55566,29.46235418875928,-0.1225562321605528,-17.614513357130367,0.0018726150244141,0.2882490588728601,-0.1275819703465706,-0.1164463068947696,-0.0058042384834945,0.0112055725867843,0.7731560980483589
core,N23_HA_ST,4h,3,1.3623978201634879,0,,,7167,3.800106044538706,1416,0.750795334040297,0.0265450661466835,1.063143702983714,0.0992131085787988,3.949138943301536,0.0105175509796855,0.0421261324232358,0.0847416335288542,0.1132814784741488,7.843281786534817e-05
core,N24_DMI,15m,58,26.33969118982743,58,-0.09711638125780009,0.17051673700202752,44447,23.566808059384943,43768,23.2067868504772,-0.1836033387178829,-20.850567369752188,-0.0015518732670928,-0.2031450957644051,-0.1816335018476219,-0.186106204697673,-0.0040234403750854,0.0015884889246977,0.8390216251814988
core,N24_DMI,1h,21,9.536784741144414,19,0.062265648868081586,0.1799511707151252,10749,5.699363732767763,8704,4.615058324496289,-0.0780686055464358,-7.223622297473305,0.0181982684564111,1.728623819581836,-0.0932435284525706,-0.0605255376239857,0.003741916614007,0.0349106276460321,0.0838764436855143
core,N24_DMI,30m,34,15.440508628519527,33,0.07242292710500846,0.16720132320871997,21430,11.362672322375396,20189,10.704665959703076,-0.1247160339083174,-13.857056743761074,0.0045123276006494,0.5404685491426046,-0.1300359523842297,-0.1181457902996296,-0.0020404112044773,0.0126051377534219,0.5888739449603206
core,N24_DMI,4h,11,4.995458673932789,4,0.7634066602296279,0.4032392580040295,2620,1.389183457051962,558,0.295864262990456,-0.0594862720615724,-1.6203485292716653,0.0112098276032648,0.3058601005423991,0.0269328444107511,-0.1343443027182005,0.0978829871852339,-0.0638682604627216,0.7597111661281375
core,N25_DST_CCI,15m,55,24.977293369663943,55,-0.3718208274546398,0.18709087786963377,47279,25.06839872746553,46513,24.662248144220573,-0.1810460635624259,-21.563251760894968,0.0023223855469058,0.3383367080593467,-0.1765709382449511,-0.1869889314327242,0.0038631685413687,0.000276259661416,0.7351094640499389
core,N25_DST_CCI,1h,21,9.536784741144414,21,-0.134281094553289,0.19174029612120821,11654,6.179215270413573,9544,5.060445387062567,-0.0885552146487768,-7.236636209559194,0.0076300797298051,0.6354718820352389,-0.0875206588206513,-0.08979311010342,0.0080706583138096,0.0071029064137546,0.5251206996010869
core,N25_DST_CCI,30m,35,15.894641235240691,31,-0.16005650756397696,0.18915694641142627,23600,12.513255567338282,22242,11.7932131495228,-0.1405237305288662,-15.232360849960209,-0.0119742601760014,-1.395968973184356,-0.1416148557463273,-0.1391354108048917,-0.0148512995600705,-0.0083135891002763,0.1627238385864604
core,OBV_B,15m,57,25.885558583106267,45,-0.4002940554367542,0.18354833561476608,38210,20.25980911983033,37400,19.83032873806999,-0.1821937183439106,-25.784133893029807,-0.0092328508275425,-1.5968206721498197,-0.1839507424112398,-0.1799482634175676,-0.0155189926314882,-0.0011992397098431,0.1103056865725602
core,OBV_B,1h,15,6.8119891008174385,15,-0.14324109679955896,0.20584806902559566,9959,5.280487804878049,7981,4.2317073170731705,-0.1067575727020651,-9.473756272467329,-0.0131121667906953,-1.1990224559520917,-0.1048992538201376,-0.1088743926560163,-0.0114397072884911,-0.0150172734335169,0.2305192139897189
core,OBV_B,30m,29,13.169845594913715,24,-0.018750547933052437,0.17263469677772292,19852,10.525980911983034,18507,9.812831389183456,-0.1443855103956451,-17.556938770522617,-0.019821714279197,-2.594023014530343,-0.1415584065009101,-0.1480194106722933,-0.0198752507815357,-0.0197528995776852,0.0094860136809475
core,OBV_B,4h,6,2.7247956403269757,2,1.30011986536124,,2325,1.2327677624602331,446,0.2364793213149522,-0.0995748283995645,-2.8935899182363087,-0.0273191443915403,-0.7961040650772241,-0.0923974215908089,-0.1071491424972835,-0.0210437250082629,-0.0339415915748147,0.4259715515974043
core,OBV_S,15m,10,4.541326067211626,9,-0.8420513553689943,0.26815513771223476,12635,6.699363732767763,12432,6.591728525980912,-0.179804674299831,-15.223256141940592,0.0040985498215557,0.371593773088625,-0.186037024591497,-0.171176921249343,-0.0053991442519475,0.0172466809727921,0.7101953259978677
core,OBV_S,1h,1,0.45413260672116257,1,0.2210185541757995,,3351,1.7767762460233298,2700,1.4316012725344645,-0.0939687166239471,-5.42910255809396,0.0043202731189861,0.2473122319245513,-0.0932141030284809,-0.0949248139501927,0.0059609791057414,0.0022414945010064,0.8046665930590176
core,OBV_S,30m,8,3.6330608537693005,8,0.5743986723081256,0.15040692415303017,6370,3.3775185577942737,6002,3.1823966065747613,-0.1466203839570693,-11.136447464078923,-0.0149607525162646,-1.1581952254082026,-0.1358207228331929,-0.1614411046772665,-0.0066142534824519,-0.0264149203602953,0.2467843763456461
core,OBV_S,4h,2,0.9082652134423251,1,1.0564288708648255,,737,0.3907741251325556,185,0.0980911983032873,-0.0936373153456008,-1.7212403852106473,-0.0173000829621545,-0.3146997032767374,-0.045792316935452,-0.1452454035183456,0.0357605276561419,-0.0745340000335754,0.7529896695665981
core,S2_ST_ROC,15m,113,51.316984559491374,105,-0.16477206302455336,0.23243198609927684,94460,50.084835630965,92716,49.16012725344645,-0.1680202701585494,-22.830337883926685,0.0099058900041786,1.7280080518604408,-0.1585747406503555,-0.1802533730706269,0.0151119097310548,0.0031634649208696,0.083986780816804
core,S2_ST_ROC,1h,34,15.440508628519527,32,-0.3488652184619323,0.21123090841618583,23261,12.333510074231176,18896,10.019088016967126,-0.0912965138454799,-9.410607379310138,0.0050133389865598,0.5356977255332257,-0.1091310315254296,-0.069409078899271,-0.0129409109691334,0.027047715523415,0.5921674758125473
core,S2_ST_ROC,30m,49,22.252497729336966,47,-0.17561458784108633,0.16592391263500247,47670,25.275715800636267,44727,23.715270413573705,-0.1290174961213118,-16.694683731249366,-0.002115266469102,-0.2928674328991548,-0.1340834420882996,-0.1224875073254816,-0.0097897164931716,0.0077770760465703,0.7696234827041855
core,S2_ST_ROC,4h,1,0.45413260672116257,1,-1.047482270593517,,5725,3.035524920466596,1285,0.6813361611876988,-0.0268477025232096,-0.954650239568093,0.0480363686682279,1.7161027616886484,-0.0107057827196602,-0.0441612132802425,0.0663310709027783,0.0284138251424601,0.0861432358739517
core,S3_CMO_SANDWICH,15m,10,4.541326067211626,9,0.4774488070440471,0.6415003233535523,8153,4.322905620360552,8037,4.261399787910922,-0.2021344685920877,-17.723745327003375,-0.0191184960947112,-1.814071256761272,-0.1964969121441104,-0.2093178066467684,-0.0169508774652272,-0.0218804617677633,0.0696667560785102
core,S3_CMO_SANDWICH,1h,5,2.270663033605813,4,0.052503443935289384,0.39638146705445804,1912,1.0137857900318137,1551,0.8223753976670202,-0.1220426253691393,-6.151983095132718,-0.0216434598611553,-1.1199972251734502,-0.1691047119282861,-0.0636230699438399,-0.0670636606126767,0.0347379743087245,0.2627149445471497
core,S3_CMO_SANDWICH,30m,5,2.270663033605813,5,-0.22634452691752743,0.4334812769063824,3889,2.06203605514316,3666,1.943796394485684,-0.155472575789041,-9.701736771583558,-0.0210387517099329,-1.384161394056077,-0.1483247167367839,-0.1654403609468261,-0.0139053734015036,-0.0309863432765537,0.1663090415243955
core,S4_BB_BBP,15m,39,17.71117166212534,39,0.4220944151649545,0.5280734239321181,34365,18.221102863202542,33995,18.02492046659597,-0.2022829225554493,-21.925804079342,-0.0133548740160217,-1.703442480455649,-0.2082058384000513,-0.194524413915629,-0.0247433196084769,0.0015630069469022,0.0884852936042737
core,S4_BB_BBP,1h,5,2.270663033605813,5,-0.5097893075039174,0.36609783105665616,8447,4.478791092258748,7193,3.81389183457052,-0.0792710516508432,-6.260890704892782,0.0193183466094945,1.554804146943517,-0.0727730358765022,-0.0870361507574404,0.0239493368570407,0.013784334461374,0.1199927212006248
core,S4_BB_BBP,30m,13,5.903723887375113,13,-0.040099345717478946,0.44527601159319335,17204,9.121951219512194,16492,8.744432661717921,-0.1284405676317684,-13.46183362854683,0.0036635261564275,0.4099418984957405,-0.1332145891768094,-0.1224366065182446,-0.0044952255738497,0.0139242314467845,0.6818485691849223
core,S4_BB_BBP,4h,6,2.7247956403269757,0,,,2206,1.1696712619300107,571,0.3027571580063626,-0.0200274371670073,-0.5393883604751507,0.0519695875158243,1.4098729632561136,0.0165209889892139,-0.05327550377066,0.0905401190838721,0.0168820136479011,0.1585771972960628
core,S5_DONCHIAN_MFI,30m,1,0.45413260672116257,1,-1.1482110621362096,,941,0.4989395546129374,881,0.4671261930010604,-0.1307687610782487,-4.252584327414968,-0.0148936595829049,-0.4874486022308086,-0.1675331164993077,-0.087952288180013,-0.0516341755830757,0.027895049468891,0.6259404580922485
core,S6_EMA_DMI_ADX,15m,5,2.270663033605813,5,-0.5190844662215345,0.49195482514142697,9054,4.800636267232237,8765,4.6474019088016965,-0.1659205120836569,-15.75231669618089,-0.0138803911742159,-1.4062308798684775,-0.1711968646987927,-0.1596552548481151,-0.0247680142709228,-0.0009521878564891,0.1596555773453221
core,S6_EMA_DMI_ADX,1h,6,2.7247956403269757,6,-0.42615491833855956,0.4649736759512306,2653,1.406680805938494,1898,1.0063626723223753,-0.0789294267756615,-4.223365418604148,0.0073893185781554,0.3984765432582789,-0.0829465794270371,-0.0742028228532861,0.0033030531623425,0.0121972409596051,0.6902789455608838
core,S6_EMA_DMI_ADX,30m,3,1.3623978201634879,3,-0.6579561160569861,0.497497972231887,5143,2.7269353128313893,4636,2.4581124072110287,-0.1090673404415894,-8.676241362374023,0.0011628679825696,0.0919600073880669,-0.1154582738207905,-0.1014230454238334,-0.0082069744240713,0.0123702825144355,0.9267298143833472
core,V39_ALL,15m,29,13.169845594913715,26,-0.2402759747722677,0.3461381404439225,36389,19.29427359490986,35683,18.919936373276776,-0.1603418195464468,-16.86914090039264,0.0105997511101487,1.2020168376892295,-0.1557939328398442,-0.1665056319389662,0.0104573257944943,0.0107927820676624,0.2293570045538628
core,V39_ALL,1h,8,3.6330608537693005,7,2.173737589107803e-05,0.3045136111379832,8748,4.638388123011665,6981,3.701484623541888,-0.1027133755669341,-7.440289380098434,-0.0085277914795871,-0.6272163899629625,-0.1189631174987129,-0.0828818679994291,-0.025807737740406,0.0125609978978817,0.5305174010012434
core,V39_ALL,30m,11,4.995458673932789,11,-0.3662887166743393,0.3233962834757758,18123,9.609225874867445,16982,9.00424178154825,-0.1130611591063757,-10.902863249829752,0.011646036291177,1.18716766366056,-0.12447022833888,-0.0977867393282219,-0.0027192316417959,0.0308782039783318,0.2351614930145547
core,V39_ALL,4h,4,1.8165304268846503,2,-1.0674679091030383,,2264,1.200424178154825,429,0.2274655355249204,-0.0249822439326273,-0.565133332711973,0.0467659259868442,1.0677087965338947,-0.0214504513796418,-0.028877603366067,0.0503307809991141,0.0428341006056643,0.2856518892302835
core,V45_AMB,15m,12,5.4495912806539515,11,-0.32170620580716247,0.3761602512485264,12733,6.751325556733828,12473,6.613467656415694,-0.1995082953535195,-14.95075311531798,-0.0208514514293429,-1.6341440332906405,-0.1943848125804816,-0.2063543200965149,-0.0187896748671402,-0.023606408161831,0.1022286108420393
core,V45_AMB,1h,2,0.9082652134423251,2,-1.1117578291733385,,3385,1.7948038176033934,2739,1.4522799575821843,-0.0920660996966394,-4.557806362645812,-0.0003872717981977,-0.0193748893097411,-0.0885642694425538,-0.0963940760269951,0.0006372668036681,-0.0016535178742998,0.9845420420762404
core,V45_AMB,30m,9,4.087193460490464,9,-0.42650997730645773,0.36140863411190616,6638,3.519618239660657,6251,3.314422057264051,-0.133353078178897,-7.958385401818005,-0.0098879954521324,-0.5948190000206296,-0.0920185157815217,-0.18328744886029,0.0266375760453867,-0.0540128469256455,0.5519644657045097
ds,F10_M2022,15m,3,1.9953441968739607,3,0.7316958087164966,0.08084776592988933,2437,1.292152704135737,2366,1.2545068928950158,-0.1430296481402037,-6.664251725314901,0.0191400906870917,0.9195289927178786,-0.1221445117578488,-0.1676037874530205,0.0338138012136125,0.0018745196075885,0.3578189480570999
ds,F10_OTE,15m,24,15.962753574991686,23,-0.20745098897961958,0.19918193813979637,37939,20.11611876988335,37130,19.687168610816546,-0.171865636298495,-26.51230744439217,0.0017698512246716,0.3468641449872046,-0.1732722884074138,-0.1699828947303666,-0.0033887969188405,0.0086744733651126,0.728693384392382
ds,F10_OTE,1h,11,7.316262055204523,11,0.016386003046355704,0.2564791831095279,9157,4.855249204665959,7160,3.796394485683987,-0.0904683872046088,-8.36588239718596,0.001453955302063,0.1360779149291933,-0.1015827184027169,-0.0770441395009427,-0.0092553531490149,0.0143890034682279,0.8917596864432809
ds,F10_OTE,30m,15,9.976720984369804,15,-0.3042984523984572,0.24162617512750773,18930,10.03711558854719,17558,9.309650053022269,-0.1394425433552057,-19.07288500272177,-0.0152174611771693,-2.2495205133957024,-0.1470891673933016,-0.1293604700658372,-0.0235245385344575,-0.0042645802300515,0.0244793992092458
ds,F10_OTE,4h,5,3.325573661456601,3,-0.19775388483215253,,2368,1.2555673382820784,458,0.2428419936373276,-0.1089810145287835,-3.094442891918462,-0.0381542218846012,-1.085038957454923,-0.1069975895817314,-0.1109644394758356,-0.0351151209985471,-0.0411933227706554,0.2779044012477494
ds,F11_PO3,15m,6,3.9906883937479214,6,-0.2543440835701772,0.2896837559388309,9618,5.099681866383881,9461,5.01643690349947,-0.2058066319678105,-16.200619563353534,-0.0245218168559479,-2.1240723762576192,-0.1958771404830934,-0.2182818433061099,-0.0208961475330459,-0.0290770341211633,0.0336640919770609
ds,F11_PO3,1h,6,3.9906883937479214,6,0.3357422977928701,0.00783471759089656,9048,4.79745493107105,7324,3.883351007423118,-0.1311258252167351,-11.47102633396586,-0.0359223859447854,-3.2150725837371428,-0.1292758351307237,-0.1332480800412918,-0.0345162069851019,-0.0375355135523027,0.0013041154258723
ds,F11_PO3,30m,6,3.9906883937479214,6,-0.31202544212331446,0.2518571018719262,9371,4.968716861081655,8815,4.673913043478261,-0.1662234369128077,-14.041754945934892,-0.0368810449863038,-3.304461512896589,-0.158019588998983,-0.1762308504848468,-0.0315949099535787,-0.0433293043916226,0.000951590404939
ds,F11_PO3,4h,8,5.320917858330562,5,0.3068735605530709,0.5061272274258406,7397,3.922057264050901,1529,0.810710498409332,-0.0972412998771384,-4.483098582812701,-0.0244831376423677,-1.1352671721835983,-0.1167801204516495,-0.077367380796732,-0.0423874663655318,-0.0062717425954555,0.25626339238709
ds,F11_RAID,15m,38,25.274359827070167,36,-0.0979974186680766,0.14501674619829982,48765,25.85630965005302,47856,25.374337221633088,-0.1950507213452926,-30.5359380883804,-0.0189896149797274,-4.0073938838663,-0.1907918358724828,-0.2005464651051232,-0.018250936683664,-0.0199428189721874,6.139243034919417e-05
ds,F11_RAID,1h,8,5.320917858330562,8,-0.4069686801009579,0.28114789068345514,13312,7.058324496288441,10813,5.733297985153764,-0.1151207574734254,-13.457387251566276,-0.0204261265096427,-2.484398441021545,-0.1146362134998987,-0.1157056917578583,-0.0199071934997391,-0.0210525747277627,0.012977051821565
ds,F11_RAID,30m,18,11.972065181243764,17,-0.433380225506681,0.22989423790945324,25848,13.705196182396609,24354,12.91304347826087,-0.1378574352979957,-19.058204538380075,-0.011439237620205,-1.7540091007809322,-0.1356857369792131,-0.1405942790539815,-0.0117227140851847,-0.0110819915025289,0.0794289477432119
ds,F11_RAID,4h,3,1.9953441968739607,1,0.1953792874312074,,3301,1.7502651113467655,723,0.3833510074231177,-0.1025739163739985,-3.651851296485552,-0.030063099600117,-1.080690774785091,-0.1266305324807532,-0.0722776154645544,-0.0534102640787218,-0.0006602643348742,0.2798346880709674
ds,F11_TSOUP,15m,25,16.627868307283006,25,-0.47204405455135606,0.19522654084994412,36652,19.43372216330859,36000,19.088016967126197,-0.1934321992134225,-28.382804770512355,-0.0172196993942327,-3.297591580991793,-0.185350307974319,-0.2037600830064455,-0.0122602680653058,-0.0235573781539775,0.0009751786724869
ds,F11_TSOUP,1h,5,3.325573661456601,5,-0.27139138949450425,0.4473283342748564,9750,5.16967126193001,7908,4.193001060445387,-0.1080976485661235,-10.813232380438428,-0.0145805859760946,-1.490851320725448,-0.1079513416151634,-0.1082663417154064,-0.0144720771580048,-0.0147056975591631,0.1360005342714774
ds,F11_TSOUP,30m,16,10.641835716661124,16,-0.2158562039688022,0.2905861639106923,19269,10.216861081654296,18100,9.597030752916226,-0.1392663606170189,-18.12147598273213,-0.0142284403553422,-1.9596126365413653,-0.1362282831943187,-0.1429828835322223,-0.0134639884860387,-0.0151636050975599,0.0500410832597206
ds,F11_TSOUP,4h,1,0.6651147322913202,0,,,2381,1.262460233297985,497,0.2635206786850477,-0.1088745697257174,-2.932739485329872,-0.0371668604315001,-1.0061571470029684,-0.1663708709630934,-0.05206822410319,-0.0942809161567977,0.0192618266250938,0.3143399823837507
ds,F12_MSS,15m,26,17.292983039574327,24,-0.10311077098416442,0.2635242014325789,37927,20.10975609756097,37178,19.712619300106045,-0.1758504665449487,-25.253838161458354,-0.0006988335792847,-0.1255557552504264,-0.1820545997048162,-0.1679738193728734,-0.0117698910374964,0.0133567663205032,0.900083587898892
ds,F12_MSS,1h,9,5.986032590621882,9,0.31073533568527767,0.2106486601375267,9324,4.943796394485684,7393,3.919936373276777,-0.0862590355330228,-7.526799913183947,0.0082249773287034,0.743283305324336,-0.065584934368636,-0.1097466303837506,0.028406296964575,-0.014702774421729,0.4573101768602372
ds,F12_MSS,30m,15,9.976720984369804,15,0.34835930329709086,0.4321032546582539,18763,9.948568398727463,17528,9.293743372216332,-0.1217126786159663,-16.404031300962505,0.0030062848608428,0.4448011854625234,-0.1203750655303446,-0.1233530513254388,0.0010903768582422,0.0053558456083481,0.6564634376008973
ds,F12_MSS,4h,4,2.660458929165281,0,,,2367,1.2550371155885471,453,0.2401908801696712,-0.0331730999905209,-0.8623963497488699,0.0394819035754018,1.0291806704312365,-0.0045364240962292,-0.0602120214357748,0.0701960936548527,0.0104813807536028,0.3033947837236819
ds,F12_MSS_DISP,15m,12,7.981376787495843,12,0.3613900330974457,0.402851077935815,10670,5.657476139978791,10436,5.533404029692471,-0.1694150312872313,-14.0328328484391,0.000743039634199,0.0663854034692933,-0.1747918427541168,-0.1627686148843038,-0.0099256099922549,0.013930834726338,0.9470709909108128
ds,F12_MSS_DISP,1h,3,1.9953441968739607,3,0.6469846967987648,,3033,1.6081654294803818,2343,1.2423117709437963,-0.075662153301001,-3.742631227057187,0.014336822727676,0.7133819941239128,-0.0657097672654395,-0.0877707327160739,0.0241681263846537,0.0023755582973322,0.4756094120017544
ds,F12_MSS_DISP,30m,5,3.325573661456601,5,-0.2516649343055949,0.5676717052877311,5798,3.07423117709438,5410,2.8685047720042416,-0.1048739533800454,-7.284625516905017,0.0141067865556362,1.004214632560271,-0.096527290022091,-0.1151865663718983,0.0187046758415404,0.008425923347019,0.315275170618678
ds,F12_MSS_DISP,4h,2,1.3302294645826405,0,,,782,0.4146341463414634,148,0.0784729586426299,-0.0247753515204012,-0.333841037388202,0.046589269928911,0.6306525587732789,-0.0018449134218531,-0.0477057896189492,0.0716534909427266,0.0215250489150954,0.5282677250227807
ds,F13_FVG_PD,15m,9,5.986032590621882,9,-0.25324271355228206,0.2329490427241897,8436,4.472958642629904,8203,4.349416755037115,-0.151744959418277,-11.98505128477691,0.0167450589803453,1.504578676532705,-0.1427687985561677,-0.1615523310949133,0.0209402921277431,0.0121613386817982,0.1324324318650922
ds,F13_FVG_PD,30m,3,1.9953441968739607,3,-0.16559973783824147,0.49091294853235024,4212,2.2332979851537647,3807,2.018557794273595,-0.1325124473356639,-9.542461373831092,-0.0154372325896314,-1.1315563071683674,-0.1131542008757409,-0.1538257484877313,-0.0004082144320333,-0.0319840820512254,0.2578210181764182
ds,F13_RAID_PD,15m,36,23.944130362487527,34,-0.02676414938983082,0.1855347980430585,46228,24.51113467656416,45350,24.04559915164369,-0.1914516920554794,-30.76221721605989,-0.0157067122668219,-3.402350903374445,-0.1877913688566058,-0.1961509225187359,-0.0157363657948284,-0.0156686421963445,0.0006680879732421
ds,F13_RAID_PD,1h,8,5.320917858330562,8,-0.4069686801009579,0.28114789068345514,12566,6.662778366914104,10178,5.3966065747614,-0.1102369647015726,-12.543424458129609,-0.0158426976427877,-1.8688830212026053,-0.1117104831619822,-0.1084593513843865,-0.0173358495631284,-0.0140413990438942,0.0616390910072839
ds,F13_RAID_PD,30m,17,11.306950448952444,16,-0.38948916358733005,0.2517467924118739,24440,12.95864262990456,23025,12.208377518557796,-0.1358851322086433,-19.376748385986645,-0.0094884755799671,-1.49931787998377,-0.1319854317514962,-0.1407918855594418,-0.008253492431444,-0.0110423789550556,0.1337911860381762
ds,F13_RAID_PD,4h,3,1.9953441968739607,1,0.1953792874312074,,3098,1.642629904559915,671,0.355779427359491,-0.1135543092853499,-3.9364021052198135,-0.0416304698122329,-1.455029467331494,-0.1371365898726684,-0.0847401982366064,-0.0646904986351728,-0.013454474329899,0.1456611038417219
ds,F14_SMT,15m,112,74.49285001662787,112,-0.13744367746988465,0.1693368698400757,81067,42.98356309650053,78812,41.787910922587486,-0.1592131491669395,-21.672682580721705,-0.0042491536105733,-0.636805970323001,-0.1463836410843235,-0.1722170389128144,0.0052618925978357,-0.0138894761752133,0.5242512367194858
ds,F14_SMT,1h,19,12.637179913535084,19,0.12976507414626126,0.13999796334235567,19325,10.246553552492047,14224,7.541887592788972,-0.0975791114054152,-8.431264600152966,-0.0140353806233502,-1.2154890554844973,-0.125609638411115,-0.0721637649353677,-0.0427277824704921,0.0119800893624497,0.2241796205239115
ds,F14_SMT,30m,39,25.93947455936149,39,-0.29085130558011496,0.2646826423863096,38677,20.50742311770944,35154,18.639448568398727,-0.1213937941757226,-13.955855055882967,-0.0115102882991289,-1.3263088250577622,-0.121133651641465,-0.1216372337256771,-0.0134605645679215,-0.0096852335132334,0.1847374248782884
ds,F15_ASIA_BRK,15m,6,3.9906883937479214,6,-1.2416805655447336,0.025007439132339753,9142,4.847295864262991,8977,4.7598091198303285,-0.1719213291633173,-12.042241419668828,0.0149640260128617,1.078381942696184,-0.1886745275235486,-0.1514392064837376,-0.0072244708133254,0.0420912350566132,0.280863342035079
ds,F15_ASIA_BRK,1h,5,3.325573661456601,5,-0.5326046045120498,0.3035278333043493,8293,4.397136797454931,6665,3.5339342523860022,-0.0842864730771226,-6.544201897574617,0.0097308937570049,0.7492664374978539,-0.0902328551072992,-0.0779131049577415,0.0033749862103855,0.0165431937945379,0.4536966325275191
ds,F15_ASIA_BRK,30m,5,3.325573661456601,5,-1.1524210305943778,0.021074771503032386,8765,4.6474019088016965,8217,4.356839872746553,-0.1054109369561261,-8.35810465539925,0.023006657647906,1.8272796754250649,-0.1174961715615181,-0.091211266121469,0.0081298613348985,0.0404863026541105,0.0676577295272895
ds,F15_ASIA_SWEEP,15m,6,3.9906883937479214,6,0.6073735871267877,0.5964792579525261,8934,4.737009544008483,8787,4.659066808059385,-0.224755799609267,-16.106785405075783,-0.0369571551514931,-2.9604536726757904,-0.1988793872281557,-0.2577241169364436,-0.0157772564942521,-0.0639417931146393,0.0030718631801716
ds,F15_ASIA_SWEEP,1h,5,3.325573661456601,5,0.437328707950935,,8075,4.281548250265112,6538,3.4665959703075293,-0.1368998752678365,-11.116494400417618,-0.041747152276358,-3.513477215886069,-0.1307072403944205,-0.1440342472418181,-0.0360041011606476,-0.0483635706124299,0.0004422823431329
ds,F15_ASIA_SWEEP,30m,6,3.9906883937479214,6,0.37420340862058016,0.4981839700483199,8581,4.54984093319194,8079,4.283669141039237,-0.1631131701666586,-12.988079514904468,-0.0334370400588322,-2.842454956967566,-0.1423690051124022,-0.1888578010828148,-0.0151449805194288,-0.0561384753928934,0.0044767556506708
ds,F15_LON_BRK,15m,6,3.9906883937479214,6,-0.8820772359738905,0.311471901133791,10405,5.516967126193001,10224,5.420996818663839,-0.2066252334875254,-16.52129763011186,-0.0187576111734991,-1.5621062411490485,-0.1983207289402853,-0.2168145765750017,-0.0170269372111793,-0.0208810889408152,0.1182629628617979
ds,F15_LON_BRK,1h,6,3.9906883937479214,6,-0.39077795832259987,0.024266923659652384,9749,5.16914103923648,7965,4.22322375397667,-0.0950555339057578,-8.803925522336995,-0.0005529012626337,-0.0522059883194339,-0.098949218545368,-0.0907814023340181,-0.0052631069198249,0.0046175325480517,0.9583645614535404
ds,F15_LON_BRK,30m,6,3.9906883937479214,6,-0.5944841887412499,0.17846961097265643,10148,5.3806998939554616,9573,5.075821845174974,-0.1410477842280204,-12.872877449934611,-0.0103523403395067,-0.976015813233664,-0.1451247038021824,-0.1362242816622844,-0.0176072215130256,-0.0017689142213276,0.3290566280861258
ds,F15_OPEN0000,15m,12,7.981376787495843,8,-0.7049202443163677,0.21547609860517095,11255,5.967656415694592,11048,5.857900318133616,-0.1949741803841772,-13.71191431758498,-0.0109321669849316,-0.7677572723313759,-0.2036075519755373,-0.183908772681579,-0.0233116631273134,0.0049346552082987,0.4426314034586356
ds,F15_OPEN0000,1h,12,7.981376787495843,6,0.29590093862115774,,11255,5.967656415694592,8957,4.749204665959703,-0.0966166877316045,-8.259767261406585,-0.0033653151776404,-0.2887051230672558,-0.1028922173040851,-0.0893607010834042,-0.0101274515470475,0.0044533032581472,0.7728070419323294
ds,F15_OPEN0000,30m,12,7.981376787495843,6,0.20579362576375024,,11255,5.967656415694592,10524,5.580063626723224,-0.1361809481251627,-11.002438300012363,-0.0102212137989852,-0.8210711860088137,-0.145959394951555,-0.1240453458883199,-0.0221499312688734,0.0045829951904755,0.4116057214822035
ds,F15_OPEN0930,15m,6,3.9906883937479214,6,-0.3681437971310737,,11282,5.981972428419937,10997,5.83085896076352,-0.1499304331421864,-11.01348273312552,0.0079770944843509,0.5949935091267305,-0.143422309937443,-0.1582033572076957,0.0112367424300049,0.0038335312655363,0.5518478097731214
ds,F15_OPEN0930,1h,6,3.9906883937479214,6,-1.108589557523747,,11283,5.982502651113467,8829,4.681336161187699,-0.0891601427687007,-7.306520194754419,0.0032822443642697,0.2779023519802654,-0.0814256364367911,-0.0980407109877473,0.0107236601927074,-0.0052618046124692,0.7810873183750138
ds,F15_OPEN0930,30m,6,3.9906883937479214,6,-0.11844936802225196,,11282,5.981972428419937,10444,5.537645811240721,-0.1113629401482618,-8.655718109954796,0.0095934558391648,0.7590969955543748,-0.1098603333960558,-0.1132164550641567,0.0089055777463573,0.0104419761213107,0.447794536282657
ds,F15_ORB,15m,12,7.981376787495843,12,1.0912365645727882,1.2221621390460586,11303,5.993107104984094,11045,5.856309650053023,-0.218849266530755,-16.045599454651818,-0.051838954071244,-4.10980952149592,-0.2136399903997124,-0.2254787671213925,-0.0528954084574492,-0.0504944745694582,3.959856173230136e-05
ds,F15_ORB,1h,11,7.316262055204523,6,-0.5929995253238485,0.24860717706637067,11105,5.8881230116649,8811,4.671792152704136,-0.0981655381597337,-9.80225871573269,-0.0045110638212141,-0.4488038968802363,-0.089695681441544,-0.1078577421726145,0.0033314105607115,-0.0134853433402734,0.6535731273674883
ds,F15_ORB,30m,12,7.981376787495843,12,0.6211673533263466,0.3030905327044357,11268,5.974549310710499,10452,5.541887592788972,-0.1440229635080107,-12.514549669993018,-0.0223231024314316,-1.9710330773964384,-0.143756684677636,-0.1443527751327818,-0.0246374201456589,-0.0194566001094405,0.0487200924817472
ds,F15_ORB,4h,4,2.660458929165281,1,-1.0665949628539853,,8783,4.65694591728526,1769,0.93796394485684,-0.0305476531171074,-1.319218114776089,0.0413665726134717,1.7836087490787218,-0.0315040884898086,-0.0296199747099551,0.0414366890982661,0.0412985643080642,0.0744872629502404
ds,F16_FIB382,15m,20,13.302294645826404,18,-0.39878183753207425,0.21887836537242458,21598,11.451749734888653,21075,11.174443266171792,-0.1417129542696367,-19.16204137719208,0.0262354190425211,3.886027155530496,-0.1444295178564272,-0.1381491780591904,0.0180702616244962,0.0369470379062947,0.0001018981130838
ds,F16_FIB382,1h,3,1.9953441968739607,3,0.3789184440817494,0.10749487450512683,5801,3.075821845174973,4542,2.408271474019088,-0.0765586236229736,-6.261663923541328,0.0146464209104535,1.1999582224529783,-0.0681163243368369,-0.0867032963957961,0.0222422083065487,0.0055189575294937,0.2301555660842149
ds,F16_FIB382,30m,10,6.651147322913202,9,-0.06443045598066623,0.3493983855317124,10913,5.786320254506893,10073,5.340933191940615,-0.1286500889400157,-14.338357053949755,-0.0060569969947195,-0.6808422647010554,-0.1336458236060809,-0.1221278480301425,-0.0131785413149389,0.0032406200349284,0.4959713036034796
ds,F16_FIB500,15m,13,8.646491519787164,13,0.2858455091767183,0.2519310192124808,22793,12.085365853658535,22285,11.816012725344644,-0.1499663335990435,-20.5212334408502,0.0220641777604326,3.313281027043614,-0.1492372605644866,-0.150948052664634,0.0193890053395812,0.0256663789732207,0.0009220827885723
ds,F16_FIB500,1h,3,1.9953441968739607,3,-0.15474175972390136,0.4705630930911137,5724,3.034994697773065,4469,2.369565217391304,-0.0926279099060913,-7.6424358626303235,7.633446208405577e-05,0.0062102452354778,-0.098440119056185,-0.0855044802654635,-0.0053194408283442,0.0066893837597653,0.9950449730580412
ds,F16_FIB500,30m,10,6.651147322913202,9,0.13534850855871605,0.34339081751802636,11564,6.131495227995758,10680,5.662778366914104,-0.1204743178305608,-13.264332786462283,0.0042793087833818,0.4756946200029993,-0.1192702669568541,-0.1221089564339375,0.0042519092649539,0.0043165068050885,0.6342919543363146
ds,F16_FIB500,4h,2,1.3302294645826405,1,-1.06594683081587,,1458,0.7730646871686108,272,0.144220572640509,-0.0915431008538957,-1.976382044101078,-0.0186522535651045,-0.4026346800564061,-0.0371232569084635,-0.149261117159657,0.0385114146396517,-0.0792803865095431,0.6872169932200871
ds,F16_FIB618,15m,14,9.311606252078484,13,-0.2952377471777268,0.27298383352504174,21616,11.461293743372217,21207,11.24443266171792,-0.171788324353008,-23.861185530210843,0.0019485583577706,0.3005718874933592,-0.1790467350838686,-0.1619605860807206,-0.0088319455941389,0.016545138134149,0.7637409712206393
ds,F16_FIB618,1h,3,1.9953441968739607,3,0.3619505853040959,0.07362760493228311,5392,2.858960763520679,4208,2.2311770943796394,-0.1016592455337769,-7.806911631042605,-0.0081034263882495,-0.6328778560249828,-0.1034873816393994,-0.0993425558137209,-0.0087235368845955,-0.0073175967075352,0.5268134094580497
ds,F16_FIB618,30m,10,6.651147322913202,10,-0.057897778805879284,0.2368894326537038,11057,5.862672322375397,10283,5.452279957582184,-0.1476025480927392,-16.568016026516258,-0.0219300164904219,-2.5808029020795207,-0.1584728434596093,-0.1332689545627603,-0.0324904146143117,-0.0080050540939151,0.009857084090346
ds,F16_FIB618,4h,5,3.325573661456601,3,-0.19775388483215253,,1380,0.7317073170731707,253,0.1341463414634146,-0.0494146048323262,-1.0968603021265189,0.0214116645336386,0.4746254921290232,-0.0577357858071909,-0.0400445354992852,0.0137486693018407,0.0300405835341505,0.6350539330306426
ds,F16_FIB764,15m,11,7.316262055204523,11,-0.18835267722016635,0.35044104329821657,19303,10.23488865323436,18965,10.055673382820784,-0.1903842004245342,-24.272504613570685,-0.0146298032708009,-2.185763849662743,-0.1894501729472577,-0.191657503926267,-0.0167269613196046,-0.0117708737936779,0.0288328868423013
ds,F16_FIB764,1h,7,4.655803126039242,7,0.1967813333135506,0.24502170710474247,4866,2.5800636267232235,3865,2.049310710498409,-0.1011486323566156,-7.649821789176234,-0.0078601765890339,-0.60140517220715,-0.1087199600060813,-0.0918145981544436,-0.0150398205647824,0.0009909847305774,0.5475701545687395
ds,F16_FIB764,30m,8,5.320917858330562,8,-0.12911887697692137,0.27906951013340736,9856,5.225874867444326,9177,4.865853658536586,-0.1424805519825402,-14.429194697579783,-0.0170535991930592,-1.8390616916590916,-0.1449018502954856,-0.1391631481730941,-0.02020793159731,-0.0127318705245287,0.0659061127329865
ds,F16_FIB764,4h,2,1.3302294645826405,1,0.2775716876755499,,1259,0.6675503711558854,249,0.1320254506892895,-0.116212744612703,-2.6674670662432,-0.0445440627492395,-1.0293352076188993,-0.141899601184898,-0.0876959801130628,-0.0679126563162066,-0.0186009631113354,0.3033221842654729
ds,F17_Z,15m,50,33.25573661456601,50,-0.2069389313418786,0.27252469345950625,67001,35.5254506892895,65620,34.7932131495228,-0.1815185694394707,-31.85169575197194,-0.008337382792379,-1.7940707271564151,-0.1747254551499314,-0.1901540914395468,-0.0067517490615074,-0.0103530672610018,0.0728018806450729
ds,F17_Z,1h,16,10.641835716661124,15,-0.3759470787241411,0.3836886031806498,16697,8.853128313891835,13262,7.031813361611877,-0.120098111360742,-14.244019388582087,-0.0274241596633023,-3.267647347576069,-0.115642054711528,-0.125309357718542,-0.0238444759709254,-0.0316105098541746,0.0010844539955852
ds,F17_Z,30m,26,17.292983039574327,26,-0.07038346633897986,0.25175035745330937,33608,17.819724284199363,31329,16.61134676564157,-0.1286089566832008,-18.99459582685432,-0.0056757022747564,-0.8816425701235714,-0.1284881203337106,-0.1287559815091991,-0.0079326824577841,-0.0029295739773431,0.3779701266129192
ds,F17_Z,4h,6,3.9906883937479214,0,,,4144,2.197242841993637,840,0.4453870625662778,-0.1678496197652878,-6.051276578236211,-0.0972085354888501,-3.4875276760467,-0.2308702122422327,-0.1068952762220132,-0.1586176859187841,-0.0378127998271106,0.0004875084646678
ds,F17_Z_HL,15m,47,31.26039241769205,47,-0.14722703854848224,0.28790675067080523,45956,24.366914103923648,45312,24.025450689289503,-0.2032258496044064,-30.601490270497187,-0.0190100749884548,-3.484112606132291,-0.200194938134485,-0.2072490580443457,-0.0203992558268461,-0.0171660870894079,0.0004937716962718
ds,F17_Z_HL,1h,16,10.641835716661124,15,-0.3759470787241411,0.3836886031806498,11230,5.954400848356309,9405,4.986744432661718,-0.1279562082921515,-12.715779767287554,-0.0316461540353771,-3.1574998269156147,-0.1232953462131228,-0.1337472794160949,-0.0278509371522388,-0.0363616702914651,0.0015912833117606
ds,F17_Z_HL,30m,24,15.962753574991686,24,0.015295444025311264,0.24119924647648472,22567,11.965535524920467,21416,11.35524920466596,-0.1398849351337315,-17.690562093113286,-0.0095013828399869,-1.2779640817696842,-0.1419209187640371,-0.1373176010458544,-0.0131439158379022,-0.004908222564744,0.2012620911702294
ds,F17_Z_HL,4h,6,3.9906883937479214,0,,,2646,1.4029692470837751,646,0.3425238600212089,-0.1574470737924054,-5.030747791331932,-0.0851950246196286,-2.7086795116398474,-0.2010520478401055,-0.1141112662511726,-0.1264711678930506,-0.0441736723540672,0.0067551557613625
ds,F1_MOM_DIV,15m,25,16.627868307283006,25,0.19378032669037937,0.2700929401110168,27005,14.3186638388123,26444,14.02120890774125,-0.1821043783564256,-24.32617875546184,-0.0115497773199993,-1.7616752563623728,-0.1767164816430814,-0.1886233461498234,-0.0106812135841353,-0.0126006770164592,0.0781241807643104
ds,F1_MOM_DIV,1h,2,1.3302294645826405,2,0.3137529255497382,,7370,3.907741251325557,5770,3.059384941675504,-0.0894231172227629,-7.934318307679927,0.0016952013830227,0.1537159936006947,-0.0845306334250525,-0.0946742308065793,0.0063853405575922,-0.0033387352732614,0.8778336735952279
ds,F1_MOM_DIV,30m,10,6.651147322913202,10,-0.07210963517691919,0.5301552420279083,14030,7.439024390243903,13050,6.919406150583245,-0.1287715686099701,-15.281475957995044,-0.0076609546184605,-0.9686016425109482,-0.1288349977653566,-0.1286974291301906,-0.0101543171787045,-0.0047465755448032,0.3327439835425783
ds,F1_PVT_DIV,15m,15,9.976720984369804,15,0.16702340743008812,0.6303827064046299,16890,8.955461293743372,16550,8.775185577942736,-0.2036999899990419,-23.2778498467566,-0.0268493795546589,-3.5381342246353245,-0.1988463301186606,-0.2098849546920166,-0.0242974278931356,-0.0301013031161959,0.0004029651589281
ds,F1_PVT_DIV,1h,3,1.9953441968739607,3,0.5455164524427581,,4228,2.241781548250265,3392,1.7985153764581123,-0.0798316416304122,-5.494345663913007,0.0150682647394857,1.057536601064304,-0.0791484578174757,-0.0806358515873607,0.0162419779666073,0.0136866279881757,0.2902667595510064
ds,F1_PVT_DIV,30m,6,3.9906883937479214,6,0.1606831949867121,0.44421917897196583,8366,4.4358430540827145,7801,4.13626723223754,-0.1452495838076643,-12.957059858996432,-0.0206053588557821,-1.9223655639902548,-0.1440643882927402,-0.1467412007455261,-0.0210039069164272,-0.0201037698518376,0.0545597754456244
ds,F1_PVT_DIV,4h,1,0.6651147322913202,1,-1.045602568074372,,1043,0.5530222693531283,221,0.1171792152704135,-0.0134259011297238,-0.2268026118489431,0.0617783241631353,1.0420943583031457,-0.0108183970432258,-0.016467989230638,0.0680373569621759,0.0544761192309213,0.2973679339720076
ds,F1_RSI_DIV,15m,18,11.972065181243764,18,0.4478728981342891,0.5079248014720847,21086,11.180275715800637,20590,10.91728525980912,-0.1826784598256434,-22.764006682808613,-0.0151978774958455,-2.1934257582215477,-0.1802759425440114,-0.1855643572146126,-0.017248531441333,-0.0127346374133677,0.0282767181695797
ds,F1_RSI_DIV,1h,4,2.660458929165281,4,0.47696206382532946,0.10283158292614313,5751,3.049310710498409,4461,2.365323435843054,-0.0901446653024595,-7.052827716478096,0.0005474237346638,0.0438502968974782,-0.0834270669276582,-0.0973653024392808,0.0065483862902604,-0.0059029132262587,0.9650237344880872
ds,F1_RSI_DIV,30m,5,3.325573661456601,5,0.3431173059733512,0.8414652504696527,10913,5.786320254506893,10094,5.352067868504772,-0.130172683084074,-13.115346155925408,-0.0113534942958579,-1.2244107426770623,-0.1285716397409103,-0.1320651398502693,-0.0119079841771594,-0.0106980791054219,0.2207973187888074
ds,F1_RSI_DIV,4h,1,0.6651147322913202,1,-1.045602568074372,,1449,0.7682926829268293,275,0.1458112407211028,-0.0503762818161736,-0.9807715890870924,0.0232649574090134,0.4517013868641274,-0.0301377988154334,-0.0713643382613857,0.0448232197202742,0.0009082409380762,0.6514841190019762
ds,F2_DEMARK,15m,39,25.93947455936149,34,-0.11708304997730429,0.296209802936859,45948,24.3626723223754,44810,23.7592788971368,-0.1880012082138124,-20.017383393322778,-0.0247324678102504,-2.8166601885384783,-0.2056588199402561,-0.1650095735255661,-0.0450163547285918,0.0016787890068756,0.0048525837378936
ds,F2_DEMARK,1h,24,15.962753574991686,21,-0.03401858100193824,0.1552938921184434,24066,12.76033934252386,19136,10.146341463414634,-0.1031055090239489,-9.704397795028951,-0.0091243196486485,-0.8828688239857866,-0.1175803751346588,-0.085576789011661,-0.0236625827605506,0.0084811726304786,0.3773071496542348
ds,F2_DEMARK,30m,30,19.953441968739607,27,-0.10322745936268563,0.24226111510832715,33102,17.551431601272533,30694,16.274655355249205,-0.1359301539669506,-14.66092354127208,-0.0144713519077483,-1.6082711532086955,-0.1499817766593127,-0.1179933091877291,-0.0298957710792117,0.0052178625371123,0.1077758055978632
ds,F2_DEMARK,4h,15,9.976720984369804,9,0.2528295517192811,0.34646150283681754,12192,6.464475079533404,2436,1.2916224814422057,-0.0370020226675989,-1.5559428231924828,0.0351763855394859,1.4713130196247253,-0.0605073178926873,-0.012350127675433,0.0134449834315854,0.0579678560428938,0.1412064839113029
ds,F3_BOS,15m,29,19.288327236448286,29,0.01759053966097173,0.4603898636225337,35121,18.621951219512194,34364,18.220572640509012,-0.1766091560838305,-22.367774524227613,-0.0061896724868705,-0.8714302461378155,-0.1771926849490591,-0.175897143798735,-0.0122588360708666,0.0012158206936016,0.3835192769745355
ds,F3_BOS,1h,5,3.325573661456601,5,0.1567365595656615,0.3561896575364969,9101,4.825556733828208,7183,3.808589607635207,-0.0894993444211563,-7.827928600001616,0.0010480944253487,0.0918874288650701,-0.1151886187091088,-0.0618111072221656,-0.026573765199472,0.0308192974806226,0.9267874795165568
ds,F3_BOS,30m,14,9.311606252078484,14,0.050319667129235156,0.3932900576710853,17758,9.415694591728526,16480,8.738069989395546,-0.1167541212074043,-13.333779761587556,0.0040993094644655,0.467735818080733,-0.1245499180967525,-0.1076096843498567,-0.0074116607158835,0.0176016289165205,0.6399735234538833
ds,F3_BOS,4h,3,1.9953441968739607,0,,,2224,1.1792152704135737,447,0.2370095440084835,-0.0113280031860543,-0.2827839812958758,0.0599068316778947,1.4995839543172562,0.0552469768115164,-0.0703184917914968,0.127233329393147,0.0002504412972914,0.1337222066427144
ds,F3_BOS_ZONE,15m,12,7.981376787495843,12,-0.1278688221156068,0.7835251225182965,12568,6.663838812301167,12344,6.545068928950159,-0.1798727524001935,-17.536893698051692,-0.0001627154696514,-0.0177277554879151,-0.1791173089191521,-0.1808744587834775,-0.0015609478073731,0.001691319005673,0.9858560384473308
ds,F3_BOS_ZONE,1h,3,1.9953441968739607,3,-1.1153189541321338,0.015053321617683505,3130,1.6595970307529162,2572,1.3637327677624602,-0.1168522540328314,-7.144527880322875,-0.0205251687453189,-1.2744381365002224,-0.1212679015024633,-0.1115026003056504,-0.0246237016856707,-0.0155597062234311,0.2025081839745748
ds,F3_BOS_ZONE,30m,7,4.655803126039242,7,-0.6660382419649528,0.36011896340531196,6325,3.3536585365853657,5942,3.1505832449628843,-0.1402932940444875,-10.307855435285282,-0.013431331973599,-1.0138283429227086,-0.1534612449723143,-0.1234597248752488,-0.028700781198376,0.0060887384694248,0.3106646684648517
ds,F3_BOS_ZONE,4h,1,0.6651147322913202,0,,,807,0.4278897136797455,179,0.0949098621420996,-0.0757082432798531,-1.3747068600669743,-0.001200572835989,-0.0217334744954167,0.0358949750585926,-0.1937254396837268,0.1122173233990274,-0.1211367389695697,0.9826605612879724
ds,F3_HHHL,15m,46,30.59527768540073,41,0.19596559469030264,0.4698699114827807,59081,31.32608695652174,57788,30.64050901378579,-0.1833641663797572,-30.073951562283312,-0.0118874561374766,-2.4881488674759384,-0.1807398980487751,-0.1866891043690762,-0.013642526881163,-0.0096637881837346,0.0128409969630451
ds,F3_HHHL,1h,10,6.651147322913202,9,-0.2594705172135057,0.272818265953632,15316,8.120890774125133,12146,6.440084835630965,-0.0990434083993866,-11.7482910183236,-0.0059445200044558,-0.7455000871728824,-0.1162611435291601,-0.0791819572018146,-0.0238232882646819,0.0146794633822518,0.455969458468239
ds,F3_HHHL,30m,22,14.632524110409046,19,-0.34146943847067,0.2773352591520842,30022,15.918345705196185,27945,14.817073170731708,-0.1201710335528424,-17.416377313529622,0.0029817685050177,0.4607773283540744,-0.1241140348722589,-0.1152601038259677,-0.0038253004143367,0.0114598374684564,0.6449583691001322
ds,F3_HHHL,4h,3,1.9953441968739607,0,,,3851,2.0418875927889717,788,0.4178154825026511,-0.0347505845058577,-1.030034147006747,0.0381569340505972,1.1195501336559368,-0.0459722324978197,-0.0231229854237471,0.0284553383885792,0.0482094918295875,0.2629055156586712
ds,F4_FAN,15m,32,21.283671433322247,32,-0.0022093141943098082,0.36717016020133364,40470,21.45811240721103,39865,21.1373276776246,-0.1660426360827487,-19.39290577466707,0.014562011434855,2.112988516327128,-0.162521888302168,-0.1706668865770547,0.0142594288673302,0.0149594320041906,0.0346017507913494
ds,F4_FAN,1h,13,8.646491519787164,11,0.13279643266865687,0.42828833921489073,9619,5.100212089077412,7921,4.1998939554612935,-0.0849389410716349,-7.386365956467952,0.0110502694027468,0.9722343116004676,-0.0852446621512046,-0.0845777338473566,0.0109042620046188,0.0112227760780343,0.3309339945665557
ds,F4_FAN,30m,20,13.302294645826404,20,-0.019242286120422364,0.3103736492047221,19608,10.3966065747614,18536,9.828207847295864,-0.1178299773487777,-13.072688276790323,0.0108923661980844,1.3274703811804482,-0.1245879099748075,-0.1091154496047375,0.0024563727097744,0.0217707965362707,0.1843531313908502
ds,F4_FAN,4h,2,1.3302294645826405,1,-1.0483848521041572,,2366,1.2545068928950158,541,0.2868504772004241,-0.0240263241216671,-0.6790175485033618,0.0485036101215045,1.377701201601253,-0.0107164865996012,-0.0384111869820536,0.0637166448740381,0.0320618302543432,0.1682955602227833
ds,F4_PULL,15m,52,34.585966079148655,52,-0.5895940165390005,0.21865917394937937,67872,35.98727465535525,66818,35.428419936373274,-0.1763283624812728,-16.796719624999895,0.0042039081565525,0.4468826604093922,-0.1712025069043992,-0.1835693391100516,0.0060720086086918,0.0015649591047725,0.6549597842050527
ds,F4_PULL,1h,17,11.306950448952444,17,-0.47498833307368393,0.20296202222200843,17440,9.247083775185578,14067,7.45864262990456,-0.108417821056879,-8.883264633738285,-0.0121059194709696,-1.0142951975987298,-0.1170457435116065,-0.096954866972846,-0.019547080107734,-0.0022196828759239,0.3104419149081074
ds,F4_PULL,30m,20,13.302294645826404,20,-1.0011196955793364,0.11621844351049904,33999,18.02704135737009,31860,16.89289501590668,-0.1415771999116165,-13.115649145393409,-0.0116188847105436,-1.1203166857742162,-0.1510570705238516,-0.1281968920720041,-0.0225170249736836,0.0037632315191744,0.2625788340823913
ds,F4_PULL,4h,16,10.641835716661124,8,-0.43761956977946354,0.12249777247664619,4220,2.2375397667020147,947,0.5021208907741251,-0.1080153682955954,-3.3451173419119127,-0.0365484653230325,-1.1351420806277686,-0.075562333120273,-0.1426650062884615,-0.0042849388725842,-0.0709957675812623,0.2563157925547776
ds,F4_PULL_RSI,15m,1,0.6651147322913202,1,-1.1987876556308343,,1936,1.026511134676564,1892,1.0031813361611877,-0.1634569351044005,-6.741399088850505,0.0013478629480078,0.0559063881019754,-0.1482950977366019,-0.1782702244867325,0.0065716026281131,-0.0037557907624397,0.9554163818218218
ds,F5_BOX,15m,10,6.651147322913202,10,0.08139575252203599,0.402678868578068,9799,5.195652173913044,9701,5.1436903499469775,-0.2042014317669112,-12.397133615592232,-0.0150648750356836,-0.9737382145890756,-0.1768225768645939,-0.2316537641906426,0.0041829918411071,-0.0343643980374533,0.3301865377684478
ds,F5_BOX,1h,3,1.9953441968739607,3,-0.5733366245910726,0.5118211633408692,2204,1.168610816542948,1902,1.0084835630965006,-0.0654124702047177,-2.774919374597961,0.0302069975024889,1.3024714839211615,-0.0649107479200026,-0.0658118581990659,0.0296243422022277,0.0306708109284759,0.192755259922642
ds,F5_BOX,30m,4,2.660458929165281,4,0.03542455792892572,0.3821573878984734,4217,2.235949098621421,4034,2.1389183457051963,-0.1359656541601275,-6.803799519190345,-0.0092265837721713,-0.4710283152809514,-0.1237085606463214,-0.1480537675565597,-0.0002874231551361,-0.0180425063304782,0.637620514683154
ds,F5_BOX_HTF,15m,10,6.651147322913202,10,0.08139575252203599,0.402678868578068,3891,2.063096500530223,3875,2.0546129374337223,-0.2302255671093721,-10.612442047953548,-0.0228845408676612,-1.0776687659261424,-0.1694365649109767,-0.2863965368666779,0.025737511150715,-0.0678128620226753,0.2811816020267241
ds,F5_BOX_HTF,1h,2,1.3302294645826405,2,-1.0851558385020699,,871,0.4618239660657476,802,0.4252386002120891,-0.1003584676973808,-3.107886679190626,-0.0008269180974834,-0.0258503408316696,-0.101233533902157,-0.0996704980530913,-0.0058423562018891,0.0031161768932853,0.9793767090695672
ds,F5_BOX_HTF,30m,4,2.660458929165281,4,0.03542455792892572,0.3821573878984734,1737,0.9209968186638388,1697,0.8997879109225875,-0.1332666165363888,-5.089608568277511,-0.0001652370658129,-0.0062557722781095,-0.1132315827068543,-0.1500275268721358,0.0156503959087821,-0.0133962806690185,0.9950086484392492
ds,F5_BOX_RSI,15m,1,0.6651147322913202,1,0.461351654155473,,816,0.432661717921527,805,0.4268292682926829,-0.2072399007691568,-5.689762886188314,-0.0421021402116448,-1.1465684189681669,-0.1994791978400256,-0.2180725486077357,-0.0445523539425006,-0.0386820502123252,0.2515600349630413
ds,F6_VWAP_CROSS,15m,95,63.18589956767542,85,0.04031093837922006,0.31642584002517365,113879,60.38123011664899,111738,59.24602332979852,-0.1744733907008185,-33.63673529386858,0.0054161331254783,1.8243370914463943,-0.1736197822704167,-0.1755981792917652,0.0032345036463577,0.0082908375688645,0.0681011261770641
ds,F6_VWAP_CROSS,1h,43,28.59993348852677,34,0.1482271129461554,0.1332932242302267,48923,25.94008483563097,39117,20.7407211028632,-0.0911124835269849,-18.99552924793732,0.0037382452988125,0.8749513915302937,-0.0944094156402671,-0.087135524299305,0.0004867626555817,0.0076603806226013,0.3816003546217692
ds,F6_VWAP_CROSS,30m,72,47.888260724975055,62,-0.14482795609611696,0.12020490406349403,75385,39.97083775185578,70454,37.35630965005302,-0.1247740926478635,-27.26983462019343,0.0023611632731171,0.6799886333275207,-0.129384954141211,-0.1188476796382331,-0.0037697842634108,0.0102413668520499,0.4965116581507383
ds,F6_VWAP_CROSS,4h,12,7.981376787495843,6,0.07620853593690374,0.4824773494196258,18028,9.558854718981973,3656,1.938494167550371,-0.045586696562568,-3.374650733671585,0.0270723773714892,2.016092634813342,-0.0499294826755802,-0.0411185914274268,0.0241812390989614,0.0300469447173641,0.0437902900734772
ds,F6_VWAP_FAIL,15m,32,21.283671433322247,29,0.21185993980231535,0.39314140971840045,38639,20.48727465535525,37912,20.101802757158005,-0.1785260642530887,-26.08325574782053,-0.0023207473812291,-0.4193977071241884,-0.1753397839380623,-0.1828943967775421,-0.0029122297926248,-0.0015098357225288,0.6749254995362493
ds,F6_VWAP_FAIL,1h,22,14.632524110409046,16,-0.16327971208760889,0.12565808253462799,19604,10.394485683987275,15843,8.40031813361612,-0.0968372760098868,-14.225046016654955,-0.0016205775221801,-0.2482468735539765,-0.1031225767081185,-0.0889980350113688,-0.0083516184717699,0.0067746058919678,0.8039434012871678
ds,F6_VWAP_FAIL,30m,25,16.627868307283006,24,-0.07551250866252776,0.26841472302683816,27570,14.618239660657476,25843,13.70254506892895,-0.1301594791676788,-20.14300481409026,-0.0034594095784409,-0.5961095028412747,-0.1410115299947461,-0.1160293859074577,-0.0159285091441329,0.0127761888851007,0.5511020762516805
ds,F6_VWAP_FAIL,4h,7,4.655803126039242,4,0.35714289803771004,0.7936226744116148,6590,3.494167550371156,1316,0.6977730646871686,-0.0268536429058039,-1.134502666044917,0.0457751593335091,1.9072640234030087,-0.0100578329541243,-0.0433459141234171,0.0633299752551722,0.0285375991212737,0.0564864064851429
ds,F7_RF_ONLY,15m,28,18.623212504156967,26,-0.0724809308659725,0.2968675630170231,30906,16.387062566277837,29505,15.644220572640508,-0.1508291837583326,-22.621254277434264,-0.0025062171005555,-0.4148461113000918,-0.1561165777528471,-0.144236851906963,-0.0117813989434434,0.0090580954423626,0.6782545612372166
ds,F7_RF_ONLY,1h,6,3.9906883937479214,6,0.29098222767812626,0.38330599175205227,7849,4.161717921527042,5459,2.894485683987275,-0.0706004707196312,-5.84999556526256,0.0133725493326556,1.1035593783561477,-0.065734900721233,-0.0759625274525597,0.0171673315512777,0.0091905444386638,0.2697843205597396
ds,F7_RF_ONLY,30m,16,10.641835716661124,16,-0.06822785500223141,0.570728150821263,15476,8.205726405090138,13528,7.172852598091199,-0.0965979035640447,-10.614830172534347,0.0114515701514866,1.307278280767535,-0.0887622353000592,-0.1056494298635763,0.0172361969148344,0.0047693447793288,0.1911182178149255
ds,F7_RF_ONLY,4h,3,1.9953441968739607,0,,,2054,1.0890774125132556,281,0.1489925768822905,-0.0221946965285752,-0.4339649335882495,0.0460658155218449,0.9009612139892982,0.0470656011360663,-0.0880881741678523,0.114683376954882,-0.0192161700081972,0.3676089422396398
ds,F7_RF_TRIPLE,15m,91,60.52544063851014,84,0.06530618058734201,0.2760287951685714,121859,64.61240721102862,119141,63.1712619300106,-0.1617163049586695,-25.9197220248838,0.006364783493082,1.2673095575915847,-0.1612259694475866,-0.162336935960707,0.0021180140896866,0.0117400351130005,0.2050446243858188
ds,F7_RF_TRIPLE,1h,23,15.297638842700366,22,-0.3853009472694817,0.24966755272342195,31033,16.45440084835631,24414,12.944856839872749,-0.0806330960630741,-9.811642049420456,0.0108222882713974,1.328722610428302,-0.0810282950727353,-0.0801779920303568,0.0098505142490835,0.0119413656618598,0.1839395024944226
ds,F7_RF_TRIPLE,30m,42,27.93481875623545,40,0.07527875054974657,0.361534677951234,61817,32.77677624602333,57362,30.414634146341463,-0.1078538270901007,-16.432553649790368,0.012495529952265,2.0023108981047337,-0.1049112624896534,-0.1114979865437726,0.0127223429618815,0.0122146379803151,0.0452513046364722
ds,F7_RF_TRIPLE,4h,9,5.986032590621882,4,-0.7288092405974695,0.3386576609190316,7475,3.963414634146341,1458,0.7730646871686108,-0.0416096591830061,-1.431898641813647,0.0308478418658602,1.053923229707873,-0.0038934491938168,-0.0804815190604435,0.0691959882070109,-0.008675317315827,0.2919180665795469
ds,F8_VWICK,15m,15,9.976720984369804,15,-0.32263245169632954,0.12895228685586105,12214,6.4761399787910925,11889,6.3038176033934255,-0.1747195404924272,-16.977714749854112,-0.0102556038736447,-1.0858339567706208,-0.1592177538937272,-0.1920289949248726,0.0018896945629774,-0.0238171690854116,0.2775524601749626
ds,F8_VWICK,30m,5,3.325573661456601,5,-0.14443420248797606,0.46934559540220117,6043,3.204135737009544,5493,2.912513255567338,-0.1215045224242822,-10.724191702811918,-0.0065462896068199,-0.5882511959967578,-0.1143173855781122,-0.1290263806213356,-0.0033163836079322,-0.0099266196928391,0.5563636983480853
ds,F9_BREAKER,15m,28,18.623212504156967,27,0.062159506316680255,0.3766464835343107,25980,13.775185577942736,25443,13.490455991516438,-0.1783148061401382,-21.229269541068707,-0.0005697742529936,-0.0822326539522823,-0.1779967177870411,-0.1786879059301659,-0.0059239948959417,0.0057104261322015,0.9344617072705428
ds,F9_BREAKER,1h,2,1.3302294645826405,2,-0.4297594718750143,,5770,3.059384941675504,4579,2.427889713679745,-0.1166709768185691,-10.656882408439516,-0.0236169706352413,-2.238524377613188,-0.1107981015502037,-0.1224396149068466,-0.0185732473378652,-0.0285711733026639,0.0251868795263461
ds,F9_BREAKER,30m,10,6.651147322913202,10,0.19422815838407126,0.18106659684743487,12448,6.600212089077412,11540,6.118769883351008,-0.1177505013971882,-12.166059176256352,0.0058065145411262,0.6481236595522015,-0.1262690238872373,-0.10809827535948,-0.0054380197319746,0.0185475487544549,0.5169049725023407
ds,F9_FVG,15m,39,25.93947455936149,35,-0.05621227298683948,0.2505419350550601,35106,18.613997879109228,34178,18.121951219512194,-0.1500996072368626,-17.83902168193679,0.0166857684236618,2.562355565581163,-0.1491275839276865,-0.1511681104715733,0.0111712384561116,0.0227476530025725,0.0103964820518061
ds,F9_FVG,1h,6,3.9906883937479214,3,-0.21002580462358358,0.4611970051132155,8972,4.757158006362673,6751,3.5795334040296924,-0.0966867501795756,-9.165106881505633,-0.0092422865806284,-0.8674307775656901,-0.110652482370672,-0.0813357354732554,-0.0252920970853873,0.0083995293815367,0.3857060244580448
ds,F9_FVG,30m,15,9.976720984369804,11,0.3814440957663947,0.3767453796114475,17446,9.250265111346764,15883,8.42152704135737,-0.1124813053228924,-14.345619124247012,0.0043538692300646,0.5803516805452567,-0.1089810601094942,-0.1164433949718303,0.0032696979232903,0.0055810929387932,0.5616774827346318
ds,F9_IFVG,15m,26,17.292983039574327,26,0.05696743628065274,0.1951119421117877,22870,12.126193001060445,22362,11.856839872746551,-0.1565239568096389,-19.06464330737611,0.0158058988940599,2.613205932188244,-0.1620288920421803,-0.1505337606881706,0.0060576774678604,0.0264134275409459,0.008969723722636
ds,F9_IFVG,1h,7,4.655803126039242,7,0.11816479502768072,0.22081817036899662,5571,2.9538706256627782,4307,2.2836691410392365,-0.0772622981710289,-6.105754410414871,0.0105261464907271,0.8388078381680557,-0.0458369963369937,-0.1120222163854972,0.0399016035840312,-0.0219664128956073,0.4015771515448239
ds,F9_IFVG,30m,7,4.655803126039242,7,-0.46843617044514935,0.43595837257487396,11071,5.870095440084835,10152,5.382820784729587,-0.1193765222266336,-12.423512483787514,-0.0003883321268188,-0.0431315661970812,-0.1073563527325229,-0.1323930291182866,0.0083576761190401,-0.0098592864808696,0.965596656518821
ds,F9_IFVG,4h,1,0.6651147322913202,1,0.2779275736451844,,1662,0.8812301166489925,278,0.1474019088016967,-0.0016182352514039,-0.0398365056292663,0.0687275477136458,1.6939342718037729,0.0255385015159845,-0.0238051116953488,0.0950994099229574,0.0471819086537507,0.0902777736198552
ds,F9_OB,15m,34,22.613900897904887,33,-0.13692250692754468,0.355826597504014,41301,21.89872746553553,40472,21.45917285259809,-0.1827959177567637,-26.951594974663468,-0.0037264961073573,-0.708188099254943,-0.182544168923129,-0.1830914819224234,-0.0077389564721404,0.0009843082401233,0.4788284555221749
ds,F9_OB,1h,11,7.316262055204523,11,-0.18347105337969288,0.24667934535288963,9373,4.969777306468717,7402,3.9247083775185576,-0.1183112880766159,-12.35964679203962,-0.023429114221863,-2.478866473017756,-0.1273678558161377,-0.1089612895316951,-0.0326944975213607,-0.0138635345386912,0.0131800636627004
ds,F9_OB,30m,17,11.306950448952444,16,-0.39989756801441667,0.23567218228572306,20340,10.784729586426298,18961,10.05355249204666,-0.1298702816624692,-18.626650864149017,-0.004705114915268,-0.7237619508422912,-0.138093975715645,-0.1203585954901826,-0.0157659858481531,0.0080881057986204,0.4692118924559318
ds,F9_OB,4h,1,0.6651147322913202,0,,,2470,1.3096500530222694,468,0.2481442205726405,-0.095224787942686,-2.9772595144852323,-0.0241508800531419,-0.7541323576223071,-0.1129666473112862,-0.0800174799124573,-0.0402942197127871,-0.010313731773446,0.4507697494658691
