kind,strategy,tf,n_all,per_day,n,per_day_sized,netR,t,grossR,gross_t,net_is,net_cf,g_is,g_cf,gross_p,live_n,live_R,live_se,fyc,lc,grade
core,DOGE,15m,16575,8.788441145281018,16066,8.518557794273596,-0.1434695215100813,-13.317937352366371,0.0085682454604386,0.8198012428652547,-0.1372798437127892,-0.1511550165174905,0.0070153609476778,0.0104964049803297,0.4123294224245604,8.0,-0.4406116748049616,0.4570138979142544,N+,L_thin,D
core,N01_ST_EMA,15m,32670,17.32237539766702,32224,17.085896076352068,-0.1733690089346427,-17.304365616888628,0.0111785674496799,1.3156025921497905,-0.1734490097321932,-0.1732600800363143,0.0076686225916625,0.015957700136899,0.1883074630912569,30.0,0.1580782054153887,0.4673354776767499,N+,L+,C
core,N02_ST_KST,15m,28285,14.997348886532343,27790,14.73488865323436,-0.1594596461984064,-16.850700315583424,0.0190303884886315,2.361663352861697,-0.1598089429288823,-0.1590013086714627,0.0145509975563357,0.0249081216106246,0.0181931547341926,28.0,-0.2061564925275529,0.2504881845880636,N+,L-,D
core,N03_ADX_GC,15m,1147,0.6081654294803818,1128,0.5980911983032874,-0.1262174024596911,-4.411237158874417,0.0399794982634162,1.4323312244837916,-0.1090926892699455,-0.1472679392265325,0.0529153307346204,0.0240781389806316,0.152049051040259,2.0,-1.152194535929857,,N+,L_thin,D
core,N04_ST_KLINGER,15m,96130,50.97030752916225,94042,49.86320254506893,-0.166997250615124,-24.53939235451489,0.0067216415039246,1.2924683192151691,-0.1684258795227477,-0.1651006036835589,0.0009081433060025,0.0144396384308443,0.196195010415257,105.0,-0.1984857207877136,0.117501363710863,N+,L-,D
core,N05_PSAR_POC,15m,8065,4.276246023329798,7946,4.213149522799576,-0.1883522203012085,-15.763710905104986,-0.0025660627757569,-0.2379306886349681,-0.1807157665776475,-0.1991986362966289,0.0025258152723194,-0.0097982977249438,0.8119348528094161,9.0,-0.0023036106455356,0.2829539396803009,NN,L_thin,F
core,N06_MACD_ORB,15m,7132,3.781548250265111,7041,3.7332979851537647,-0.173726754631386,-11.153561996605587,0.0098700530374363,0.6852410672022731,-0.1642009097864921,-0.1854731817664788,0.0166736801781212,0.0014804233758495,0.4931918131977035,9.0,-0.0987400712928812,0.4707263842571796,N+,L_thin,D
core,N07_ICHI_CMO,15m,13308,7.056203605514316,13128,6.960763520678685,-0.1680356786125027,-15.440851227101168,0.0160897761622532,1.5766251313572324,-0.1644220037466436,-0.1731474633087178,0.0152663539076566,0.0172545619926932,0.1148818065935879,8.0,-0.8274879128055577,0.2752385845494668,N+,L_thin,D
core,N08_ICHI_WR,15m,2043,1.0832449628844114,2019,1.0705196182396606,-0.2121528361946134,-9.546980945469572,-0.0268095980496724,-1.2219275772957876,-0.2050612877534291,-0.2216328575482798,-0.020869107117062,-0.0347508793311135,0.2217350156926631,,,,NN,L_thin,F
core,N09_ALLIG_AROON,15m,15392,8.16118769883351,15099,8.005832449628844,-0.1675159039834602,-19.220472306938323,0.0089030586670116,1.1371867045252284,-0.1712788023880926,-0.1625767035963106,0.0014025416675098,0.0187482770290472,0.2554602438073843,20.0,-0.2882452930809417,0.2905009088545304,N+,L-,D
core,N10_HA_PSAR,15m,46235,24.51484623541888,45286,24.01166489925769,-0.1743894420154012,-27.059593474807123,0.0016376843162361,0.3401052679825224,-0.1725368310054092,-0.1766130792902454,-0.0002529478409893,0.0039069573126455,0.733777254731995,44.0,0.0664445489072132,0.2342671855120296,N+,L+,C
core,N11_BREAKAWAY,15m,651,0.3451749734888653,630,0.3340402969247084,-0.1839171320255402,-5.24434893690832,-0.0231997867114841,-0.6578952247071133,-0.1338682736484481,-0.2339659904026323,0.023808473254007,-0.0702080466769753,0.5106054593503648,,,,NN,L_thin,F
core,N12_ICHI_AO,15m,15011,7.959172852598091,14776,7.834570519618239,-0.1650163936110954,-16.40984539016535,0.0151541032409934,1.667502185888861,-0.169112304744895,-0.1595285861521755,0.0085208026967885,0.0240415705259526,0.09541459012837,19.0,-0.5779163803142271,0.2276701479016426,N+,L--,F
core,N13_3OUTSIDE,15m,11523,6.109756097560975,11262,5.971367974549311,-0.1715894876409438,-16.544712224490176,0.002792546776337,0.2930608852901195,-0.1626020591621553,-0.1817682056359512,0.0068718944419585,-0.0018275210873406,0.7694756138016787,10.0,0.3381831767983562,0.3009606008985572,N+,L_thin,D
core,N14_ICHI_RSI,15m,2,0.0010604453870625,1,0.0005302226935312,1.4076398611068726,,1.6437478065490725,,,1.4076398611068726,,1.6437478065490725,,,,,thin,L_thin,thin
core,N15_KC_AO,15m,92,0.048780487804878,89,0.0471898197242841,-0.3008108834966264,-2.8777220699492174,-0.1362075653722446,-1.3161015052297411,-0.3036353206594607,-0.2960178992203013,-0.1230172965276454,-0.1585910518964131,0.1881399758394044,,,,NN,L_thin,F
core,N16_BBRSI,15m,12340,6.542948038176034,11962,6.342523860021209,-0.1777952298988853,-18.46050753820265,-0.0116776929103005,-1.3022800687926932,-0.1875607503728744,-0.1650616833640421,-0.0260792956163039,0.0071009762575813,0.1928206625109334,6.0,-0.7981305261763181,0.3692626250730459,NN,L_thin,F
core,N17_KC_RSI,15m,133488,70.77836691410393,127931,67.83191940615059,-0.1602055505210653,-25.13768844970395,-0.0213828007497822,-3.35232605059543,-0.1577926057713174,-0.1631467951559219,-0.0271286616409531,-0.0143789178301441,0.0008013558177633,109.0,0.1128647867843807,0.1975843804366362,NN,L+,D
core,N18_VWMA_MACD,15m,102379,54.28366914103923,100477,53.275185577942736,-0.1638782119316845,-20.907605875336927,0.0120769903376364,1.7930660346635368,-0.1637271295506792,-0.1640709876700591,0.0077008485676365,0.0176607914091496,0.0729623658518217,94.0,-0.2372717750126986,0.2257275291222903,N+,L-,D
core,N19_FIB_CHOP,15m,9610,5.095440084835631,9177,4.865853658536586,-0.1539581189942288,-10.156514073180128,0.0121201409918559,0.8266130731775546,-0.1724233021024858,-0.124350965823202,-0.0088636872729019,0.0457657005244548,0.4084564051373731,14.0,-0.2762968794303003,0.3460528245427633,N+,L_thin,D
core,N20_EMA9_CHOP,15m,46757,24.791622481442207,46287,24.5424178154825,-0.1991443125043729,-17.24654300211456,-0.0038240510798049,-0.3770913659367294,-0.2017005980882321,-0.1957962672089859,-0.0099503350577558,0.0041997301362267,0.7061057073838819,69.0,0.0784079979750804,0.2468859494560974,NN,L+,D
core,N22_VORTEX_PSAR,15m,78944,41.857900318133616,77469,41.07582184517497,-0.1754856147141006,-30.89029421762833,0.0021519677090654,0.5326244868528754,-0.1703758743460782,-0.182088001589416,0.0024204383558099,0.0018050719870116,0.5942935480824241,78.0,-0.2423350155405115,0.1356938160658836,N+,L-,D
core,N23_HA_ST,15m,123341,65.39819724284199,120649,63.97083775185578,-0.168446904088387,-24.547158302873555,0.005358398005376,1.0031264775429225,-0.1694684453939246,-0.1671551465281298,-0.0003325070386978,0.0125546509376237,0.315799841016954,111.0,-0.0807950560434363,0.1711280483608616,N+,L-,D
core,N24_DMI,15m,44447,23.566808059384943,43768,23.2067868504772,-0.1836033387178829,-20.850567369752188,-0.0015518732670928,-0.2031450957644051,-0.1816335018476219,-0.186106204697673,-0.0040234403750854,0.0015884889246977,0.8390216251814988,58.0,-0.0971163812578,0.1705167370020275,NN,L-,F
core,N25_DST_CCI,15m,47279,25.06839872746553,46513,24.662248144220573,-0.1810460635624259,-21.563251760894968,0.0023223855469058,0.3383367080593467,-0.1765709382449511,-0.1869889314327242,0.0038631685413687,0.000276259661416,0.7351094640499389,55.0,-0.3718208274546398,0.1870908778696337,N+,L-,D
core,OBV_B,15m,38210,20.25980911983033,37400,19.83032873806999,-0.1821937183439106,-25.784133893029807,-0.0092328508275425,-1.5968206721498197,-0.1839507424112398,-0.1799482634175676,-0.0155189926314882,-0.0011992397098431,0.1103056865725602,45.0,-0.4002940554367542,0.183548335614766,NN,L--,F
core,OBV_S,15m,12635,6.699363732767763,12432,6.591728525980912,-0.179804674299831,-15.223256141940592,0.0040985498215557,0.371593773088625,-0.186037024591497,-0.171176921249343,-0.0053991442519475,0.0172466809727921,0.7101953259978677,9.0,-0.8420513553689943,0.2681551377122347,N+,L_thin,D
core,S1_EMA_RSI_CHOP,15m,180,0.0954400848356309,170,0.0901378579003181,-0.1191484276534003,-1.6805790679352637,0.0094428415574571,0.134935871104232,-0.1187882140655531,-0.1195442178918991,0.002147609347038,0.0174585905293991,0.8926625778610497,,,,Z+,L_thin,C
core,S2_ST_ROC,15m,94460,50.084835630965,92716,49.16012725344645,-0.1680202701585494,-22.830337883926685,0.0099058900041786,1.7280080518604408,-0.1585747406503555,-0.1802533730706269,0.0151119097310548,0.0031634649208696,0.083986780816804,105.0,-0.1647720630245533,0.2324319860992768,N+,L-,D
core,S3_CMO_SANDWICH,15m,8153,4.322905620360552,8037,4.261399787910922,-0.2021344685920877,-17.723745327003375,-0.0191184960947112,-1.814071256761272,-0.1964969121441104,-0.2093178066467684,-0.0169508774652272,-0.0218804617677633,0.0696667560785102,9.0,0.4774488070440471,0.6415003233535523,NN,L_thin,F
core,S4_BB_BBP,15m,34365,18.221102863202542,33995,18.02492046659597,-0.2022829225554493,-21.925804079342,-0.0133548740160217,-1.703442480455649,-0.2082058384000513,-0.194524413915629,-0.0247433196084769,0.0015630069469022,0.0884852936042737,39.0,0.4220944151649545,0.5280734239321181,NN,L+,D
core,S5_DONCHIAN_MFI,15m,1764,0.9353128313891834,1732,0.9183457051961824,-0.1546209699072803,-5.849327339380972,0.0074493020765405,0.2850904695338591,-0.1849487898597635,-0.1173454640454767,-0.0245619874096509,0.0467939371593114,0.7755748314252919,,,,N+,L_thin,D
core,S6_EMA_DMI_ADX,15m,9054,4.800636267232237,8765,4.6474019088016965,-0.1659205120836569,-15.75231669618089,-0.0138803911742159,-1.4062308798684775,-0.1711968646987927,-0.1596552548481151,-0.0247680142709228,-0.0009521878564891,0.1596555773453221,5.0,-0.5190844662215345,0.4919548251414269,NN,L_thin,F
core,V39_ALL,15m,36389,19.29427359490986,35683,18.919936373276776,-0.1603418195464468,-16.86914090039264,0.0105997511101487,1.2020168376892295,-0.1557939328398442,-0.1665056319389662,0.0104573257944943,0.0107927820676624,0.2293570045538628,26.0,-0.2402759747722677,0.3461381404439225,N+,L-,D
core,V45_AMB,15m,12733,6.751325556733828,12473,6.613467656415694,-0.1995082953535195,-14.95075311531798,-0.0208514514293429,-1.6341440332906405,-0.1943848125804816,-0.2063543200965149,-0.0187896748671402,-0.023606408161831,0.1022286108420393,11.0,-0.3217062058071624,0.3761602512485264,NN,L_thin,F
core,DOGE,30m,10532,5.584305408271474,9612,5.096500530222693,-0.099919763377149,-9.078831433909572,0.0078770719769437,0.7149222819367613,-0.0906079101024413,-0.1111697143010378,0.0121996154507785,0.0026548674906361,0.4746570677959174,3.0,-1.115673823076322,0.0125148784034593,N+,L_thin,D
core,N01_ST_EMA,30m,15446,8.189819724284199,14649,7.767232237539766,-0.1269873903180822,-10.553427934681348,0.0054308002220083,0.473358861179633,-0.145389719012448,-0.1026406367029389,-0.0143157723693046,0.0315560230461954,0.6359571747140356,22.0,-0.3317540994225773,0.257686488505479,N+,L-,D
core,N02_ST_KST,30m,13961,7.402439024390244,13113,6.952810180275716,-0.1279438657220275,-13.13044532469827,-0.0020550256671498,-0.2221662511340874,-0.1418139726937024,-0.1101333050888299,-0.0179747873088086,0.0183874900657031,0.8241844653036519,16.0,0.0115286829210352,0.2679338979635262,NN,L+,D
core,N03_ADX_GC,30m,528,0.2799575821845175,484,0.256627783669141,-0.0513076177718356,-1.3720455832931044,0.0620278483295182,1.653475652593931,-0.0338334003968424,-0.0737273683661665,0.0774007716099731,0.0423040977055382,0.0982340972723867,2.0,0.5566470166474153,,Z+,L_thin,C
core,N04_ST_KLINGER,30m,48379,25.651643690349943,44904,23.809119830328736,-0.1214925909523213,-18.662164757967822,0.0015771442670756,0.2561955041946758,-0.12525755246748,-0.116518248674423,-0.0045824618742361,0.0097153388065323,0.7977998799489721,43.0,-0.2003229722158712,0.1305801453775686,N+,L-,D
core,N05_PSAR_POC,30m,3917,2.076882290562036,3695,1.9591728525980912,-0.1353385159244076,-9.167215940020588,-0.003092134928114,-0.2185414290269301,-0.135472187294563,-0.1351587889996873,-0.0027369962606988,-0.0035696341896956,0.8270072826134454,4.0,-0.037047473476388,0.0626561415038318,NN,L_thin,F
core,N06_MACD_ORB,30m,5011,2.65694591728526,4737,2.5116648992576884,-0.1266635531895205,-8.258597172547429,0.005696214655477,0.3898618884078109,-0.1221039513624633,-0.1324235088659367,0.0080192532645862,0.0027616164316429,0.6966386770364874,3.0,0.3633010706242572,0.0376115194243021,N+,L_thin,D
core,N07_ICHI_CMO,30m,6639,3.5201484623541885,6306,3.3435843054082715,-0.1058681392364308,-8.554896017060916,0.0255493609223023,2.1944592048869844,-0.1098160448482108,-0.1000030796184574,0.0194771043379546,0.034570383810125,0.0282024136496867,9.0,0.0945252896665196,0.381379787649404,N+,L_thin,D
core,N08_ICHI_WR,30m,947,0.5021208907741251,888,0.4708377518557794,-0.1318450921542797,-4.606965787199611,0.0089293074923114,0.3252870544847868,-0.1262107737215529,-0.1391391322958717,0.0166515156230749,-0.001067659622708,0.7449638276104398,2.0,-0.2814707496577527,,N+,L_thin,D
core,N09_ALLIG_AROON,30m,7841,4.157476139978791,7340,3.8918345705196185,-0.1153870412004716,-10.33641452799127,0.0105734614231744,0.9790937675736828,-0.1156095288310906,-0.1150942056348951,0.0080856768080231,0.0138478538592097,0.3275336508200739,3.0,-0.6668664478794891,0.5206712330032232,N+,L_thin,D
core,N10_HA_PSAR,30m,21268,11.27677624602333,19750,10.471898197242842,-0.1122353424919309,-15.495132279046471,0.0124196053926348,1.786460892869825,-0.108730630362886,-0.1162649793939774,0.0131971050354389,0.0115256542957652,0.0740246637919543,24.0,-0.0391087321453569,0.1488919394178171,N+,L-,D
core,N11_BREAKAWAY,30m,307,0.1627783669141039,276,0.1463414634146341,-0.1393600451244139,-3.1438699906818086,-0.0269810600856663,-0.6046458880513128,-0.1142381021005272,-0.165981805642264,-0.0046185352216461,-0.0506786610609712,0.5454143096532862,1.0,0.3444006035011516,,NN,L_thin,F
core,N12_ICHI_AO,30m,7374,3.9098621420996817,6983,3.7025450689289503,-0.106789673563266,-8.711719647931739,0.0225915369347242,1.9790761566442088,-0.1085921502621974,-0.1044326344695214,0.0183552618986143,0.028131173523583,0.0478074325149386,12.0,-0.3556972878151197,0.273184744100339,N+,L_thin,D
core,N13_3OUTSIDE,30m,5357,2.840402969247084,4962,2.630965005302227,-0.1381632728604657,-10.445895057031017,-0.015393529211838,-1.1956107767703543,-0.1428494725912548,-0.1332724861562566,-0.0234745638680239,-0.0069596981497395,0.2318484839858721,6.0,0.1869099513798152,0.5128046761277687,NN,L_thin,F
core,N14_ICHI_RSI,30m,2,0.0010604453870625,2,0.0010604453870625,-0.4019324481487274,,-0.3160438388586044,,-0.4019324481487274,,-0.3160438388586044,,,,,,thin,L_thin,thin
core,N15_KC_AO,30m,69,0.0365853658536585,59,0.0312831389183457,0.0252298574097517,0.1836515647475148,0.1380747385851849,1.0023608766985563,-0.0912754879229598,0.2075860501044308,0.0284869057165148,0.3096035204665816,0.3161693304527739,,,,Z+,L_thin,C
core,N16_BBRSI,30m,6499,3.445917285259809,5909,3.133085896076352,-0.1154349915492476,-9.10054707817695,0.0049871875440326,0.40842660991606,-0.1206108117908764,-0.1086171169642943,-0.0012227338161774,0.0131672368965604,0.6829605006849284,7.0,-0.2629495842580874,0.2932931733071434,N+,L_thin,D
core,N17_KC_RSI,30m,73144,38.78260869565217,65077,34.505302226935314,-0.1301294576850456,-15.185762517540388,-0.0254032551455288,-2.9692031736952487,-0.1358579906894841,-0.1234223464727304,-0.0361907016924966,-0.0127730401094349,0.0029857311237946,28.0,-0.1830291935296054,0.2019740901062122,NN,L-,F
core,N18_VWMA_MACD,30m,49693,26.34835630965005,46461,24.634676564156948,-0.1128957812873086,-13.803007752651014,0.0122773823882838,1.6006550645255146,-0.1282250960637347,-0.0936766947138666,-0.0054834912372566,0.034545029234062,0.1094533389305236,39.0,-0.792470861337442,0.1347654852820018,N+,L--,F
core,N19_FIB_CHOP,30m,4520,2.3966065747614,4028,2.1357370095440085,-0.1064362065710514,-5.963770614404456,0.0124662582903983,0.7054886231320134,-0.1305600790831286,-0.0697902488901036,-0.0139166334939287,0.0525438343655269,0.4805062095094867,2.0,-0.3717823117829056,,N+,L_thin,D
core,N20_EMA9_CHOP,30m,21800,11.558854718981973,20909,11.086426299045598,-0.1502109232883456,-11.68247011606293,-0.010636342501907,-0.8845163265964973,-0.1554198754119177,-0.1434526212693214,-0.0166988313074664,-0.0027706279852555,0.3764175529757332,42.0,0.2555155573567638,0.2329867565406663,NN,L+,D
core,N22_VORTEX_PSAR,30m,39193,20.78101802757158,36666,19.441145281018027,-0.1209981335175121,-20.455803224893323,0.0059245466530767,1.1133920683741445,-0.124706256968712,-0.116194797443127,-9.201338455431516e-05,0.013718127490604,0.2655400799862195,46.0,-0.1162687534957442,0.1492833474707803,N+,L-,D
core,N23_HA_ST,30m,59743,31.67709437963945,55566,29.46235418875928,-0.1225562321605528,-17.614513357130367,0.0018726150244141,0.2882490588728601,-0.1275819703465706,-0.1164463068947696,-0.0058042384834945,0.0112055725867843,0.7731560980483589,61.0,-0.1840602378919772,0.1642875876982858,N+,L-,D
core,N24_DMI,30m,21430,11.362672322375396,20189,10.704665959703076,-0.1247160339083174,-13.857056743761074,0.0045123276006494,0.5404685491426046,-0.1300359523842297,-0.1181457902996296,-0.0020404112044773,0.0126051377534219,0.5888739449603206,33.0,0.0724229271050084,0.1672013232087199,N+,L+,C
core,N25_DST_CCI,30m,23600,12.513255567338282,22242,11.7932131495228,-0.1405237305288662,-15.232360849960209,-0.0119742601760014,-1.395968973184356,-0.1416148557463273,-0.1391354108048917,-0.0148512995600705,-0.0083135891002763,0.1627238385864604,31.0,-0.1600565075639769,0.1891569464114262,NN,L-,F
core,OBV_B,30m,19852,10.525980911983034,18507,9.812831389183456,-0.1443855103956451,-17.556938770522617,-0.019821714279197,-2.594023014530343,-0.1415584065009101,-0.1480194106722933,-0.0198752507815357,-0.0197528995776852,0.0094860136809475,24.0,-0.0187505479330524,0.1726346967777229,NN,L-,F
core,OBV_S,30m,6370,3.3775185577942737,6002,3.1823966065747613,-0.1466203839570693,-11.136447464078923,-0.0149607525162646,-1.1581952254082026,-0.1358207228331929,-0.1614411046772665,-0.0066142534824519,-0.0264149203602953,0.2467843763456461,8.0,0.5743986723081256,0.1504069241530301,NN,L_thin,F
core,S1_EMA_RSI_CHOP,30m,107,0.0567338282078472,89,0.0471898197242841,-0.2771726254311003,-2.836655993229121,-0.1743094218748339,-1.7655988282475288,-0.2117021877356633,-0.3573739116080105,-0.1091199636611403,-0.2541665081866086,0.077463176754811,,,,NN,L_thin,F
core,S2_ST_ROC,30m,47670,25.275715800636267,44727,23.715270413573705,-0.1290174961213118,-16.694683731249366,-0.002115266469102,-0.2928674328991548,-0.1340834420882996,-0.1224875073254816,-0.0097897164931716,0.0077770760465703,0.7696234827041855,47.0,-0.1756145878410863,0.1659239126350024,NN,L-,F
core,S3_CMO_SANDWICH,30m,3889,2.06203605514316,3666,1.943796394485684,-0.155472575789041,-9.701736771583558,-0.0210387517099329,-1.384161394056077,-0.1483247167367839,-0.1654403609468261,-0.0139053734015036,-0.0309863432765537,0.1663090415243955,5.0,-0.2263445269175274,0.4334812769063824,NN,L_thin,F
core,S4_BB_BBP,30m,17204,9.121951219512194,16492,8.744432661717921,-0.1284405676317684,-13.46183362854683,0.0036635261564275,0.4099418984957405,-0.1332145891768094,-0.1224366065182446,-0.0044952255738497,0.0139242314467845,0.6818485691849223,13.0,-0.0400993457174789,0.4452760115931933,N+,L_thin,D
core,S5_DONCHIAN_MFI,30m,941,0.4989395546129374,881,0.4671261930010604,-0.1307687610782487,-4.252584327414968,-0.0148936595829049,-0.4874486022308086,-0.1675331164993077,-0.087952288180013,-0.0516341755830757,0.027895049468891,0.6259404580922485,1.0,-1.1482110621362096,,NN,L_thin,F
core,S6_EMA_DMI_ADX,30m,5143,2.7269353128313893,4636,2.4581124072110287,-0.1090673404415894,-8.676241362374023,0.0011628679825696,0.0919600073880669,-0.1154582738207905,-0.1014230454238334,-0.0082069744240713,0.0123702825144355,0.9267298143833472,3.0,-0.6579561160569861,0.497497972231887,N+,L_thin,D
core,V39_ALL,30m,18123,9.609225874867445,16982,9.00424178154825,-0.1130611591063757,-10.902863249829752,0.011646036291177,1.18716766366056,-0.12447022833888,-0.0977867393282219,-0.0027192316417959,0.0308782039783318,0.2351614930145547,11.0,-0.3662887166743393,0.3233962834757758,N+,L_thin,D
core,V45_AMB,30m,6638,3.519618239660657,6251,3.314422057264051,-0.133353078178897,-7.958385401818005,-0.0098879954521324,-0.5948190000206296,-0.0920185157815217,-0.18328744886029,0.0266375760453867,-0.0540128469256455,0.5519644657045097,9.0,-0.4265099773064577,0.3614086341119061,NN,L_thin,F
core,DOGE,1h,5666,3.00424178154825,4231,2.243372216330859,-0.0544148686429053,-3.884540946745034,0.0290115557304088,2.0818607310275894,-0.0535164984479343,-0.0553351607900023,0.0266952065744214,0.0313844282390064,0.0373551925615431,2.0,-1.0938447857761056,,N+,L_thin,D
core,N01_ST_EMA,1h,7740,4.103923647932132,6389,3.387592788971368,-0.0923767207000492,-6.765454293243953,0.0060032710274044,0.4502667149744065,-0.1118732001062474,-0.0685770558844191,-0.0126253581708742,0.0287435371881117,0.6525181362395696,14.0,-0.3603947941618332,0.2807403213518234,N+,L_thin,D
core,N02_ST_KST,1h,6976,3.6988335100742313,5591,2.964475079533404,-0.0896845663624858,-6.735205774613166,0.0055478494207086,0.4212303588772683,-0.0850204333789649,-0.0951593009959421,0.0098556286868068,0.0004914008964665,0.6735868777695238,7.0,-0.6420235152230039,0.3699157553507706,N+,L_thin,D
core,N03_ADX_GC,1h,278,0.1474019088016967,245,0.1299045599151643,-0.0063558073315237,-0.1203654339990077,0.0836077658326498,1.5917182547219455,0.0296112174116896,-0.0450660797246431,0.1178984127784749,0.0467017305604482,0.1114480247464184,0.0,,,Z+,L_thin,C
core,N04_ST_KLINGER,1h,24692,13.092258748674444,19280,10.22269353128314,-0.0849088069450621,-10.015343680996445,0.0065994504753802,0.8026820630873908,-0.0970216594244072,-0.0699544600964315,-0.0064997633118267,0.0227715442701564,0.4221585229025826,28.0,-0.2650447031142636,0.1109315732847543,N+,L--,F
core,N05_PSAR_POC,1h,1969,1.0440084835630965,1621,0.8594909862142099,-0.0650833012092752,-3.400569151650644,0.0319369693295622,1.691447266777008,-0.0959496595464917,-0.0295029572030282,0.0014380104560834,0.0670938037282071,0.0907514112674723,1.0,0.2972534025926007,,N+,L_thin,D
core,N06_MACD_ORB,1h,3569,1.892364793213149,2899,1.53711558854719,-0.0936930869907458,-5.827864192491631,0.0041152971692925,0.2545415394893795,-0.0854154694410155,-0.1030342750773356,0.0127818936358764,-0.0056648487698699,0.7990772167129285,7.0,0.2406834895420047,0.5027223294810484,N+,L_thin,D
core,N07_ICHI_CMO,1h,3191,1.6919406150583245,2590,1.3732767762460234,-0.0876668785066967,-4.5676935166640895,0.0138965031000516,0.7205932037686805,-0.0611921833036796,-0.1231898872601121,0.0417605716787252,-0.023490728157409,0.4711598365106044,10.0,-0.1996497428648193,0.2241951151309614,N+,L_thin,D
core,N08_ICHI_WR,1h,469,0.2486744432661718,388,0.2057264050901378,-0.078170103750662,-1.9896919789493304,0.0226144691654384,0.5815197767540616,-0.0823977049343132,-0.0740287801421874,0.0194603026599603,0.0257042649259068,0.560890193276794,1.0,-1.0678456106830228,,Z+,L_thin,C
core,N09_ALLIG_AROON,1h,3801,2.0153764581124074,3055,1.61983032873807,-0.0840260820105098,-5.501072977882585,0.0154999484019978,1.029590171262758,-0.0906306197532636,-0.0755055351924595,0.0096695870322049,0.0230217264510336,0.3032024310730581,8.0,-0.1329949398267343,0.3306438687366682,N+,L_thin,D
core,N10_HA_PSAR,1h,10367,5.496818663838813,8185,4.339872746553553,-0.0872203965367583,-8.74398457049925,0.0058793582295058,0.5908479574495449,-0.0788866422068976,-0.0957124387510293,0.0139574833190385,-0.0023521994283282,0.5546222986990257,10.0,-0.2992837899139388,0.2660441735075509,N+,L_thin,D
core,N11_BREAKAWAY,1h,162,0.0858960763520678,112,0.0593849416755037,-0.0407518436259124,-0.6885191780993467,0.0433190580723541,0.7305889837803013,-0.0314023555921656,-0.0480236676521599,0.0448103127811028,0.0421591932988829,0.4650302428334565,0.0,,,Z+,L_thin,C
core,N12_ICHI_AO,1h,3712,1.968186638388123,3026,1.6044538706256628,-0.0814511993237093,-4.947637199736961,0.0151735951250923,0.9234331904251616,-0.0817471684323491,-0.0810783091920624,0.0146008220939923,0.0158952292576282,0.355781501858937,6.0,-0.0126155703389397,0.4091390350545885,N+,L_thin,D
core,N13_3OUTSIDE,1h,2314,1.2269353128313891,1828,0.9692470837751856,-0.0636178204972596,-3.098168828987141,0.0305322093395689,1.5288354669582729,-0.0711641571943839,-0.0565665873717984,0.0211431055919331,0.0393053083968836,0.1263052375249325,7.0,0.2355297112797979,0.27566139426055,N+,L_thin,D
core,N14_ICHI_RSI,1h,4,0.0021208907741251,0,0.0,,,,,,,,,,,,,thin,L_thin,thin
core,N15_KC_AO,1h,36,0.0190880169671261,28,0.0148462354188759,-0.0619829583114811,-0.5409111734935534,0.0427689702649201,0.3739501184765582,-0.0593009125441312,-0.0668106406927108,0.0588875156309869,0.0137555886059999,0.7084414278202937,,,,thin,L_thin,thin
core,N16_BBRSI,1h,3387,1.795864262990456,2537,1.3451749734888654,-0.1150832384203718,-6.736332382386759,-0.0240665226605588,-1.4266323558925496,-0.1067279561466952,-0.1248919245514231,-0.0162233182840919,-0.0332740547906013,0.1536858927975839,5.0,0.418611621866186,0.1577037595124567,NN,L_thin,F
core,N17_KC_RSI,1h,39771,21.087486744432663,28407,15.06203605514316,-0.1265273349234778,-11.324743268021104,-0.0436456209086168,-3.899109450484445,-0.1277968066307203,-0.1251581966367467,-0.0469578735900946,-0.0400733223409002,9.654712821038912e-05,18.0,-0.2578853347844239,0.3735957755531635,NN,L-,F
core,N18_VWMA_MACD,1h,24136,12.79745493107105,19057,10.104453870625663,-0.0985585330682701,-8.463463110573612,-0.0034819358829328,-0.2996955353672613,-0.0908075973755174,-0.1075224985293919,0.0043925959194865,-0.012588840377753,0.7644094044274077,38.0,-0.0111314249949938,0.1951945354975496,NN,L-,F
core,N19_FIB_CHOP,1h,2208,1.170731707317073,1647,0.8732767762460233,-0.0870126166356414,-3.3625541827804044,0.0058161708905422,0.2233341908534633,-0.116731525296305,-0.0431269500119247,-0.0245100528988648,0.0505986547419675,0.8232754187429179,2.0,-1.1146078867541418,,N+,L_thin,D
core,N20_EMA9_CHOP,1h,10401,5.514846235418876,8849,4.691940615058325,-0.0965216852714432,-6.731670787294146,0.0072565593676735,0.512974554995651,-0.102723522670539,-0.0888579190463351,0.0022861999428979,0.0133985573329533,0.6079691198318931,17.0,0.2918372561967974,0.0975639641582413,N+,L++,C
core,N22_VORTEX_PSAR,1h,19282,10.2237539766702,15411,8.171261930010605,-0.0854943172994677,-11.190467507133308,0.0102299000511102,1.352720180339542,-0.0751572550359285,-0.0977120428801028,0.0204599521827256,-0.0018613466138657,0.1761450409363758,32.0,-0.026432743225957,0.2429701446793802,N+,L-,D
core,N23_HA_ST,1h,29204,15.484623541887592,23114,12.25556733828208,-0.0850964760102196,-10.126969933067294,0.0088041106051847,1.0894287901482256,-0.0931935940737107,-0.0759472996653497,6.441708880862794e-05,0.0186793522102164,0.2759648412135163,30.0,-0.1859725575373612,0.191857226958127,N+,L-,D
core,N24_DMI,1h,10749,5.699363732767763,8704,4.615058324496289,-0.0780686055464358,-7.223622297473305,0.0181982684564111,1.728623819581836,-0.0932435284525706,-0.0605255376239857,0.003741916614007,0.0349106276460321,0.0838764436855143,19.0,0.0622656488680815,0.1799511707151252,N+,L+,C
core,N25_DST_CCI,1h,11654,6.179215270413573,9544,5.060445387062567,-0.0885552146487768,-7.236636209559194,0.0076300797298051,0.6354718820352389,-0.0875206588206513,-0.08979311010342,0.0080706583138096,0.0071029064137546,0.5251206996010869,21.0,-0.134281094553289,0.1917402961212082,N+,L-,D
core,OBV_B,1h,9959,5.280487804878049,7981,4.2317073170731705,-0.1067575727020651,-9.473756272467329,-0.0131121667906953,-1.1990224559520917,-0.1048992538201376,-0.1088743926560163,-0.0114397072884911,-0.0150172734335169,0.2305192139897189,15.0,-0.1432410967995589,0.2058480690255956,NN,L-,F
core,OBV_S,1h,3351,1.7767762460233298,2700,1.4316012725344645,-0.0939687166239471,-5.42910255809396,0.0043202731189861,0.2473122319245513,-0.0932141030284809,-0.0949248139501927,0.0059609791057414,0.0022414945010064,0.8046665930590176,1.0,0.2210185541757995,,N+,L_thin,D
core,S1_EMA_RSI_CHOP,1h,65,0.0344644750795334,43,0.0227995758218451,0.0528109302787586,0.5641032888765125,0.1380550599288801,1.496230163954979,0.0183383504301309,0.1006895134018527,0.1057468236237764,0.1829276103526353,0.1345936866185013,,,,P,L_thin,B
core,S2_ST_ROC,1h,23261,12.333510074231176,18896,10.019088016967126,-0.0912965138454799,-9.410607379310138,0.0050133389865598,0.5356977255332257,-0.1091310315254296,-0.069409078899271,-0.0129409109691334,0.027047715523415,0.5921674758125473,32.0,-0.3488652184619323,0.2112309084161858,N+,L-,D
core,S3_CMO_SANDWICH,1h,1912,1.0137857900318137,1551,0.8223753976670202,-0.1220426253691393,-6.151983095132718,-0.0216434598611553,-1.1199972251734502,-0.1691047119282861,-0.0636230699438399,-0.0670636606126767,0.0347379743087245,0.2627149445471497,4.0,0.0525034439352893,0.396381467054458,NN,L_thin,F
core,S4_BB_BBP,1h,8447,4.478791092258748,7193,3.81389183457052,-0.0792710516508432,-6.260890704892782,0.0193183466094945,1.554804146943517,-0.0727730358765022,-0.0870361507574404,0.0239493368570407,0.013784334461374,0.1199927212006248,5.0,-0.5097893075039174,0.3660978310566561,N+,L_thin,D
core,S5_DONCHIAN_MFI,1h,456,0.2417815482502651,360,0.1908801696712619,-0.1112640819965034,-2.8432585701525586,-0.0219768428495929,-0.564105782154846,-0.1001744302255766,-0.1245175682593182,-0.012616358621388,-0.0331637630247647,0.5726821431911389,,,,NN,L_thin,F
core,S6_EMA_DMI_ADX,1h,2653,1.406680805938494,1898,1.0063626723223753,-0.0789294267756615,-4.223365418604148,0.0073893185781554,0.3984765432582789,-0.0829465794270371,-0.0742028228532861,0.0033030531623425,0.0121972409596051,0.6902789455608838,6.0,-0.4261549183385595,0.4649736759512306,N+,L_thin,D
core,V39_ALL,1h,8748,4.638388123011665,6981,3.701484623541888,-0.1027133755669341,-7.440289380098434,-0.0085277914795871,-0.6272163899629625,-0.1189631174987129,-0.0828818679994291,-0.025807737740406,0.0125609978978817,0.5305174010012434,7.0,2.173737589107803e-05,0.3045136111379832,NN,L_thin,F
core,V45_AMB,1h,3385,1.7948038176033934,2739,1.4522799575821843,-0.0920660996966394,-4.557806362645812,-0.0003872717981977,-0.0193748893097411,-0.0885642694425538,-0.0963940760269951,0.0006372668036681,-0.0016535178742998,0.9845420420762404,2.0,-1.1117578291733383,,NN,L_thin,F
core,DOGE,4h,1,0.0005302226935312,0,0.0,,,,,,,,,,,,,thin,L_thin,thin
core,N01_ST_EMA,4h,1843,0.9772004241781548,409,0.2168610816542948,-0.0339246124232957,-0.822721906280833,0.0398993414008652,0.9668162830790672,-0.0371078848039536,-0.0308484694016022,0.0388369682443036,0.040925961614658,0.3336358829523624,1.0,-1.047482270593517,,Z+,L_thin,C
core,N02_ST_KST,4h,1685,0.8934252386002121,358,0.1898197242841993,0.0096723247870969,0.2804736300318813,0.081277190894929,2.367016062083614,-0.0118571407265133,0.0314436944076017,0.0614509210249202,0.101326227842129,0.0179321545509947,,,,Z+,L_thin,C
core,N03_ADX_GC,4h,58,0.0307529162248144,9,0.0047720042417815,0.2015581635965241,1.13338224197796,0.2726611445347468,1.5445685083416896,0.5433716277281443,0.030651431530714,0.6075010697046915,0.1052411819497744,0.1224506683747528,,,,thin,L_thin,thin
core,N04_ST_KLINGER,4h,6550,3.4729586426299046,1206,0.6394485683987274,-0.0783153531715161,-3.198948834595562,-0.0069352123806419,-0.2837005648777114,-0.0697324521248511,-0.0866182248202474,0.0027389414365046,-0.0162937331205571,0.7766398618008012,4.0,-0.4088834803108855,0.2965447452961486,NN,L_thin,F
core,N05_PSAR_POC,4h,462,0.2449628844114528,94,0.0498409331919406,-0.0565609351417267,-0.8614640752802923,0.0166137325082053,0.2502407801552629,-0.0530413379227476,-0.0603933854468373,0.0214026631901458,0.0113991190989812,0.8024011502217203,0.0,,,Z+,L_thin,C
core,N06_MACD_ORB,4h,1024,0.542948038176034,226,0.11983032873807,-0.0333260221085387,-0.6229001313402376,0.0393107845674606,0.7382452115387961,0.0034164041118777,-0.0713924997242855,0.0801248566328507,-0.0029740648696551,0.4603654534344883,,,,Z+,L_thin,C
core,N07_ICHI_CMO,4h,814,0.4316012725344644,189,0.1002120890774125,-0.0140117196472135,-0.2370922234117957,0.0600774596376275,1.0204554805797492,-0.0325581228826195,0.0107168179999944,0.041673841420561,0.0846156172603828,0.3075124929271222,0.0,,,Z+,L_thin,C
core,N08_ICHI_WR,4h,85,0.045068928950159,21,0.0111346765641569,-0.1697087552221048,-1.0759918550453424,-0.0972478538751602,-0.6227364132490456,-0.2726673719007522,0.1597588181495666,-0.2011335548013448,0.2351863890886306,0.5334577498639066,1.0,0.25807127717786,,thin,L_thin,thin
core,N09_ALLIG_AROON,4h,911,0.4830328738069989,196,0.1039236479321314,0.0085226222159987,0.1751919466467591,0.0800676966603959,1.645959580120141,0.0208181924334614,-0.0062596925398272,0.0963323683408306,0.0605135408198733,0.0997720810400171,1.0,0.1973365081477602,,Z+,L_thin,C
core,N10_HA_PSAR,4h,2347,1.2444326617179216,415,0.2200424178154825,-0.0419235507807559,-1.033570015646062,0.0330318959845028,0.8228624447565864,-0.0380186957929636,-0.046286628547728,0.0392305684258914,0.026105828307645,0.4105862213252782,3.0,0.5720502969284713,0.3373257379685512,Z+,L_thin,C
core,N11_BREAKAWAY,4h,36,0.0190880169671261,5,0.0026511134676564,-0.0698782414197921,-0.2487656805356541,0.0013784855604171,0.0049492079101966,0.2527986392378807,-0.2849961618582408,0.3187954276800155,-0.2102328091859817,0.9960511195413372,,,,thin,L_thin,thin
core,N12_ICHI_AO,4h,868,0.4602332979851538,199,0.1055143160127253,-0.0490600682792707,-0.9382133722086572,0.0212665485351547,0.406249816345453,-0.0070839601124976,-0.0978801071254091,0.0637699181113879,-0.0281667182545947,0.684559054296493,2.0,-1.0465424193339443,,Z+,L_thin,C
core,N13_3OUTSIDE,4h,533,0.2826086956521739,73,0.0387062566277836,-0.1118798040057698,-1.3313346848410712,-0.0425184334896198,-0.5071021477433255,-0.1621083881834457,-0.0787746007977561,-0.0956162413389518,-0.0075221510434692,0.6120831481238269,,,,Z-,L_thin,D
core,N14_ICHI_RSI,4h,3,0.0015906680805938,2,0.0010604453870625,0.1494046300649643,,0.2028448581695556,,0.1494046300649643,,0.2028448581695556,,,,,,thin,L_thin,thin
core,N15_KC_AO,4h,5,0.0026511134676564,1,0.0005302226935312,0.0639075264334678,,0.1218506172299385,,0.0639075264334678,,0.1218506172299385,,,,,,thin,L_thin,thin
core,N16_BBRSI,4h,868,0.4602332979851538,157,0.0832449628844114,-0.0711846054579089,-1.2526741020004304,0.0007009613283192,0.0123853332395752,-0.0986500577158988,-0.0302044068507495,-0.0258539200071839,0.0403225303051017,0.9901181864676248,,,,Z+,L_thin,C
core,N17_KC_RSI,4h,10853,5.754506892895016,1504,0.7974549310710498,-0.15162082523432,-4.425484615598324,-0.0837703059576674,-2.464019305215919,-0.1605074774180614,-0.1414953509822903,-0.0932028789599931,-0.073022808127137,0.0137388711307884,0.0,,,NN,L_thin,F
core,N18_VWMA_MACD,4h,6063,3.21474019088017,1259,0.6675503711558854,-0.0583930192633322,-1.7236293926987454,0.0135414484413777,0.4011060526740976,-0.0399585176976167,-0.0781312766963597,0.0336684000700892,-0.0080089553584433,0.6883420447815602,,,,Z+,L_thin,C
core,N19_FIB_CHOP,4h,517,0.2741251325556734,97,0.0514316012725344,-0.1590794950493217,-1.9747941628652212,-0.090129189423679,-1.1222778479022504,-0.1699418188072741,-0.1442431504043137,-0.0990834250114858,-0.0778990139866747,0.2617443218450592,,,,Z-,L_thin,D
core,N20_EMA9_CHOP,4h,2426,1.2863202545068928,624,0.3308589607635206,-0.0702703962793188,-1.6477349538968211,0.0034007161433318,0.0795468949410018,-0.0070606990405146,-0.1318798480184065,0.0689907299654026,-0.060528790999699,0.9365976329895358,2.0,1.4070816411151177,,Z+,L_thin,C
core,N22_VORTEX_PSAR,4h,4750,2.518557794273595,956,0.5068928950159067,-0.009456461388155,-0.3709620855436822,0.0639848108559254,2.492205830573269,-0.0022026465413355,-0.0176129731936897,0.0732622516678329,0.0535528440763139,0.0126952443772396,4.0,0.5045977496284113,0.162223219955359,Z+,L_thin,C
core,N23_HA_ST,4h,7167,3.800106044538706,1416,0.750795334040297,0.0265450661466835,1.063143702983714,0.0992131085787988,3.949138943301536,0.0105175509796855,0.0421261324232358,0.0847416335288542,0.1132814784741488,7.843281786534817e-05,0.0,,,P,L_thin,B
core,N24_DMI,4h,2620,1.389183457051962,558,0.295864262990456,-0.0594862720615724,-1.6203485292716653,0.0112098276032648,0.3058601005423991,0.0269328444107511,-0.1343443027182005,0.0978829871852339,-0.0638682604627216,0.7597111661281375,4.0,0.7634066602296279,0.4032392580040295,Z+,L_thin,C
core,N25_DST_CCI,4h,2613,1.385471898197243,576,0.3054082714740191,-0.0247730029936469,-0.7562198971692521,0.0488155030741634,1.4979134551665314,-0.0598507707940952,0.011043244128916,0.0158940726607922,0.0824300162330792,0.1341557373830544,,,,Z+,L_thin,C
core,OBV_B,4h,2325,1.2327677624602331,446,0.2364793213149522,-0.0995748283995645,-2.8935899182363087,-0.0273191443915403,-0.7961040650772241,-0.0923974215908089,-0.1071491424972835,-0.0210437250082629,-0.0339415915748147,0.4259715515974043,2.0,1.30011986536124,,NN,L_thin,F
core,OBV_S,4h,737,0.3907741251325556,185,0.0980911983032873,-0.0936373153456008,-1.7212403852106473,-0.0173000829621545,-0.3146997032767374,-0.045792316935452,-0.1452454035183456,0.0357605276561419,-0.0745340000335754,0.7529896695665981,1.0,1.0564288708648255,,Z-,L_thin,D
core,S1_EMA_RSI_CHOP,4h,14,0.0074231177094379,4,0.0021208907741251,-0.2849041633307934,-0.4888689610225528,-0.2296075150370597,-0.394759597505783,-0.4597596526145935,0.239662304520607,-0.4048675497372945,0.2961725890636444,0.693020314784291,,,,thin,L_thin,thin
core,S2_ST_ROC,4h,5725,3.035524920466596,1285,0.6813361611876988,-0.0268477025232096,-0.954650239568093,0.0480363686682279,1.7161027616886484,-0.0107057827196602,-0.0441612132802425,0.0663310709027783,0.0284138251424601,0.0861432358739517,1.0,-1.047482270593517,,Z+,L_thin,C
core,S3_CMO_SANDWICH,4h,439,0.2327677624602332,82,0.0434782608695652,-0.1962558540299807,-2.6279303267196115,-0.1242362474227642,-1.683101771877992,-0.1321926595058379,-0.2668896326078818,-0.0643627293364599,-0.1902506391589458,0.0923553915479231,,,,NN,L_thin,F
core,S4_BB_BBP,4h,2206,1.1696712619300107,571,0.3027571580063626,-0.0200274371670073,-0.5393883604751507,0.0519695875158243,1.4098729632561136,0.0165209889892139,-0.05327550377066,0.0905401190838721,0.0168820136479011,0.1585771972960628,0.0,,,Z+,L_thin,C
core,S5_DONCHIAN_MFI,4h,90,0.0477200424178154,20,0.0106044538706256,0.004131723701721,0.0244851916132166,0.0724233562126755,0.432552328220914,0.2878609419696861,-0.2280103639720685,0.3502833255463176,-0.1549166186966679,0.6653400286877067,,,,thin,L_thin,thin
core,S6_EMA_DMI_ADX,4h,690,0.3658536585365853,94,0.0498409331919406,-0.0027507579380131,-0.051493591794809,0.0660631413313936,1.216994248408151,-0.0112299325188533,0.0040978061465116,0.0578306732876669,0.0727124424436344,0.2236064042011674,,,,Z+,L_thin,C
core,V39_ALL,4h,2264,1.200424178154825,429,0.2274655355249204,-0.0249822439326273,-0.565133332711973,0.0467659259868442,1.0677087965338947,-0.0214504513796418,-0.028877603366067,0.0503307809991141,0.0428341006056643,0.2856518892302835,2.0,-1.0674679091030383,,Z+,L_thin,C
core,V45_AMB,4h,511,0.2709437963944857,121,0.0641569459172852,-0.1283676210456058,-1.812897987787574,-0.0526516258655008,-0.7480408068382162,-0.1292141484317638,-0.1275620546620038,-0.0505448506545212,-0.0546564603404652,0.4544355441414591,,,,Z-,L_thin,D
ds,F10_M2022,15m,2437,1.292152704135737,2366,1.2545068928950158,-0.1430296481402037,-6.664251725314901,0.0191400906870917,0.9195289927178786,-0.1221445117578488,-0.1676037874530205,0.0338138012136125,0.0018745196075885,0.3578189480570999,3.0,0.7316958087164966,0.0808477659298893,N+,L_thin,D
ds,F10_OTE,15m,37939,20.11611876988335,37130,19.687168610816546,-0.171865636298495,-26.51230744439217,0.0017698512246716,0.3468641449872046,-0.1732722884074138,-0.1699828947303666,-0.0033887969188405,0.0086744733651126,0.728693384392382,23.0,-0.2074509889796195,0.1991819381397963,N+,L-,D
ds,F11_PO3,15m,9618,5.099681866383881,9461,5.01643690349947,-0.2058066319678105,-16.200619563353534,-0.0245218168559479,-2.1240723762576192,-0.1958771404830934,-0.2182818433061099,-0.0208961475330459,-0.0290770341211633,0.0336640919770609,6.0,-0.2543440835701772,0.2896837559388309,NN,L_thin,F
ds,F11_RAID,15m,48765,25.85630965005302,47856,25.374337221633088,-0.1950507213452926,-30.5359380883804,-0.0189896149797274,-4.0073938838663,-0.1907918358724828,-0.2005464651051232,-0.018250936683664,-0.0199428189721874,6.139243034919417e-05,36.0,-0.0979974186680766,0.1450167461982998,NN,L-,F
ds,F11_TSOUP,15m,36652,19.43372216330859,36000,19.088016967126197,-0.1934321992134225,-28.382804770512355,-0.0172196993942327,-3.297591580991793,-0.185350307974319,-0.2037600830064455,-0.0122602680653058,-0.0235573781539775,0.0009751786724869,25.0,-0.472044054551356,0.1952265408499441,NN,L--,F
ds,F12_MSS,15m,37927,20.10975609756097,37178,19.712619300106045,-0.1758504665449487,-25.253838161458354,-0.0006988335792847,-0.1255557552504264,-0.1820545997048162,-0.1679738193728734,-0.0117698910374964,0.0133567663205032,0.900083587898892,24.0,-0.1031107709841644,0.2635242014325789,NN,L-,F
ds,F12_MSS_DISP,15m,10670,5.657476139978791,10436,5.533404029692471,-0.1694150312872313,-14.0328328484391,0.000743039634199,0.0663854034692933,-0.1747918427541168,-0.1627686148843038,-0.0099256099922549,0.013930834726338,0.9470709909108128,12.0,0.3613900330974457,0.402851077935815,N+,L_thin,D
ds,F13_FVG_PD,15m,8436,4.472958642629904,8203,4.349416755037115,-0.151744959418277,-11.98505128477691,0.0167450589803453,1.504578676532705,-0.1427687985561677,-0.1615523310949133,0.0209402921277431,0.0121613386817982,0.1324324318650922,9.0,-0.253242713552282,0.2329490427241897,N+,L_thin,D
ds,F13_RAID_PD,15m,46228,24.51113467656416,45350,24.04559915164369,-0.1914516920554794,-30.76221721605989,-0.0157067122668219,-3.402350903374445,-0.1877913688566058,-0.1961509225187359,-0.0157363657948284,-0.0156686421963445,0.0006680879732421,34.0,-0.0267641493898308,0.1855347980430585,NN,L-,F
ds,F14_SMT,15m,81067,42.98356309650053,78812,41.787910922587486,-0.1592131491669395,-21.672682580721705,-0.0042491536105733,-0.636805970323001,-0.1463836410843235,-0.1722170389128144,0.0052618925978357,-0.0138894761752133,0.5242512367194858,112.0,-0.1374436774698846,0.1693368698400757,NN,L-,F
ds,F15_ASIA_BRK,15m,9142,4.847295864262991,8977,4.7598091198303285,-0.1719213291633173,-12.042241419668828,0.0149640260128617,1.078381942696184,-0.1886745275235486,-0.1514392064837376,-0.0072244708133254,0.0420912350566132,0.280863342035079,6.0,-1.2416805655447336,0.0250074391323397,N+,L_thin,D
ds,F15_ASIA_SWEEP,15m,8934,4.737009544008483,8787,4.659066808059385,-0.224755799609267,-16.106785405075783,-0.0369571551514931,-2.9604536726757904,-0.1988793872281557,-0.2577241169364436,-0.0157772564942521,-0.0639417931146393,0.0030718631801716,6.0,0.6073735871267877,0.5964792579525261,NN,L_thin,F
ds,F15_LON_BRK,15m,10405,5.516967126193001,10224,5.420996818663839,-0.2066252334875254,-16.52129763011186,-0.0187576111734991,-1.5621062411490485,-0.1983207289402853,-0.2168145765750017,-0.0170269372111793,-0.0208810889408152,0.1182629628617979,6.0,-0.8820772359738905,0.311471901133791,NN,L_thin,F
ds,F15_OPEN0000,15m,11255,5.967656415694592,11048,5.857900318133616,-0.1949741803841772,-13.71191431758498,-0.0109321669849316,-0.7677572723313759,-0.2036075519755373,-0.183908772681579,-0.0233116631273134,0.0049346552082987,0.4426314034586356,8.0,-0.7049202443163677,0.2154760986051709,NN,L_thin,F
ds,F15_OPEN0930,15m,11282,5.981972428419937,10997,5.83085896076352,-0.1499304331421864,-11.01348273312552,0.0079770944843509,0.5949935091267305,-0.143422309937443,-0.1582033572076957,0.0112367424300049,0.0038335312655363,0.5518478097731214,6.0,-0.3681437971310737,,N+,L_thin,D
ds,F15_ORB,15m,11303,5.993107104984094,11045,5.856309650053023,-0.218849266530755,-16.045599454651818,-0.051838954071244,-4.10980952149592,-0.2136399903997124,-0.2254787671213925,-0.0528954084574492,-0.0504944745694582,3.959856173230136e-05,12.0,1.0912365645727882,1.2221621390460586,NN,L_thin,F
ds,F16_FIB382,15m,21598,11.451749734888653,21075,11.174443266171792,-0.1417129542696367,-19.16204137719208,0.0262354190425211,3.886027155530496,-0.1444295178564272,-0.1381491780591904,0.0180702616244962,0.0369470379062947,0.0001018981130838,18.0,-0.3987818375320742,0.2188783653724245,N+,L-,D
ds,F16_FIB500,15m,22793,12.085365853658535,22285,11.816012725344644,-0.1499663335990435,-20.5212334408502,0.0220641777604326,3.313281027043614,-0.1492372605644866,-0.150948052664634,0.0193890053395812,0.0256663789732207,0.0009220827885723,13.0,0.2858455091767183,0.2519310192124808,N+,L_thin,D
ds,F16_FIB618,15m,21616,11.461293743372217,21207,11.24443266171792,-0.171788324353008,-23.861185530210843,0.0019485583577706,0.3005718874933592,-0.1790467350838686,-0.1619605860807206,-0.0088319455941389,0.016545138134149,0.7637409712206393,13.0,-0.2952377471777268,0.2729838335250417,N+,L_thin,D
ds,F16_FIB764,15m,19303,10.23488865323436,18965,10.055673382820784,-0.1903842004245342,-24.272504613570685,-0.0146298032708009,-2.185763849662743,-0.1894501729472577,-0.191657503926267,-0.0167269613196046,-0.0117708737936779,0.0288328868423013,11.0,-0.1883526772201663,0.3504410432982165,NN,L_thin,F
ds,F17_Z,15m,67001,35.5254506892895,65620,34.7932131495228,-0.1815185694394707,-31.85169575197194,-0.008337382792379,-1.7940707271564151,-0.1747254551499314,-0.1901540914395468,-0.0067517490615074,-0.0103530672610018,0.0728018806450729,50.0,-0.2069389313418786,0.2725246934595062,NN,L-,F
ds,F17_Z_HL,15m,45956,24.366914103923648,45312,24.025450689289503,-0.2032258496044064,-30.601490270497187,-0.0190100749884548,-3.484112606132291,-0.200194938134485,-0.2072490580443457,-0.0203992558268461,-0.0171660870894079,0.0004937716962718,47.0,-0.1472270385484822,0.2879067506708052,NN,L-,F
ds,F1_MOM_DIV,15m,27005,14.3186638388123,26444,14.02120890774125,-0.1821043783564256,-24.32617875546184,-0.0115497773199993,-1.7616752563623728,-0.1767164816430814,-0.1886233461498234,-0.0106812135841353,-0.0126006770164592,0.0781241807643104,25.0,0.1937803266903793,0.2700929401110168,NN,L+,D
ds,F1_PVT_DIV,15m,16890,8.955461293743372,16550,8.775185577942736,-0.2036999899990419,-23.2778498467566,-0.0268493795546589,-3.5381342246353245,-0.1988463301186606,-0.2098849546920166,-0.0242974278931356,-0.0301013031161959,0.0004029651589281,15.0,0.1670234074300881,0.6303827064046299,NN,L+,D
ds,F1_RSI_DIV,15m,21086,11.180275715800637,20590,10.91728525980912,-0.1826784598256434,-22.764006682808613,-0.0151978774958455,-2.1934257582215477,-0.1802759425440114,-0.1855643572146126,-0.017248531441333,-0.0127346374133677,0.0282767181695797,18.0,0.4478728981342891,0.5079248014720847,NN,L+,D
ds,F2_DEMARK,15m,45948,24.3626723223754,44810,23.7592788971368,-0.1880012082138124,-20.017383393322778,-0.0247324678102504,-2.8166601885384783,-0.2056588199402561,-0.1650095735255661,-0.0450163547285918,0.0016787890068756,0.0048525837378936,34.0,-0.1170830499773042,0.296209802936859,NN,L-,F
ds,F3_BOS,15m,35121,18.621951219512194,34364,18.220572640509012,-0.1766091560838305,-22.367774524227613,-0.0061896724868705,-0.8714302461378155,-0.1771926849490591,-0.175897143798735,-0.0122588360708666,0.0012158206936016,0.3835192769745355,29.0,0.0175905396609717,0.4603898636225337,NN,L+,D
ds,F3_BOS_ZONE,15m,12568,6.663838812301167,12344,6.545068928950159,-0.1798727524001935,-17.536893698051692,-0.0001627154696514,-0.0177277554879151,-0.1791173089191521,-0.1808744587834775,-0.0015609478073731,0.001691319005673,0.9858560384473308,12.0,-0.1278688221156068,0.7835251225182965,NN,L_thin,F
ds,F3_HHHL,15m,59081,31.32608695652174,57788,30.64050901378579,-0.1833641663797572,-30.073951562283312,-0.0118874561374766,-2.4881488674759384,-0.1807398980487751,-0.1866891043690762,-0.013642526881163,-0.0096637881837346,0.0128409969630451,41.0,0.1959655946903026,0.4698699114827807,NN,L+,D
ds,F4_FAN,15m,40470,21.45811240721103,39865,21.1373276776246,-0.1660426360827487,-19.39290577466707,0.014562011434855,2.112988516327128,-0.162521888302168,-0.1706668865770547,0.0142594288673302,0.0149594320041906,0.0346017507913494,32.0,-0.0022093141943098,0.3671701602013336,N+,L-,D
ds,F4_PULL,15m,67872,35.98727465535525,66818,35.428419936373274,-0.1763283624812728,-16.796719624999895,0.0042039081565525,0.4468826604093922,-0.1712025069043992,-0.1835693391100516,0.0060720086086918,0.0015649591047725,0.6549597842050527,52.0,-0.5895940165390005,0.2186591739493793,N+,L--,F
ds,F4_PULL_RSI,15m,1936,1.026511134676564,1892,1.0031813361611877,-0.1634569351044005,-6.741399088850505,0.0013478629480078,0.0559063881019754,-0.1482950977366019,-0.1782702244867325,0.0065716026281131,-0.0037557907624397,0.9554163818218218,1.0,-1.1987876556308343,,N+,L_thin,D
ds,F5_BOX,15m,9799,5.195652173913044,9701,5.1436903499469775,-0.2042014317669112,-12.397133615592232,-0.0150648750356836,-0.9737382145890756,-0.1768225768645939,-0.2316537641906426,0.0041829918411071,-0.0343643980374533,0.3301865377684478,10.0,0.0813957525220359,0.402678868578068,NN,L_thin,F
ds,F5_BOX_HTF,15m,3891,2.063096500530223,3875,2.0546129374337223,-0.2302255671093721,-10.612442047953548,-0.0228845408676612,-1.0776687659261424,-0.1694365649109767,-0.2863965368666779,0.025737511150715,-0.0678128620226753,0.2811816020267241,10.0,0.0813957525220359,0.402678868578068,NN,L_thin,F
ds,F5_BOX_RSI,15m,816,0.432661717921527,805,0.4268292682926829,-0.2072399007691568,-5.689762886188314,-0.0421021402116448,-1.1465684189681669,-0.1994791978400256,-0.2180725486077357,-0.0445523539425006,-0.0386820502123252,0.2515600349630413,1.0,0.461351654155473,,NN,L_thin,F
ds,F6_VWAP_CROSS,15m,113879,60.38123011664899,111738,59.24602332979852,-0.1744733907008185,-33.63673529386858,0.0054161331254783,1.8243370914463943,-0.1736197822704167,-0.1755981792917652,0.0032345036463577,0.0082908375688645,0.0681011261770641,85.0,0.04031093837922,0.3164258400251736,N+,L+,C
ds,F6_VWAP_FAIL,15m,38639,20.48727465535525,37912,20.101802757158005,-0.1785260642530887,-26.08325574782053,-0.0023207473812291,-0.4193977071241884,-0.1753397839380623,-0.1828943967775421,-0.0029122297926248,-0.0015098357225288,0.6749254995362493,29.0,0.2118599398023153,0.3931414097184004,NN,L+,D
ds,F7_RF_ONLY,15m,30906,16.387062566277837,29505,15.644220572640508,-0.1508291837583326,-22.621254277434264,-0.0025062171005555,-0.4148461113000918,-0.1561165777528471,-0.144236851906963,-0.0117813989434434,0.0090580954423626,0.6782545612372166,26.0,-0.0724809308659725,0.2968675630170231,NN,L-,F
ds,F7_RF_TRIPLE,15m,121859,64.61240721102862,119141,63.1712619300106,-0.1617163049586695,-25.9197220248838,0.006364783493082,1.2673095575915847,-0.1612259694475866,-0.162336935960707,0.0021180140896866,0.0117400351130005,0.2050446243858188,84.0,0.065306180587342,0.2760287951685714,N+,L+,C
ds,F8_VWICK,15m,12214,6.4761399787910925,11889,6.3038176033934255,-0.1747195404924272,-16.977714749854112,-0.0102556038736447,-1.0858339567706208,-0.1592177538937272,-0.1920289949248726,0.0018896945629774,-0.0238171690854116,0.2775524601749626,15.0,-0.3226324516963295,0.128952286855861,NN,L--,F
ds,F9_BREAKER,15m,25980,13.775185577942736,25443,13.490455991516438,-0.1783148061401382,-21.229269541068707,-0.0005697742529936,-0.0822326539522823,-0.1779967177870411,-0.1786879059301659,-0.0059239948959417,0.0057104261322015,0.9344617072705428,27.0,0.0621595063166802,0.3766464835343107,NN,L+,D
ds,F9_FVG,15m,35106,18.613997879109228,34178,18.121951219512194,-0.1500996072368626,-17.83902168193679,0.0166857684236618,2.562355565581163,-0.1491275839276865,-0.1511681104715733,0.0111712384561116,0.0227476530025725,0.0103964820518061,35.0,-0.0562122729868394,0.2505419350550601,N+,L-,D
ds,F9_IFVG,15m,22870,12.126193001060445,22362,11.856839872746551,-0.1565239568096389,-19.06464330737611,0.0158058988940599,2.613205932188244,-0.1620288920421803,-0.1505337606881706,0.0060576774678604,0.0264134275409459,0.008969723722636,26.0,0.0569674362806527,0.1951119421117877,N+,L+,C
ds,F9_OB,15m,41301,21.89872746553553,40472,21.45917285259809,-0.1827959177567637,-26.951594974663468,-0.0037264961073573,-0.708188099254943,-0.182544168923129,-0.1830914819224234,-0.0077389564721404,0.0009843082401233,0.4788284555221749,33.0,-0.1369225069275446,0.355826597504014,NN,L-,F
ds,F10_M2022,30m,1394,0.7391304347826086,1293,0.6855779427359491,-0.1013694172772266,-4.47877916219409,0.0126321217135583,0.5584246765949001,-0.1003937152675532,-0.1025283729638437,0.0071436305622572,0.0191514462283016,0.5765544261771556,,,,N+,L_thin,D
ds,F10_OTE,30m,18930,10.03711558854719,17558,9.309650053022269,-0.1394425433552057,-19.07288500272177,-0.0152174611771693,-2.2495205133957024,-0.1470891673933016,-0.1293604700658372,-0.0235245385344575,-0.0042645802300515,0.0244793992092458,15.0,-0.3042984523984572,0.2416261751275077,NN,L-,F
ds,F11_PO3,30m,9371,4.968716861081655,8815,4.673913043478261,-0.1662234369128077,-14.041754945934892,-0.0368810449863038,-3.304461512896589,-0.158019588998983,-0.1762308504848468,-0.0315949099535787,-0.0433293043916226,0.000951590404939,6.0,-0.3120254421233144,0.2518571018719262,NN,L_thin,F
ds,F11_RAID,30m,25848,13.705196182396609,24354,12.91304347826087,-0.1378574352979957,-19.058204538380075,-0.011439237620205,-1.7540091007809322,-0.1356857369792131,-0.1405942790539815,-0.0117227140851847,-0.0110819915025289,0.0794289477432119,17.0,-0.433380225506681,0.2298942379094532,NN,L-,F
ds,F11_TSOUP,30m,19269,10.216861081654296,18100,9.597030752916226,-0.1392663606170189,-18.12147598273213,-0.0142284403553422,-1.9596126365413653,-0.1362282831943187,-0.1429828835322223,-0.0134639884860387,-0.0151636050975599,0.0500410832597206,16.0,-0.2158562039688022,0.2905861639106923,NN,L-,F
ds,F12_MSS,30m,18763,9.948568398727463,17528,9.293743372216332,-0.1217126786159663,-16.404031300962505,0.0030062848608428,0.4448011854625234,-0.1203750655303446,-0.1233530513254388,0.0010903768582422,0.0053558456083481,0.6564634376008973,15.0,0.3483593032970908,0.4321032546582539,N+,L+,C
ds,F12_MSS_DISP,30m,5798,3.07423117709438,5410,2.8685047720042416,-0.1048739533800454,-7.284625516905017,0.0141067865556362,1.004214632560271,-0.096527290022091,-0.1151865663718983,0.0187046758415404,0.008425923347019,0.315275170618678,5.0,-0.2516649343055949,0.5676717052877311,N+,L_thin,D
ds,F13_FVG_PD,30m,4212,2.2332979851537647,3807,2.018557794273595,-0.1325124473356639,-9.542461373831092,-0.0154372325896314,-1.1315563071683674,-0.1131542008757409,-0.1538257484877313,-0.0004082144320333,-0.0319840820512254,0.2578210181764182,3.0,-0.1655997378382414,0.4909129485323502,NN,L_thin,F
ds,F13_RAID_PD,30m,24440,12.95864262990456,23025,12.208377518557796,-0.1358851322086433,-19.376748385986645,-0.0094884755799671,-1.49931787998377,-0.1319854317514962,-0.1407918855594418,-0.008253492431444,-0.0110423789550556,0.1337911860381762,16.0,-0.38948916358733,0.2517467924118739,NN,L-,F
ds,F14_SMT,30m,38677,20.50742311770944,35154,18.639448568398727,-0.1213937941757226,-13.955855055882967,-0.0115102882991289,-1.3263088250577622,-0.121133651641465,-0.1216372337256771,-0.0134605645679215,-0.0096852335132334,0.1847374248782884,39.0,-0.2908513055801149,0.2646826423863096,NN,L-,F
ds,F15_ASIA_BRK,30m,8765,4.6474019088016965,8217,4.356839872746553,-0.1054109369561261,-8.35810465539925,0.023006657647906,1.8272796754250649,-0.1174961715615181,-0.091211266121469,0.0081298613348985,0.0404863026541105,0.0676577295272895,5.0,-1.1524210305943778,0.0210747715030323,N+,L_thin,D
ds,F15_ASIA_SWEEP,30m,8581,4.54984093319194,8079,4.283669141039237,-0.1631131701666586,-12.988079514904468,-0.0334370400588322,-2.842454956967566,-0.1423690051124022,-0.1888578010828148,-0.0151449805194288,-0.0561384753928934,0.0044767556506708,6.0,0.3742034086205801,0.4981839700483199,NN,L_thin,F
ds,F15_LON_BRK,30m,10148,5.3806998939554616,9573,5.075821845174974,-0.1410477842280204,-12.872877449934611,-0.0103523403395067,-0.976015813233664,-0.1451247038021824,-0.1362242816622844,-0.0176072215130256,-0.0017689142213276,0.3290566280861258,6.0,-0.5944841887412499,0.1784696109726564,NN,L_thin,F
ds,F15_OPEN0000,30m,11255,5.967656415694592,10524,5.580063626723224,-0.1361809481251627,-11.002438300012363,-0.0102212137989852,-0.8210711860088137,-0.145959394951555,-0.1240453458883199,-0.0221499312688734,0.0045829951904755,0.4116057214822035,6.0,0.2057936257637502,,NN,L_thin,F
ds,F15_OPEN0930,30m,11282,5.981972428419937,10444,5.537645811240721,-0.1113629401482618,-8.655718109954796,0.0095934558391648,0.7590969955543748,-0.1098603333960558,-0.1132164550641567,0.0089055777463573,0.0104419761213107,0.447794536282657,6.0,-0.1184493680222519,,N+,L_thin,D
ds,F15_ORB,30m,11268,5.974549310710499,10452,5.541887592788972,-0.1440229635080107,-12.514549669993018,-0.0223231024314316,-1.9710330773964384,-0.143756684677636,-0.1443527751327818,-0.0246374201456589,-0.0194566001094405,0.0487200924817472,12.0,0.6211673533263466,0.3030905327044357,NN,L_thin,F
ds,F16_FIB382,30m,10913,5.786320254506893,10073,5.340933191940615,-0.1286500889400157,-14.338357053949755,-0.0060569969947195,-0.6808422647010554,-0.1336458236060809,-0.1221278480301425,-0.0131785413149389,0.0032406200349284,0.4959713036034796,9.0,-0.0644304559806662,0.3493983855317124,NN,L_thin,F
ds,F16_FIB500,30m,11564,6.131495227995758,10680,5.662778366914104,-0.1204743178305608,-13.264332786462283,0.0042793087833818,0.4756946200029993,-0.1192702669568541,-0.1221089564339375,0.0042519092649539,0.0043165068050885,0.6342919543363146,9.0,0.135348508558716,0.3433908175180263,N+,L_thin,D
ds,F16_FIB618,30m,11057,5.862672322375397,10283,5.452279957582184,-0.1476025480927392,-16.568016026516258,-0.0219300164904219,-2.5808029020795207,-0.1584728434596093,-0.1332689545627603,-0.0324904146143117,-0.0080050540939151,0.009857084090346,10.0,-0.0578977788058792,0.2368894326537038,NN,L_thin,F
ds,F16_FIB764,30m,9856,5.225874867444326,9177,4.865853658536586,-0.1424805519825402,-14.429194697579783,-0.0170535991930592,-1.8390616916590916,-0.1449018502954856,-0.1391631481730941,-0.02020793159731,-0.0127318705245287,0.0659061127329865,8.0,-0.1291188769769213,0.2790695101334073,NN,L_thin,F
ds,F17_Z,30m,33608,17.819724284199363,31329,16.61134676564157,-0.1286089566832008,-18.99459582685432,-0.0056757022747564,-0.8816425701235714,-0.1284881203337106,-0.1287559815091991,-0.0079326824577841,-0.0029295739773431,0.3779701266129192,26.0,-0.0703834663389798,0.2517503574533093,NN,L-,F
ds,F17_Z_HL,30m,22567,11.965535524920467,21416,11.35524920466596,-0.1398849351337315,-17.690562093113286,-0.0095013828399869,-1.2779640817696842,-0.1419209187640371,-0.1373176010458544,-0.0131439158379022,-0.004908222564744,0.2012620911702294,24.0,0.0152954440253112,0.2411992464764847,NN,L+,D
ds,F1_MOM_DIV,30m,14030,7.439024390243903,13050,6.919406150583245,-0.1287715686099701,-15.281475957995044,-0.0076609546184605,-0.9686016425109482,-0.1288349977653566,-0.1286974291301906,-0.0101543171787045,-0.0047465755448032,0.3327439835425783,10.0,-0.0721096351769191,0.5301552420279083,NN,L_thin,F
ds,F1_PVT_DIV,30m,8366,4.4358430540827145,7801,4.13626723223754,-0.1452495838076643,-12.957059858996432,-0.0206053588557821,-1.9223655639902548,-0.1440643882927402,-0.1467412007455261,-0.0210039069164272,-0.0201037698518376,0.0545597754456244,6.0,0.1606831949867121,0.4442191789719658,NN,L_thin,F
ds,F1_RSI_DIV,30m,10913,5.786320254506893,10094,5.352067868504772,-0.130172683084074,-13.115346155925408,-0.0113534942958579,-1.2244107426770623,-0.1285716397409103,-0.1320651398502693,-0.0119079841771594,-0.0106980791054219,0.2207973187888074,5.0,0.3431173059733512,0.8414652504696527,NN,L_thin,F
ds,F2_DEMARK,30m,33102,17.551431601272533,30694,16.274655355249205,-0.1359301539669506,-14.66092354127208,-0.0144713519077483,-1.6082711532086955,-0.1499817766593127,-0.1179933091877291,-0.0298957710792117,0.0052178625371123,0.1077758055978632,27.0,-0.1032274593626856,0.2422611151083271,NN,L-,F
ds,F3_BOS,30m,17758,9.415694591728526,16480,8.738069989395546,-0.1167541212074043,-13.333779761587556,0.0040993094644655,0.467735818080733,-0.1245499180967525,-0.1076096843498567,-0.0074116607158835,0.0176016289165205,0.6399735234538833,14.0,0.0503196671292351,0.3932900576710853,N+,L_thin,D
ds,F3_BOS_ZONE,30m,6325,3.3536585365853657,5942,3.1505832449628843,-0.1402932940444875,-10.307855435285282,-0.013431331973599,-1.0138283429227086,-0.1534612449723143,-0.1234597248752488,-0.028700781198376,0.0060887384694248,0.3106646684648517,7.0,-0.6660382419649528,0.3601189634053119,NN,L_thin,F
ds,F3_HHHL,30m,30022,15.918345705196185,27945,14.817073170731708,-0.1201710335528424,-17.416377313529622,0.0029817685050177,0.4607773283540744,-0.1241140348722589,-0.1152601038259677,-0.0038253004143367,0.0114598374684564,0.6449583691001322,19.0,-0.34146943847067,0.2773352591520842,N+,L-,D
ds,F4_FAN,30m,19608,10.3966065747614,18536,9.828207847295864,-0.1178299773487777,-13.072688276790323,0.0108923661980844,1.3274703811804482,-0.1245879099748075,-0.1091154496047375,0.0024563727097744,0.0217707965362707,0.1843531313908502,20.0,-0.0192422861204223,0.3103736492047221,N+,L-,D
ds,F4_PULL,30m,33999,18.02704135737009,31860,16.89289501590668,-0.1415771999116165,-13.115649145393409,-0.0116188847105436,-1.1203166857742162,-0.1510570705238516,-0.1281968920720041,-0.0225170249736836,0.0037632315191744,0.2625788340823913,20.0,-1.0011196955793364,0.116218443510499,NN,L--,F
ds,F4_PULL_RSI,30m,1089,0.5774125132555673,1006,0.5334040296924708,-0.1324996033721144,-4.496094474593273,-0.012343133852269,-0.4210419155371852,-0.1565833973952103,-0.1087013879342726,-0.03911155099608,0.0141078712305481,0.6737244746427642,,,,NN,L_thin,F
ds,F5_BOX,30m,4217,2.235949098621421,4034,2.1389183457051963,-0.1359656541601275,-6.803799519190345,-0.0092265837721713,-0.4710283152809514,-0.1237085606463214,-0.1480537675565597,-0.0002874231551361,-0.0180425063304782,0.637620514683154,4.0,0.0354245579289257,0.3821573878984734,NN,L_thin,F
ds,F5_BOX_HTF,30m,1737,0.9209968186638388,1697,0.8997879109225875,-0.1332666165363888,-5.089608568277511,-0.0001652370658129,-0.0062557722781095,-0.1132315827068543,-0.1500275268721358,0.0156503959087821,-0.0133962806690185,0.9950086484392492,4.0,0.0354245579289257,0.3821573878984734,NN,L_thin,F
ds,F5_BOX_RSI,30m,507,0.2688229056203605,479,0.2539766702014846,-0.0965206877990491,-2.349828714915723,0.0313445864155857,0.7464403251451256,-0.1355324134134954,-0.0509775873079761,-0.0055113523772578,0.0743709764995388,0.4554014673044084,,,,N+,L_thin,D
ds,F6_VWAP_CROSS,30m,75385,39.97083775185578,70454,37.35630965005302,-0.1247740926478635,-27.26983462019343,0.0023611632731171,0.6799886333275207,-0.129384954141211,-0.1188476796382331,-0.0037697842634108,0.0102413668520499,0.4965116581507383,62.0,-0.1448279560961169,0.120204904063494,N+,L-,D
ds,F6_VWAP_FAIL,30m,27570,14.618239660657476,25843,13.70254506892895,-0.1301594791676788,-20.14300481409026,-0.0034594095784409,-0.5961095028412747,-0.1410115299947461,-0.1160293859074577,-0.0159285091441329,0.0127761888851007,0.5511020762516805,24.0,-0.0755125086625277,0.2684147230268381,NN,L-,F
ds,F7_RF_ONLY,30m,15476,8.205726405090138,13528,7.172852598091199,-0.0965979035640447,-10.614830172534347,0.0114515701514866,1.307278280767535,-0.0887622353000592,-0.1056494298635763,0.0172361969148344,0.0047693447793288,0.1911182178149255,16.0,-0.0682278550022314,0.570728150821263,N+,L-,D
ds,F7_RF_TRIPLE,30m,61817,32.77677624602333,57362,30.414634146341463,-0.1078538270901007,-16.432553649790368,0.012495529952265,2.0023108981047337,-0.1049112624896534,-0.1114979865437726,0.0127223429618815,0.0122146379803151,0.0452513046364722,40.0,0.0752787505497465,0.361534677951234,N+,L+,C
ds,F8_VWICK,30m,6043,3.204135737009544,5493,2.912513255567338,-0.1215045224242822,-10.724191702811918,-0.0065462896068199,-0.5882511959967578,-0.1143173855781122,-0.1290263806213356,-0.0033163836079322,-0.0099266196928391,0.5563636983480853,5.0,-0.144434202487976,0.4693455954022011,NN,L_thin,F
ds,F9_BREAKER,30m,12448,6.600212089077412,11540,6.118769883351008,-0.1177505013971882,-12.166059176256352,0.0058065145411262,0.6481236595522015,-0.1262690238872373,-0.10809827535948,-0.0054380197319746,0.0185475487544549,0.5169049725023407,10.0,0.1942281583840712,0.1810665968474348,N+,L_thin,D
ds,F9_FVG,30m,17446,9.250265111346764,15883,8.42152704135737,-0.1124813053228924,-14.345619124247012,0.0043538692300646,0.5803516805452567,-0.1089810601094942,-0.1164433949718303,0.0032696979232903,0.0055810929387932,0.5616774827346318,11.0,0.3814440957663947,0.3767453796114475,N+,L_thin,D
ds,F9_IFVG,30m,11071,5.870095440084835,10152,5.382820784729587,-0.1193765222266336,-12.423512483787514,-0.0003883321268188,-0.0431315661970812,-0.1073563527325229,-0.1323930291182866,0.0083576761190401,-0.0098592864808696,0.965596656518821,7.0,-0.4684361704451493,0.4359583725748739,NN,L_thin,F
ds,F9_OB,30m,20340,10.784729586426298,18961,10.05355249204666,-0.1298702816624692,-18.626650864149017,-0.004705114915268,-0.7237619508422912,-0.138093975715645,-0.1203585954901826,-0.0157659858481531,0.0080881057986204,0.4692118924559318,16.0,-0.3998975680144166,0.235672182285723,NN,L-,F
ds,F10_M2022,1h,827,0.4384941675503712,615,0.3260869565217391,-0.0962563706455445,-3.1808584397036053,-0.007373578493612,-0.2433252603282072,-0.117941057895343,-0.0706499846378037,-0.0283846673905267,0.0174373881825318,0.8077534374166191,,,,NN,L_thin,F
ds,F10_OTE,1h,9157,4.855249204665959,7160,3.796394485683987,-0.0904683872046088,-8.36588239718596,0.001453955302063,0.1360779149291933,-0.1015827184027169,-0.0770441395009427,-0.0092553531490149,0.0143890034682279,0.8917596864432809,11.0,0.0163860030463557,0.2564791831095279,N+,L_thin,D
ds,F11_PO3,1h,9048,4.79745493107105,7324,3.883351007423118,-0.1311258252167351,-11.47102633396586,-0.0359223859447854,-3.2150725837371428,-0.1292758351307237,-0.1332480800412918,-0.0345162069851019,-0.0375355135523027,0.0013041154258723,6.0,0.3357422977928701,0.0078347175908965,NN,L_thin,F
ds,F11_RAID,1h,13312,7.058324496288441,10813,5.733297985153764,-0.1151207574734254,-13.457387251566276,-0.0204261265096427,-2.484398441021545,-0.1146362134998987,-0.1157056917578583,-0.0199071934997391,-0.0210525747277627,0.012977051821565,8.0,-0.4069686801009579,0.2811478906834551,NN,L_thin,F
ds,F11_TSOUP,1h,9750,5.16967126193001,7908,4.193001060445387,-0.1080976485661235,-10.813232380438428,-0.0145805859760946,-1.490851320725448,-0.1079513416151634,-0.1082663417154064,-0.0144720771580048,-0.0147056975591631,0.1360005342714774,5.0,-0.2713913894945042,0.4473283342748564,NN,L_thin,F
ds,F12_MSS,1h,9324,4.943796394485684,7393,3.919936373276777,-0.0862590355330228,-7.526799913183947,0.0082249773287034,0.743283305324336,-0.065584934368636,-0.1097466303837506,0.028406296964575,-0.014702774421729,0.4573101768602372,9.0,0.3107353356852776,0.2106486601375267,N+,L_thin,D
ds,F12_MSS_DISP,1h,3033,1.6081654294803818,2343,1.2423117709437963,-0.075662153301001,-3.742631227057187,0.014336822727676,0.7133819941239128,-0.0657097672654395,-0.0877707327160739,0.0241681263846537,0.0023755582973322,0.4756094120017544,3.0,0.6469846967987648,,N+,L_thin,D
ds,F13_FVG_PD,1h,2065,1.0949098621420996,1525,0.8085896076352068,-0.0816947585312443,-4.148291604292064,0.0057499255152938,0.2955009520803764,-0.1055936541400464,-0.0566730960146461,-0.0212645078185372,0.0340334933010498,0.767611225141525,,,,N+,L_thin,D
ds,F13_RAID_PD,1h,12566,6.662778366914104,10178,5.3966065747614,-0.1102369647015726,-12.543424458129609,-0.0158426976427877,-1.8688830212026053,-0.1117104831619822,-0.1084593513843865,-0.0173358495631284,-0.0140413990438942,0.0616390910072839,8.0,-0.4069686801009579,0.2811478906834551,NN,L_thin,F
ds,F14_SMT,1h,19325,10.246553552492047,14224,7.541887592788972,-0.0975791114054152,-8.431264600152966,-0.0140353806233502,-1.2154890554844973,-0.125609638411115,-0.0721637649353677,-0.0427277824704921,0.0119800893624497,0.2241796205239115,19.0,0.1297650741462612,0.1399979633423556,NN,L+,D
ds,F15_ASIA_BRK,1h,8293,4.397136797454931,6665,3.5339342523860022,-0.0842864730771226,-6.544201897574617,0.0097308937570049,0.7492664374978539,-0.0902328551072992,-0.0779131049577415,0.0033749862103855,0.0165431937945379,0.4536966325275191,5.0,-0.5326046045120498,0.3035278333043493,N+,L_thin,D
ds,F15_ASIA_SWEEP,1h,8075,4.281548250265112,6538,3.4665959703075293,-0.1368998752678365,-11.116494400417618,-0.041747152276358,-3.513477215886069,-0.1307072403944205,-0.1440342472418181,-0.0360041011606476,-0.0483635706124299,0.0004422823431329,5.0,0.437328707950935,,NN,L_thin,F
ds,F15_LON_BRK,1h,9749,5.16914103923648,7965,4.22322375397667,-0.0950555339057578,-8.803925522336995,-0.0005529012626337,-0.0522059883194339,-0.098949218545368,-0.0907814023340181,-0.0052631069198249,0.0046175325480517,0.9583645614535404,6.0,-0.3907779583225998,0.0242669236596523,NN,L_thin,F
ds,F15_OPEN0000,1h,11255,5.967656415694592,8957,4.749204665959703,-0.0966166877316045,-8.259767261406585,-0.0033653151776404,-0.2887051230672558,-0.1028922173040851,-0.0893607010834042,-0.0101274515470475,0.0044533032581472,0.7728070419323294,6.0,0.2959009386211577,,NN,L_thin,F
ds,F15_OPEN0930,1h,11283,5.982502651113467,8829,4.681336161187699,-0.0891601427687007,-7.306520194754419,0.0032822443642697,0.2779023519802654,-0.0814256364367911,-0.0980407109877473,0.0107236601927074,-0.0052618046124692,0.7810873183750138,6.0,-1.108589557523747,,N+,L_thin,D
ds,F15_ORB,1h,11105,5.8881230116649,8811,4.671792152704136,-0.0981655381597337,-9.80225871573269,-0.0045110638212141,-0.4488038968802363,-0.089695681441544,-0.1078577421726145,0.0033314105607115,-0.0134853433402734,0.6535731273674883,6.0,-0.5929995253238485,0.2486071770663706,NN,L_thin,F
ds,F16_FIB382,1h,5801,3.075821845174973,4542,2.408271474019088,-0.0765586236229736,-6.261663923541328,0.0146464209104535,1.1999582224529783,-0.0681163243368369,-0.0867032963957961,0.0222422083065487,0.0055189575294937,0.2301555660842149,3.0,0.3789184440817494,0.1074948745051268,N+,L_thin,D
ds,F16_FIB500,1h,5724,3.034994697773065,4469,2.369565217391304,-0.0926279099060913,-7.6424358626303235,7.633446208405577e-05,0.0062102452354778,-0.098440119056185,-0.0855044802654635,-0.0053194408283442,0.0066893837597653,0.9950449730580412,3.0,-0.1547417597239013,0.4705630930911137,N+,L_thin,D
ds,F16_FIB618,1h,5392,2.858960763520679,4208,2.2311770943796394,-0.1016592455337769,-7.806911631042605,-0.0081034263882495,-0.6328778560249828,-0.1034873816393994,-0.0993425558137209,-0.0087235368845955,-0.0073175967075352,0.5268134094580497,3.0,0.3619505853040959,0.0736276049322831,NN,L_thin,F
ds,F16_FIB764,1h,4866,2.5800636267232235,3865,2.049310710498409,-0.1011486323566156,-7.649821789176234,-0.0078601765890339,-0.60140517220715,-0.1087199600060813,-0.0918145981544436,-0.0150398205647824,0.0009909847305774,0.5475701545687395,7.0,0.1967813333135506,0.2450217071047424,NN,L_thin,F
ds,F17_Z,1h,16697,8.853128313891835,13262,7.031813361611877,-0.120098111360742,-14.244019388582087,-0.0274241596633023,-3.267647347576069,-0.115642054711528,-0.125309357718542,-0.0238444759709254,-0.0316105098541746,0.0010844539955852,15.0,-0.3759470787241411,0.3836886031806498,NN,L-,F
ds,F17_Z_HL,1h,11230,5.954400848356309,9405,4.986744432661718,-0.1279562082921515,-12.715779767287554,-0.0316461540353771,-3.1574998269156147,-0.1232953462131228,-0.1337472794160949,-0.0278509371522388,-0.0363616702914651,0.0015912833117606,15.0,-0.3759470787241411,0.3836886031806498,NN,L-,F
ds,F1_MOM_DIV,1h,7370,3.907741251325557,5770,3.059384941675504,-0.0894231172227629,-7.934318307679927,0.0016952013830227,0.1537159936006947,-0.0845306334250525,-0.0946742308065793,0.0063853405575922,-0.0033387352732614,0.8778336735952279,2.0,0.3137529255497382,,N+,L_thin,D
ds,F1_PVT_DIV,1h,4228,2.241781548250265,3392,1.7985153764581123,-0.0798316416304122,-5.494345663913007,0.0150682647394857,1.057536601064304,-0.0791484578174757,-0.0806358515873607,0.0162419779666073,0.0136866279881757,0.2902667595510064,3.0,0.5455164524427581,,N+,L_thin,D
ds,F1_RSI_DIV,1h,5751,3.049310710498409,4461,2.365323435843054,-0.0901446653024595,-7.052827716478096,0.0005474237346638,0.0438502968974782,-0.0834270669276582,-0.0973653024392808,0.0065483862902604,-0.0059029132262587,0.9650237344880872,4.0,0.4769620638253294,0.1028315829261431,N+,L_thin,D
ds,F2_DEMARK,1h,24066,12.76033934252386,19136,10.146341463414634,-0.1031055090239489,-9.704397795028951,-0.0091243196486485,-0.8828688239857866,-0.1175803751346588,-0.085576789011661,-0.0236625827605506,0.0084811726304786,0.3773071496542348,21.0,-0.0340185810019382,0.1552938921184434,NN,L-,F
ds,F3_BOS,1h,9101,4.825556733828208,7183,3.808589607635207,-0.0894993444211563,-7.827928600001616,0.0010480944253487,0.0918874288650701,-0.1151886187091088,-0.0618111072221656,-0.026573765199472,0.0308192974806226,0.9267874795165568,5.0,0.1567365595656615,0.3561896575364969,N+,L_thin,D
ds,F3_BOS_ZONE,1h,3130,1.6595970307529162,2572,1.3637327677624602,-0.1168522540328314,-7.144527880322875,-0.0205251687453189,-1.2744381365002224,-0.1212679015024633,-0.1115026003056504,-0.0246237016856707,-0.0155597062234311,0.2025081839745748,3.0,-1.1153189541321338,0.0150533216176835,NN,L_thin,F
ds,F3_HHHL,1h,15316,8.120890774125133,12146,6.440084835630965,-0.0990434083993866,-11.7482910183236,-0.0059445200044558,-0.7455000871728824,-0.1162611435291601,-0.0791819572018146,-0.0238232882646819,0.0146794633822518,0.455969458468239,9.0,-0.2594705172135057,0.272818265953632,NN,L_thin,F
ds,F4_FAN,1h,9619,5.100212089077412,7921,4.1998939554612935,-0.0849389410716349,-7.386365956467952,0.0110502694027468,0.9722343116004676,-0.0852446621512046,-0.0845777338473566,0.0109042620046188,0.0112227760780343,0.3309339945665557,11.0,0.1327964326686568,0.4282883392148907,N+,L_thin,D
ds,F4_PULL,1h,17440,9.247083775185578,14067,7.45864262990456,-0.108417821056879,-8.883264633738285,-0.0121059194709696,-1.0142951975987298,-0.1170457435116065,-0.096954866972846,-0.019547080107734,-0.0022196828759239,0.3104419149081074,17.0,-0.4749883330736839,0.2029620222220084,NN,L--,F
ds,F4_PULL_RSI,1h,596,0.3160127253446447,462,0.2449628844114528,-0.0684363741468733,-1.7206184810487093,0.0249467469737723,0.6410528054101121,-0.1200657248235315,-0.0116440884025492,-0.0275668251224262,0.0827116762795908,0.5214883754310258,,,,Z+,L_thin,C
ds,F5_BOX,1h,2204,1.168610816542948,1902,1.0084835630965006,-0.0654124702047177,-2.774919374597961,0.0302069975024889,1.3024714839211615,-0.0649107479200026,-0.0658118581990659,0.0296243422022277,0.0306708109284759,0.192755259922642,3.0,-0.5733366245910726,0.5118211633408692,N+,L_thin,D
ds,F5_BOX_HTF,1h,871,0.4618239660657476,802,0.4252386002120891,-0.1003584676973808,-3.107886679190626,-0.0008269180974834,-0.0258503408316696,-0.101233533902157,-0.0996704980530913,-0.0058423562018891,0.0031161768932853,0.9793767090695672,2.0,-1.08515583850207,,NN,L_thin,F
ds,F5_BOX_RSI,1h,342,0.1813361611876988,279,0.147932131495228,-0.1906350181007417,-3.536719303898822,-0.0914197057326187,-1.720402547559451,-0.290166260064419,-0.0829333010504939,-0.1975739323373498,0.0234486738023514,0.08535929424732,,,,NN,L_thin,F
ds,F6_VWAP_CROSS,1h,48923,25.94008483563097,39117,20.7407211028632,-0.0911124835269849,-18.99552924793732,0.0037382452988125,0.8749513915302937,-0.0944094156402671,-0.087135524299305,0.0004867626555817,0.0076603806226013,0.3816003546217692,34.0,0.1482271129461554,0.1332932242302267,N+,L+,C
ds,F6_VWAP_FAIL,1h,19604,10.394485683987275,15843,8.40031813361612,-0.0968372760098868,-14.225046016654955,-0.0016205775221801,-0.2482468735539765,-0.1031225767081185,-0.0889980350113688,-0.0083516184717699,0.0067746058919678,0.8039434012871678,16.0,-0.1632797120876088,0.1256580825346279,NN,L-,F
ds,F7_RF_ONLY,1h,7849,4.161717921527042,5459,2.894485683987275,-0.0706004707196312,-5.84999556526256,0.0133725493326556,1.1035593783561477,-0.065734900721233,-0.0759625274525597,0.0171673315512777,0.0091905444386638,0.2697843205597396,6.0,0.2909822276781262,0.3833059917520522,N+,L_thin,D
ds,F7_RF_TRIPLE,1h,31033,16.45440084835631,24414,12.944856839872749,-0.0806330960630741,-9.811642049420456,0.0108222882713974,1.328722610428302,-0.0810282950727353,-0.0801779920303568,0.0098505142490835,0.0119413656618598,0.1839395024944226,22.0,-0.3853009472694817,0.2496675527234219,N+,L-,D
ds,F8_VWICK,1h,3174,1.6829268292682926,2378,1.2608695652173914,-0.1294210451261662,-8.574361880520986,-0.0425561328997055,-2.8428030862223563,-0.1333731983631165,-0.1254018494254847,-0.048107107288963,-0.036910994398671,0.0044718689731033,,,,NN,L_thin,F
ds,F9_BREAKER,1h,5770,3.059384941675504,4579,2.427889713679745,-0.1166709768185691,-10.656882408439516,-0.0236169706352413,-2.238524377613188,-0.1107981015502037,-0.1224396149068466,-0.0185732473378652,-0.0285711733026639,0.0251868795263461,2.0,-0.4297594718750143,,NN,L_thin,F
ds,F9_FVG,1h,8972,4.757158006362673,6751,3.5795334040296924,-0.0966867501795756,-9.165106881505633,-0.0092422865806284,-0.8674307775656901,-0.110652482370672,-0.0813357354732554,-0.0252920970853873,0.0083995293815367,0.3857060244580448,3.0,-0.2100258046235835,0.4611970051132155,NN,L_thin,F
ds,F9_IFVG,1h,5571,2.9538706256627782,4307,2.2836691410392365,-0.0772622981710289,-6.105754410414871,0.0105261464907271,0.8388078381680557,-0.0458369963369937,-0.1120222163854972,0.0399016035840312,-0.0219664128956073,0.4015771515448239,7.0,0.1181647950276807,0.2208181703689966,N+,L_thin,D
ds,F9_OB,1h,9373,4.969777306468717,7402,3.9247083775185576,-0.1183112880766159,-12.35964679203962,-0.023429114221863,-2.478866473017756,-0.1273678558161377,-0.1089612895316951,-0.0326944975213607,-0.0138635345386912,0.0131800636627004,11.0,-0.1834710533796928,0.2466793453528896,NN,L_thin,F
ds,F10_M2022,4h,217,0.1150583244962884,39,0.02067868504772,0.0846676810238605,0.6095545174169291,0.1600252176151396,1.1650588845649383,0.0772663350217044,0.0898164434601431,0.1593995229050051,0.1604604835004505,0.2439951581777304,,,,P,L_thin,B
ds,F10_OTE,4h,2368,1.2555673382820784,458,0.2428419936373276,-0.1089810145287835,-3.094442891918462,-0.0381542218846012,-1.085038957454923,-0.1069975895817314,-0.1109644394758356,-0.0351151209985471,-0.0411933227706554,0.2779044012477494,3.0,-0.1977538848321525,,NN,L_thin,F
ds,F11_PO3,4h,7397,3.922057264050901,1529,0.810710498409332,-0.0972412998771384,-4.483098582812701,-0.0244831376423677,-1.1352671721835983,-0.1167801204516495,-0.077367380796732,-0.0423874663655318,-0.0062717425954555,0.25626339238709,5.0,0.3068735605530709,0.5061272274258406,NN,L_thin,F
ds,F11_RAID,4h,3301,1.7502651113467655,723,0.3833510074231177,-0.1025739163739985,-3.651851296485552,-0.030063099600117,-1.080690774785091,-0.1266305324807532,-0.0722776154645544,-0.0534102640787218,-0.0006602643348742,0.2798346880709674,1.0,0.1953792874312074,,NN,L_thin,F
ds,F11_TSOUP,4h,2381,1.262460233297985,497,0.2635206786850477,-0.1088745697257174,-2.932739485329872,-0.0371668604315001,-1.0061571470029684,-0.1663708709630934,-0.05206822410319,-0.0942809161567977,0.0192618266250938,0.3143399823837507,0.0,,,NN,L_thin,F
ds,F12_MSS,4h,2367,1.2550371155885471,453,0.2401908801696712,-0.0331730999905209,-0.8623963497488699,0.0394819035754018,1.0291806704312365,-0.0045364240962292,-0.0602120214357748,0.0701960936548527,0.0104813807536028,0.3033947837236819,0.0,,,Z+,L_thin,C
ds,F12_MSS_DISP,4h,782,0.4146341463414634,148,0.0784729586426299,-0.0247753515204012,-0.333841037388202,0.046589269928911,0.6306525587732789,-0.0018449134218531,-0.0477057896189492,0.0716534909427266,0.0215250489150954,0.5282677250227807,0.0,,,Z+,L_thin,C
ds,F13_FVG_PD,4h,548,0.2905620360551431,68,0.0360551431601272,0.0133736910065636,0.1621219417615622,0.082817535573507,1.0062863002690547,0.200726113619347,-0.1259396488849933,0.2709431373353662,-0.05707073240326,0.3142778686340226,,,,Z+,L_thin,C
ds,F13_RAID_PD,4h,3098,1.642629904559915,671,0.355779427359491,-0.1135543092853499,-3.9364021052198135,-0.0416304698122329,-1.455029467331494,-0.1371365898726684,-0.0847401982366064,-0.0646904986351728,-0.013454474329899,0.1456611038417219,1.0,0.1953792874312074,,NN,L_thin,F
ds,F14_SMT,4h,5054,2.679745493107105,636,0.3372216330858961,-0.1721031214050149,-4.3229202506351205,-0.1053598263321456,-2.650650598868617,-0.2273018633648414,-0.1221928816688843,-0.1595554678478827,-0.0563565816083354,0.0080336902563384,,,,NN,L_thin,F
ds,F15_ORB,4h,8783,4.65694591728526,1769,0.93796394485684,-0.0305476531171074,-1.319218114776089,0.0413665726134717,1.7836087490787218,-0.0315040884898086,-0.0296199747099551,0.0414366890982661,0.0412985643080642,0.0744872629502404,1.0,-1.0665949628539853,,Z+,L_thin,C
ds,F16_FIB382,4h,1448,0.767762460233298,272,0.144220572640509,-0.1102591738240067,-2.742132053224453,-0.037154940816382,-0.9226816387306068,-0.036803198158678,-0.1979324351019797,0.0386920083515547,-0.127681944661984,0.3561731371958663,,,,NN,L_thin,F
ds,F16_FIB500,4h,1458,0.7730646871686108,272,0.144220572640509,-0.0915431008538957,-1.976382044101078,-0.0186522535651045,-0.4026346800564061,-0.0371232569084635,-0.149261117159657,0.0385114146396517,-0.0792803865095431,0.6872169932200871,1.0,-1.06594683081587,,Z-,L_thin,D
ds,F16_FIB618,4h,1380,0.7317073170731707,253,0.1341463414634146,-0.0494146048323262,-1.0968603021265189,0.0214116645336386,0.4746254921290232,-0.0577357858071909,-0.0400445354992852,0.0137486693018407,0.0300405835341505,0.6350539330306426,3.0,-0.1977538848321525,,Z+,L_thin,C
ds,F16_FIB764,4h,1259,0.6675503711558854,249,0.1320254506892895,-0.116212744612703,-2.6674670662432,-0.0445440627492395,-1.0293352076188993,-0.141899601184898,-0.0876959801130628,-0.0679126563162066,-0.0186009631113354,0.3033221842654729,1.0,0.2775716876755499,,NN,L_thin,F
ds,F17_Z,4h,4144,2.197242841993637,840,0.4453870625662778,-0.1678496197652878,-6.051276578236211,-0.0972085354888501,-3.4875276760467,-0.2308702122422327,-0.1068952762220132,-0.1586176859187841,-0.0378127998271106,0.0004875084646678,0.0,,,NN,L_thin,F
ds,F17_Z_HL,4h,2646,1.4029692470837751,646,0.3425238600212089,-0.1574470737924054,-5.030747791331932,-0.0851950246196286,-2.7086795116398474,-0.2010520478401055,-0.1141112662511726,-0.1264711678930506,-0.0441736723540672,0.0067551557613625,0.0,,,NN,L_thin,F
ds,F1_MOM_DIV,4h,1739,0.9220572640509014,327,0.1733828207847295,-0.0144567352916122,-0.2952013116536291,0.058892294704709,1.1984265250049997,-0.0148244766666122,-0.014086737834557,0.0600173980190714,0.0577602889160254,0.2307510112824609,,,,Z+,L_thin,C
ds,F1_PVT_DIV,4h,1043,0.5530222693531283,221,0.1171792152704135,-0.0134259011297238,-0.2268026118489431,0.0617783241631353,1.0420943583031457,-0.0108183970432258,-0.016467989230638,0.0680373569621759,0.0544761192309213,0.2973679339720076,1.0,-1.045602568074372,,Z+,L_thin,C
ds,F1_RSI_DIV,4h,1449,0.7682926829268293,275,0.1458112407211028,-0.0503762818161736,-0.9807715890870924,0.0232649574090134,0.4517013868641274,-0.0301377988154334,-0.0713643382613857,0.0448232197202742,0.0009082409380762,0.6514841190019762,1.0,-1.045602568074372,,Z+,L_thin,C
ds,F2_DEMARK,4h,12192,6.464475079533404,2436,1.2916224814422057,-0.0370020226675989,-1.5559428231924828,0.0351763855394859,1.4713130196247253,-0.0605073178926873,-0.012350127675433,0.0134449834315854,0.0579678560428938,0.1412064839113029,9.0,0.2528295517192811,0.3464615028368175,Z+,L_thin,C
ds,F3_BOS,4h,2224,1.1792152704135737,447,0.2370095440084835,-0.0113280031860543,-0.2827839812958758,0.0599068316778947,1.4995839543172562,0.0552469768115164,-0.0703184917914968,0.127233329393147,0.0002504412972914,0.1337222066427144,0.0,,,Z+,L_thin,C
ds,F3_BOS_ZONE,4h,807,0.4278897136797455,179,0.0949098621420996,-0.0757082432798531,-1.3747068600669743,-0.001200572835989,-0.0217334744954167,0.0358949750585926,-0.1937254396837268,0.1122173233990274,-0.1211367389695697,0.9826605612879724,0.0,,,Z-,L_thin,D
ds,F3_HHHL,4h,3851,2.0418875927889717,788,0.4178154825026511,-0.0347505845058577,-1.030034147006747,0.0381569340505972,1.1195501336559368,-0.0459722324978197,-0.0231229854237471,0.0284553383885792,0.0482094918295875,0.2629055156586712,0.0,,,Z+,L_thin,C
ds,F4_FAN,4h,2366,1.2545068928950158,541,0.2868504772004241,-0.0240263241216671,-0.6790175485033618,0.0485036101215045,1.377701201601253,-0.0107164865996012,-0.0384111869820536,0.0637166448740381,0.0320618302543432,0.1682955602227833,1.0,-1.0483848521041572,,Z+,L_thin,C
ds,F4_PULL,4h,4220,2.2375397667020147,947,0.5021208907741251,-0.1080153682955954,-3.3451173419119127,-0.0365484653230325,-1.1351420806277686,-0.075562333120273,-0.1426650062884615,-0.0042849388725842,-0.0709957675812623,0.2563157925547776,8.0,-0.4376195697794635,0.1224977724766461,NN,L_thin,F
ds,F4_PULL_RSI,4h,146,0.0774125132555673,26,0.0137857900318133,-0.1399003772709805,-1.096548449248799,-0.074844170648318,-0.5878536105970114,-0.1140233480837196,-0.1514012791319853,-0.0365136479958891,-0.091879958493842,0.5566305560545319,,,,thin,L_thin,thin
ds,F5_BOX,4h,562,0.2979851537645811,100,0.0530222693531283,-0.2690748582151718,-3.379672341847036,-0.196235785735771,-2.465184135830191,-0.2567561914109521,-0.2791537674186243,-0.1869541362548868,-0.2038298625837672,0.0136942856138584,,,,NN,L_thin,F
ds,F5_BOX_HTF,4h,177,0.0938494167550371,61,0.0323435843054082,-0.3651171766343664,-3.004217591528254,-0.2848424460189264,-2.3486795117571018,-0.3392345561379833,-0.3870781879646308,-0.2645733142271638,-0.3020404972361796,0.018840115218992,,,,NN,L_thin,F
ds,F5_BOX_RSI,4h,126,0.0668080593849416,30,0.0159066808059384,-0.257779232164224,-2.2989685862963185,-0.1945037804233531,-1.740955631920865,-0.2495432771418405,-0.2848402272377695,-0.1865631467865213,-0.2205944338015147,0.0816913559607164,,,,NN,L_thin,F
ds,F6_VWAP_CROSS,4h,18028,9.558854718981973,3656,1.938494167550371,-0.045586696562568,-3.374650733671585,0.0270723773714892,2.016092634813342,-0.0499294826755802,-0.0411185914274268,0.0241812390989614,0.0300469447173641,0.0437902900734772,6.0,0.0762085359369037,0.4824773494196258,N+,L_thin,D
ds,F6_VWAP_FAIL,4h,6590,3.494167550371156,1316,0.6977730646871686,-0.0268536429058039,-1.134502666044917,0.0457751593335091,1.9072640234030087,-0.0100578329541243,-0.0433459141234171,0.0633299752551722,0.0285375991212737,0.0564864064851429,4.0,0.35714289803771,0.7936226744116148,Z+,L_thin,C
ds,F7_RF_ONLY,4h,2054,1.0890774125132556,281,0.1489925768822905,-0.0221946965285752,-0.4339649335882495,0.0460658155218449,0.9009612139892982,0.0470656011360663,-0.0880881741678523,0.114683376954882,-0.0192161700081972,0.3676089422396398,0.0,,,Z+,L_thin,C
ds,F7_RF_TRIPLE,4h,7475,3.963414634146341,1458,0.7730646871686108,-0.0416096591830061,-1.431898641813647,0.0308478418658602,1.053923229707873,-0.0038934491938168,-0.0804815190604435,0.0691959882070109,-0.008675317315827,0.2919180665795469,4.0,-0.7288092405974695,0.3386576609190316,Z+,L_thin,C
ds,F8_VWICK,4h,834,0.4422057264050901,135,0.0715800636267232,-0.0725984280101127,-1.34553963992365,-0.0023698933077631,-0.0438879197629756,-0.0127373402390409,-0.1089426598711205,0.0573856143244341,-0.0386500229415971,0.9649937446561598,,,,Z-,L_thin,D
ds,F9_BREAKER,4h,1586,0.8409331919406151,299,0.1585365853658536,-0.014313497652228,-0.3158319992417269,0.0581840310638216,1.285166418937394,-0.0321490256225361,0.0005676790591946,0.0439049224300748,0.070097888574187,0.1987341356775844,,,,Z+,L_thin,C
ds,F9_FVG,4h,2561,1.3579003181336162,408,0.2163308589607635,-0.0288814112621669,-0.8933601179503602,0.042683316101651,1.3071097084227177,-0.0143359706444824,-0.0413111514263701,0.0583795036283381,0.0292702103970276,0.191175454531018,,,,Z+,L_thin,C
ds,F9_IFVG,4h,1662,0.8812301166489925,278,0.1474019088016967,-0.0016182352514039,-0.0398365056292663,0.0687275477136458,1.6939342718037729,0.0255385015159845,-0.0238051116953488,0.0950994099229574,0.0471819086537507,0.0902777736198552,1.0,0.2779275736451844,,Z+,L_thin,C
ds,F9_OB,4h,2470,1.3096500530222694,468,0.2481442205726405,-0.095224787942686,-2.9772595144852323,-0.0241508800531419,-0.7541323576223071,-0.1129666473112862,-0.0800174799124573,-0.0402942197127871,-0.010313731773446,0.4507697494658691,0.0,,,NN,L_thin,F
