kind,tf,L_days,live_n,live_R,pct,p5,p50,p95,stop_pct_mean,n_matched,matched_p50,matched_pct,matched_p_two
core,15m,2.2020833,1135,-0.12985576822918324,0.614,-0.37783927553532226,-0.15738594280439422,0.002510864700504255,0.086,577,-0.2564309888503229,0.8752166377816292,0.24956672443674166
core,30m,2.2020833,560,-0.15403054174950423,0.3658414603650913,-0.31627319291163036,-0.11750727897081856,0.0616328155387904,0.0792698174543636,511,-0.21067322945965844,0.6418786692759295,0.716242661448141
core,1h,2.2020833,355,-0.1443013136977859,0.3295654358201457,-0.29152025444407575,-0.09178059525234071,0.12704275622963906,0.04998744034162271,434,-0.141337909099296,0.49539170506912444,0.9907834101382489
core,4h,2.2020833,28,0.20556746714486393,0.8332028191072827,-0.5551259544699199,-0.04479156196482216,0.43321754073812846,0.1981205951448708,1368,-0.044026786038194106,0.8486842105263158,0.30263157894736836
ds,15m,1.5034722,1120,-0.06520976875209021,0.89725,-0.34679822975862723,-0.16499011036853034,-0.04049208601108726,0.0645,387,-0.2748942200195239,0.979328165374677,0.04134366925064592
ds,30m,1.5034722,586,-0.1321441484015283,0.4470588235294118,-0.2756257924996772,-0.12081834605466439,0.01990281194063572,0.06458072590738423,383,-0.20964014623164653,0.8224543080939948,0.35509138381201044
ds,1h,1.5034722,330,-0.111505600373616,0.4333585285966238,-0.26354844724822174,-0.0925253978643853,0.07372607398761416,0.05845301083396322,371,-0.15002578656155569,0.6873315363881402,0.6253369272237197
ds,4h,1.5034722,51,-0.12221439606562669,0.3929712460063898,-0.48975272966605243,-0.05740625158484493,0.35390325000142037,0.1665335463258786,966,-0.07303741588360733,0.40062111801242234,0.8012422360248447
ds_2.2d,15m,2.202,1120,-0.06520976875209021,0.92275,-0.33460309889959194,-0.16068853681332823,-0.05300966957304408,0.0555,374,-0.2794618758929467,0.9786096256684492,0.04278074866310155
ds_2.2d,30m,2.202,586,-0.1321441484015283,0.432216108054027,-0.25930694427973744,-0.12089803894025414,-0.0015284364168372344,0.054027013506753374,391,-0.20886040137531864,0.8158567774936062,0.3682864450127876
ds_2.2d,1h,2.202,330,-0.111505600373616,0.42260256732947393,-0.2342889652714058,-0.09661821536809734,0.04043570463120767,0.050591492574880444,405,-0.15563492381722926,0.7012345679012346,0.5975308641975308
ds_2.2d,4h,2.202,51,-0.12221439606562669,0.3917839482693039,-0.4670325692370534,-0.06680398281006251,0.3270687520980633,0.14720426017497149,1054,-0.0675723044024337,0.3747628083491461,0.7495256166982922
