symbol,ts,kind,side,prev_close,open,high,low,close,next_close,volume,range_pct,med_range_pct,ratio,excursion_pct,after_clean_from,splits
BCHUSD,2021-06-02T05:50:00Z,wick,down,687.5,688.05,688.05,647.4,684.224,683.413,824.6618648900001,5.9127,0.4902,12.06,5.8327,False,
BCHUSD,2021-09-20T03:00:00Z,wick,down,585.83,585.21,587.78,573.82,584.28,585.03,1405.9076592699998,2.3829,0.2342,10.17,2.0501,True,is
BCHUSD,2021-10-21T04:25:00Z,wick,up,636.65,636.82,650.98,636.11,637.29,637.29,1169.92732188,2.3357,0.2076,11.25,2.2508,True,is
BCHUSD,2021-11-10T00:40:00Z,wick,down,707.3,707.26,708.22,685.48,702.86,701.69,1839.3967453,3.215,0.388,8.29,3.085,True,is
BCHUSD,2021-11-10T20:50:00Z,wick,down,689.08,689.48,689.92,667.53,684.14,685.24,2341.84034116,3.2493,0.3639,8.93,3.1274,True,is
BCHUSD,2022-01-18T03:45:00Z,close,up,389.67,389.61,398.92,389.28,393.13,390.38,1427.2976307100012,2.4739,0.1943,12.73,2.3738,True,is
BCHUSD,2022-03-22T16:55:00Z,close,up,377.42,377.6,387.0,377.27,380.76,379.13,2707.217405670007,2.578,0.3183,8.1,2.5383,True,is
BCHUSD,2022-06-27T16:45:00Z,close,up,111.75,111.86,114.94,111.61,112.59,112.31,1129.079345620001,2.9799,0.3039,9.81,2.8546,True,is
BCHUSD,2022-10-26T02:10:00Z,wick,up,113.17,113.24,116.56,113.15,113.77,113.78,2578.535218200004,3.0132,0.1759,17.13,2.9955,True,is
BCHUSD,2022-11-08T22:05:00Z,wick,up,102.33,103.25,108.2,102.0,103.28,101.98,353.78674333000004,6.0588,0.4777,12.68,5.7363,True,is
BCHUSD,2022-11-09T03:15:00Z,wick,up,102.0,100.01,106.62,99.95,101.58,100.95,477.8870102,6.5392,0.7098,9.21,4.5294,True,is
BCHUSD,2022-12-23T00:20:00Z,close,up,101.37,101.39,102.04,101.39,101.8,101.48,1271.68355192,0.6412,0.0796,8.06,0.6609,True,is
BCHUSD,2023-01-03T16:45:00Z,wick,up,99.89,100.18,100.58,99.84,99.88,99.86,496.8675083499999,0.7408,0.0907,8.17,0.6908,True,is
BCHUSD,2023-01-06T09:40:00Z,wick,down,99.77,99.75,99.82,98.44,99.44,99.51,4879.673221929995,1.3832,0.09,15.37,1.3331,True,is
BCHUSD,2023-01-16T02:30:00Z,wick,up,127.04,127.02,146.93,126.3,126.51,126.52,1231.4988958599995,16.239,0.2312,70.24,15.6565,True,is
BCHUSD,2023-01-16T15:10:00Z,close,down,121.99,122.06,122.12,119.62,119.78,121.49,901.4000823800002,2.0493,0.2448,8.37,1.9428,True,is
BCHUSD,2023-02-01T19:00:00Z,wick,up,131.32,131.34,132.63,130.65,131.47,132.19,976.43480362,1.5078,0.1741,8.66,0.9976,True,is
BCHUSD,2023-02-11T01:15:00Z,wick,up,123.76,123.75,127.35,123.55,124.33,124.37,1810.79708432,3.0705,0.2192,14.01,2.9008,True,is
BCHUSD,2023-05-11T17:20:00Z,close,down,111.94,111.97,112.13,110.16,111.11,111.73,1517.0034256800031,1.7599,0.1986,8.86,1.5901,True,is
BCHUSD,2023-05-24T13:50:00Z,close,down,112.55,112.54,112.54,110.89,111.65,112.21,2162.8993507100013,1.466,0.1062,13.8,1.4749,True,is
BCHUSD,2023-05-25T01:25:00Z,close,down,111.3,111.3,111.3,109.3,110.3,111.16,3129.456731380008,1.7969,0.1254,14.33,1.7969,True,is
BCHUSD,2023-06-06T12:10:00Z,close,down,109.03,109.02,109.06,107.86,108.11,108.78,799.9125954200001,1.1006,0.1095,10.05,1.0731,True,is
BCHUSD,2023-06-23T17:40:00Z,wick,up,176.03,175.98,194.55,175.74,180.4,180.0,5569.513418309999,10.6857,0.469,22.79,10.5209,True,is
BCHUSD,2023-06-23T18:35:00Z,wick,up,183.87,183.89,194.51,176.77,182.88,183.84,17175.488219799998,9.6481,0.5021,19.22,5.7867,True,is
BCHUSD,2023-06-23T22:55:00Z,wick,down,176.27,176.3,176.37,152.94,176.28,177.47,3886.026742820002,13.2921,0.635,20.93,13.2354,True,is
BCHUSD,2023-06-25T11:00:00Z,wick,up,199.91,200.11,219.99,200.09,200.95,204.39,7460.538120020017,9.9545,0.9003,11.06,10.0445,True,is
BCHUSD,2023-07-13T15:45:00Z,wick,up,286.03,286.22,292.39,285.68,287.16,285.63,4484.60785,2.3459,0.2683,8.74,2.2235,True,is
BCHUSD,2023-07-30T23:20:00Z,wick,up,252.27,252.2,266.29,252.08,253.63,253.57,5646.316696710001,5.6329,0.1604,35.12,5.5575,True,is
BCHUSD,2023-07-31T21:25:00Z,wick,down,250.09,250.13,250.13,242.42,248.85,249.73,4299.962437700001,3.0829,0.2188,14.09,3.0669,True,is
BCHUSD,2023-08-22T14:00:00Z,close,up,186.22,186.25,188.15,185.82,187.52,186.3,636.6496493299999,1.2512,0.1393,8.98,1.0364,True,is
BCHUSD,2023-08-25T03:25:00Z,close,down,192.39,192.32,192.32,189.67,191.34,191.88,532.8032678800002,1.3774,0.1396,9.86,1.4138,True,is
BCHUSD,2023-08-25T14:15:00Z,close,up,189.92,189.98,192.62,189.98,190.65,190.13,601.00682703,1.3901,0.1538,9.04,1.4217,True,is
BCHUSD,2023-09-13T07:35:00Z,close,up,199.81,199.79,204.36,199.72,202.44,200.82,2236.4408967000063,2.3222,0.2879,8.07,2.2772,True,is
BCHUSD,2023-09-13T22:25:00Z,wick,up,201.1,201.12,207.0,201.07,201.17,200.93,4103.542949260007,2.9488,0.2664,11.07,2.9339,True,is
BCHUSD,2023-10-09T16:40:00Z,close,down,214.05,214.26,214.38,211.1,213.24,213.95,975.3473681600004,1.5324,0.1453,10.55,1.3782,True,is
BCHUSD,2023-10-16T12:25:00Z,close,up,227.51,227.77,232.86,227.69,229.0,228.67,2475.743390839999,2.2724,0.1385,16.4,2.3515,True,is
BCHUSD,2023-11-24T15:40:00Z,close,up,227.68,227.72,230.33,227.51,228.88,228.25,1729.6533936599997,1.2386,0.0978,12.66,1.1639,True,is
BCHUSD,2023-12-01T22:45:00Z,wick,up,225.5,225.46,226.84,224.42,225.22,225.37,2435.962280610001,1.0732,0.0977,10.98,0.5942,True,is
BCHUSD,2023-12-19T00:10:00Z,wick,down,228.11,228.28,228.6,225.14,227.55,227.15,2773.604195479995,1.5168,0.1784,8.5,1.302,True,is
BCHUSD,2024-01-05T20:50:00Z,close,up,236.94,236.98,242.43,236.73,239.83,236.6,3510.8537778800105,2.4057,0.2762,8.71,2.317,True,is|oos
BCHUSD,2024-01-08T02:50:00Z,close,down,227.17,227.01,227.01,222.73,225.26,226.1,936.0669488699996,1.8841,0.2311,8.15,1.9545,True,is|oos
BCHUSD,2024-01-30T01:25:00Z,wick,down,241.45,241.34,241.88,239.37,241.8,241.98,1161.43472282,1.0396,0.128,8.12,0.8615,True,is|oos
BCHUSD,2024-02-06T08:15:00Z,close,up,235.8,235.85,238.0,235.85,237.26,236.34,753.4206687499998,0.9118,0.0933,9.77,0.933,True,is|oos
BCHUSD,2024-02-26T19:35:00Z,wick,up,271.93,271.92,274.72,271.52,271.89,272.27,2910.6176059399986,1.1768,0.1457,8.08,1.026,True,is|oos
BCHUSD,2024-03-11T00:50:00Z,close,down,413.31,413.14,413.59,401.61,409.73,412.71,1458.157770030001,2.8986,0.3313,8.75,2.8308,True,is|oos
BCHUSD,2024-03-15T03:25:00Z,close,down,410.97,411.19,412.81,393.69,405.7,410.86,2038.9264780299995,4.6524,0.4483,10.38,4.2047,True,is|oos
BCHUSD,2024-04-14T09:50:00Z,wick,down,496.4,495.98,496.56,467.69,494.52,494.95,794.9449018399998,5.8159,0.6777,8.58,5.7836,True,is|oos
BCHUSD,2024-05-15T19:55:00Z,close,up,458.13,458.04,465.82,457.29,461.8,459.36,2405.5241668799977,1.8619,0.1808,10.3,1.6786,True,is|oos
BCHUSD,2024-06-21T07:35:00Z,close,up,390.42,390.32,397.64,390.32,393.54,391.92,2888.763443020002,1.8749,0.189,9.92,1.8493,True,is|oos
BCHUSD,2024-06-23T20:30:00Z,close,down,383.81,383.64,383.64,378.83,380.32,382.75,322.5581275400002,1.2532,0.1296,9.67,1.2975,True,is|oos
BCHUSD,2024-07-12T17:00:00Z,wick,up,357.69,357.85,369.98,357.64,357.78,358.05,2566.330523459998,3.4499,0.2375,14.53,3.4359,True,oos
BCHUSD,2024-07-12T22:15:00Z,wick,up,362.1,362.29,393.62,362.16,367.48,366.19,3512.235911620001,8.6882,0.2449,35.48,8.7048,True,oos
BCHUSD,2024-07-12T22:25:00Z,wick,up,366.19,366.2,392.0,365.83,368.87,367.1,1359.6444503399994,7.1466,0.2467,28.96,7.0483,True,oos
BCHUSD,2024-07-13T19:05:00Z,wick,up,376.32,376.32,392.0,376.06,377.19,376.5,802.6518271699991,4.2358,0.2105,20.12,4.1667,True,oos
BCHUSD,2024-09-06T15:15:00Z,close,down,303.65,303.73,304.09,299.39,299.39,302.67,197.67677781000003,1.5478,0.1718,9.01,1.4029,True,oos
BCHUSD,2024-09-10T02:00:00Z,wick,down,320.33,320.29,320.33,310.42,319.33,318.88,1323.2462997099994,3.0937,0.1868,16.56,3.0937,True,oos
BCHUSD,2024-09-13T16:00:00Z,wick,up,336.3,336.99,337.72,336.18,336.23,336.36,11.50364952,0.4579,0.05,9.16,0.4222,True,oos
BCHUSD,2024-09-16T01:35:00Z,close,down,314.37,314.44,314.44,312.91,312.91,314.04,5.345813339999999,0.4867,0.05,9.73,0.4644,True,oos
BCHUSD,2024-10-01T13:40:00Z,wick,down,336.26,336.17,336.28,331.05,336.16,335.98,623.9846340499998,1.5553,0.1741,8.94,1.5494,True,oos
BCHUSD,2024-11-02T13:00:00Z,wick,up,345.07,345.07,356.33,343.7,346.51,346.63,3636.850244450002,3.6601,0.1734,21.1,3.2631,True,oos
BCHUSD,2024-11-04T20:05:00Z,wick,up,332.25,332.26,337.87,331.41,331.7,331.63,1978.301915150002,1.9443,0.2302,8.45,1.6915,True,oos
BCHUSD,2024-11-18T10:00:00Z,wick,up,447.39,447.17,461.9,446.78,449.46,448.81,1188.7167689499995,3.3796,0.3357,10.07,3.2433,True,oos
BCHUSD,2024-11-27T12:05:00Z,wick,up,502.39,502.61,519.19,499.14,499.85,499.42,1897.4629532200008,3.9909,0.4232,9.43,3.344,True,oos
BCHUSD,2025-01-25T18:05:00Z,wick,down,447.49,447.59,449.03,439.72,447.76,447.13,295.8632263899999,2.0805,0.226,9.21,1.7364,True,oos
BCHUSD,2025-02-09T22:50:00Z,wick,up,321.78,322.03,325.32,320.15,322.42,322.32,209.27045994,1.6067,0.1993,8.06,1.1001,True,oos|final
BCHUSD,2025-02-24T22:55:00Z,close,down,295.63,295.44,295.44,285.92,290.84,294.34,345.34053559000006,3.2202,0.2745,11.73,3.2845,True,oos|final
BCHUSD,2025-03-19T18:00:00Z,wick,up,337.15,337.21,342.34,336.1,338.34,337.36,425.89447035000063,1.8508,0.2055,9.0,1.5394,True,oos|final
BCHUSD,2025-03-26T02:15:00Z,close,up,336.89,336.79,342.0,335.28,339.19,336.3,1592.196898399996,1.9947,0.1896,10.52,1.5168,True,oos|final
BCHUSD,2025-03-31T00:05:00Z,wick,up,299.4,299.57,303.26,298.34,299.99,300.08,981.7528337,1.6433,0.1827,9.0,1.2892,True,oos|final
BCHUSD,2025-04-14T04:30:00Z,wick,up,351.73,351.45,359.21,348.93,350.83,351.75,862.0611785300013,2.9227,0.2893,10.1,2.1266,True,oos|final
BCHUSD,2025-05-04T00:50:00Z,wick,up,361.87,362.01,366.61,361.28,362.58,362.17,578.5829922799999,1.4729,0.1614,9.12,1.3099,True,oos|final
BCHUSD,2025-07-09T02:30:00Z,wick,up,506.0,506.14,517.07,504.16,504.16,502.81,1549.4138046900005,2.5514,0.1385,18.42,2.1877,True,oos|final
BCHUSD,2025-08-09T14:50:00Z,close,down,574.6,574.71,574.92,567.69,571.55,573.15,1594.1940780500022,1.2583,0.1281,9.83,1.2026,True,final
BCHUSD,2025-08-13T13:55:00Z,wick,up,625.0,624.99,632.83,621.79,626.84,626.27,1164.95710045,1.7664,0.2159,8.18,1.2528,True,final
BCHUSD,2025-08-29T11:05:00Z,wick,up,536.99,536.86,544.75,535.55,535.93,537.96,1413.3799868499996,1.7133,0.1662,10.31,1.4451,True,final
BCHUSD,2025-08-31T23:45:00Z,wick,up,543.83,543.62,548.16,543.21,544.67,544.2,780.9128368700002,0.9102,0.099,9.19,0.7962,True,final
BCHUSD,2025-09-01T20:45:00Z,wick,up,537.84,537.76,545.39,537.13,539.67,542.74,1079.6270808000006,1.5358,0.1746,8.8,1.4038,True,final
BCHUSD,2025-09-09T20:05:00Z,wick,up,578.7,578.68,587.13,578.5,579.35,580.24,924.7308628099996,1.4913,0.1378,10.82,1.4567,True,final
BCHUSD,2025-09-14T13:10:00Z,close,up,593.23,592.98,602.53,592.93,595.8,595.53,923.7053219499986,1.6183,0.1177,13.74,1.5677,True,final
BCHUSD,2025-09-15T00:05:00Z,close,up,602.75,602.73,607.55,600.48,601.04,601.88,878.6622433499989,1.173,0.1169,10.03,0.7964,True,final
BCHUSD,2025-09-15T09:00:00Z,close,up,592.92,592.83,600.0,592.56,595.15,594.12,674.82690239,1.2548,0.1405,8.93,1.1941,True,final
BCHUSD,2025-09-17T21:25:00Z,wick,up,602.38,602.22,620.0,602.22,602.28,601.7,1256.293881940001,2.9516,0.1212,24.35,2.9251,True,final
BCHUSD,2025-09-20T20:00:00Z,close,down,598.78,598.71,598.71,594.29,597.33,597.69,487.04665652999967,0.7382,0.0897,8.23,0.7499,True,final
BCHUSD,2025-10-01T23:40:00Z,close,up,590.91,590.94,598.21,590.94,595.66,592.73,1119.814037500002,1.2303,0.1516,8.11,1.2354,True,final
BCHUSD,2025-10-24T20:10:00Z,wick,up,499.68,499.61,514.55,499.41,501.4,501.76,805.5758323199998,3.0299,0.181,16.74,2.9759,True,final
BCHUSD,2025-10-31T16:50:00Z,wick,down,552.49,552.48,552.51,534.09,548.8,546.76,904.112756759998,3.334,0.2627,12.69,3.3304,True,final
BCHUSD,2025-12-05T14:00:00Z,wick,up,574.15,574.1,588.0,574.0,577.1,581.01,1365.804986210003,2.4384,0.2314,10.54,2.4123,True,final
BCHUSD,2025-12-05T16:20:00Z,wick,down,574.35,574.11,574.11,555.0,569.83,567.6,1412.633573209993,3.3272,0.2347,14.18,3.369,True,final
BCHUSD,2026-01-05T09:20:00Z,wick,up,660.86,660.39,666.95,660.29,661.23,661.48,810.6773385100004,1.0078,0.1052,9.58,0.9215,True,final
BCHUSD,2026-01-10T18:10:00Z,wick,up,638.9,639.12,654.38,639.03,641.16,641.34,895.8845558499995,2.4026,0.1357,17.7,2.4229,True,final
BCHUSD,2026-01-10T21:55:00Z,wick,up,647.84,649.58,686.8,647.68,651.52,649.55,2396.961711489989,6.0385,0.1332,45.35,6.0138,True,final
BCHUSD,2026-01-12T07:50:00Z,wick,down,623.38,623.01,623.38,605.78,620.19,617.67,1691.426271900001,2.8233,0.2183,12.94,2.8233,True,final
BCHUSD,2026-01-12T14:20:00Z,wick,down,617.84,617.9,618.48,600.01,617.07,617.47,1928.04647154,2.9894,0.2102,14.22,2.8859,True,final
BCHUSD,2026-01-20T02:20:00Z,close,down,582.33,582.31,582.39,576.45,580.3,581.0,668.0742476499997,1.02,0.1103,9.25,1.0097,True,final
BCHUSD,2026-01-20T06:15:00Z,wick,down,578.85,578.89,579.02,573.48,578.59,580.7,505.3521370600001,0.9571,0.1109,8.63,0.9277,True,final
BCHUSD,2026-01-20T22:50:00Z,close,up,569.52,569.52,580.18,569.52,572.56,572.13,355.69753275000033,1.8718,0.1478,12.67,1.8718,True,final
BCHUSD,2026-01-25T16:15:00Z,close,down,578.81,578.86,579.1,574.34,577.22,577.75,542.0126111600001,0.8224,0.0994,8.27,0.7723,True,final
BCHUSD,2026-01-25T21:50:00Z,wick,up,567.85,567.9,574.0,567.9,569.3,569.8,940.8816823299992,1.0742,0.1161,9.25,1.083,True,final
BCHUSD,2026-04-27T12:45:00Z,wick,up,448.7,448.57,462.14,448.5,450.06,450.6,926.3635786000024,3.0399,0.0841,36.16,2.9953,True,final
BCHUSD,2026-04-27T15:30:00Z,wick,up,450.73,450.74,457.03,450.48,452.08,452.06,601.7656739499989,1.4532,0.0928,15.66,1.3977,True,final
BCHUSD,2026-05-03T15:40:00Z,close,down,446.59,446.39,446.47,443.6,445.8,445.97,566.7024463399999,0.6426,0.0717,8.96,0.6695,True,final
BCHUSD,2026-05-04T13:20:00Z,wick,up,445.04,445.2,449.04,441.99,445.21,445.31,1171.8888996100022,1.5841,0.0989,16.02,0.8988,True,final
BCHUSD,2026-05-05T12:45:00Z,wick,down,459.9,459.96,460.14,452.15,458.75,458.94,1201.1921724,1.7373,0.1202,14.45,1.6851,True,final
BCHUSD,2026-05-12T01:20:00Z,wick,down,448.0,448.01,448.14,444.0,447.62,447.05,687.717866090001,0.9241,0.1042,8.86,0.8929,True,final
BCHUSD,2026-05-17T11:20:00Z,wick,down,414.58,414.32,414.32,411.16,413.93,413.52,437.09477201999965,0.7622,0.0842,9.05,0.8249,True,final
BCHUSD,2026-05-17T23:40:00Z,wick,down,403.86,403.8,403.8,399.04,402.99,403.11,529.7549741599993,1.1786,0.0867,13.6,1.1935,True,final
BCHUSD,2026-05-18T11:30:00Z,close,down,356.53,356.5,356.5,348.14,353.73,356.7,1989.3482792900004,2.3448,0.1908,12.29,2.3532,True,final
BCHUSD,2026-06-03T08:05:00Z,wick,up,250.92,251.09,257.84,249.11,251.44,251.5,2515.764631770002,3.4792,0.413,8.42,2.7579,True,final
BCHUSD,2026-06-16T06:25:00Z,wick,up,222.95,222.96,231.57,222.96,224.37,223.51,508.69746711,3.8619,0.3183,12.13,3.8663,True,final
BCHUSD,2026-06-16T06:35:00Z,wick,up,223.51,223.73,232.58,223.73,224.67,224.94,722.3901906399993,3.9596,0.3202,12.37,4.058,True,final
BCHUSD,2026-06-16T06:45:00Z,close,up,224.94,224.84,232.8,221.79,222.5,224.99,2798.12999514,4.8946,0.3216,15.22,3.4943,True,final
BCHUSD,2026-06-25T14:30:00Z,close,up,187.51,187.55,190.73,186.9,189.45,188.04,490.6800648200002,2.0426,0.2422,8.43,1.7172,True,final
BCHUSD,2026-07-10T13:55:00Z,wick,down,254.2,254.0,254.21,246.14,252.73,252.08,1411.551945410001,3.1747,0.2045,15.53,3.1707,True,final
BCHUSD,2026-07-11T09:00:00Z,wick,up,245.35,245.4,252.73,245.29,246.92,246.26,960.9966670699996,3.0324,0.1829,16.58,3.0079,True,final
BCHUSD,2026-08-14T17:25:00Z,wick,up,203.64,203.75,205.75,203.69,203.92,203.85,780.4028712299996,1.0116,0.1216,8.32,1.0361,True,final
BCHUSD,2026-08-30T13:00:00Z,wick,up,251.61,251.66,254.92,250.92,252.04,251.9,303.99190093,1.5898,0.1223,13.0,1.3155,True,final
BCHUSD,2026-09-11T12:30:00Z,wick,down,224.77,224.81,226.42,219.2,225.83,227.28,2329.630133169999,3.2122,0.2688,11.95,2.4781,True,final
BCHUSD,2026-09-16T17:35:00Z,wick,down,215.4,215.33,215.4,204.25,214.96,214.45,624.80431436,5.1764,0.2379,21.75,5.1764,True,final
BCHUSD,2026-09-20T21:10:00Z,wick,down,249.97,249.91,249.91,243.36,249.05,249.67,911.0149895100002,2.6203,0.2411,10.87,2.6443,True,final
BTCUSD,2021-06-20T11:40:00Z,wick,up,34049.0,33909.89,35794.9,33909.89,33982.81,33859.2,743.88970074,5.5362,0.4879,11.35,5.1276,False,
BTCUSD,2021-07-06T13:45:00Z,wick,down,34106.26,34115.0,34194.53,33300.0,33989.55,34078.28,465.24179023,2.6228,0.307,8.54,2.364,True,is
BTCUSD,2021-09-08T06:30:00Z,wick,up,45503.19,45495.47,47333.0,45495.47,45886.36,45484.4,402.6780881300001,4.0382,0.4211,9.59,4.0213,True,is
BTCUSD,2021-10-13T18:40:00Z,wick,down,56965.52,56965.53,57099.0,54769.0,56920.0,57103.0,387.46161569,4.0902,0.2748,14.88,3.8559,True,is
BTCUSD,2021-10-18T15:55:00Z,wick,down,61964.9,62002.72,62099.68,59013.0,61993.8,62049.67,344.7617038,4.9813,0.2778,17.93,4.7638,True,is
BTCUSD,2021-10-24T12:20:00Z,close,up,60087.98,60087.98,60831.33,59850.52,60308.0,60245.54,411.19569413,1.6323,0.1973,8.27,1.2371,True,is
BTCUSD,2021-10-26T16:05:00Z,close,up,62294.05,62291.23,62814.2,61809.8,62112.21,62353.09,356.75491003,1.6124,0.1988,8.11,0.835,True,is
BTCUSD,2021-10-28T19:00:00Z,wick,down,60156.93,60172.62,60333.63,58845.0,59970.97,59696.26,368.11736386,2.4746,0.297,8.33,2.1808,True,is
BTCUSD,2022-01-29T13:30:00Z,wick,up,37837.53,37837.52,38898.0,37827.0,38070.86,38093.43,1094.0897582899877,2.8305,0.2379,11.9,2.8027,True,is
BTCUSD,2022-04-10T17:35:00Z,wick,up,43130.0,43099.85,44023.0,43099.73,43266.69,43243.0,856.627225559998,2.1407,0.1133,18.9,2.0705,True,is
BTCUSD,2022-04-24T16:50:00Z,close,down,39432.87,39432.86,39455.0,38942.0,39210.21,39494.57,654.3168982499966,1.3009,0.1257,10.35,1.2448,True,is
BTCUSD,2022-06-02T22:05:00Z,wick,up,30331.01,30331.01,31449.2,30320.12,30518.13,30454.83,543.8072993799991,3.7225,0.3484,10.68,3.6866,True,is
BTCUSD,2022-06-26T11:55:00Z,wick,up,21629.99,21628.0,22020.0,21608.69,21697.12,21678.69,1106.9002732999795,1.9016,0.1964,9.68,1.8031,True,is
BTCUSD,2022-08-19T12:55:00Z,wick,up,21560.91,21560.72,22261.0,21502.41,21533.51,21509.64,1611.9333639399993,3.5184,0.219,16.06,3.247,True,is
BTCUSD,2022-09-09T05:30:00Z,close,up,20540.65,20541.72,20830.0,20515.95,20657.17,20597.02,2309.934806609978,1.5289,0.1864,8.2,1.4087,True,is
BTCUSD,2022-12-08T18:25:00Z,wick,up,16985.53,16985.65,17277.0,16981.77,17045.0,17097.0,724.8763959599976,1.7381,0.1257,13.83,1.716,True,is
BTCUSD,2023-01-06T20:15:00Z,wick,up,16977.14,17007.0,17200.0,16975.6,16999.06,16983.0,921.8948496799948,1.3218,0.1494,8.85,1.3127,True,is
BTCUSD,2023-01-29T10:05:00Z,wick,up,23351.68,23352.83,23857.0,23349.61,23441.47,23408.18,1049.2335812199974,2.1728,0.1141,19.04,2.164,True,is
BTCUSD,2023-02-01T19:00:00Z,close,down,23091.0,23077.5,23257.5,22920.1,23000.2,23087.9,957.8444643200024,1.4612,0.1238,11.8,0.7401,True,is
BTCUSD,2023-02-24T19:35:00Z,wick,down,23008.38,23008.3,23097.0,22520.0,23080.0,22992.75,1019.5160576599912,2.5078,0.2091,11.99,2.1226,True,is
BTCUSD,2023-03-03T01:55:00Z,close,down,22341.37,22341.96,22347.92,21968.0,22162.35,22275.34,995.3571162999988,1.7005,0.1397,12.17,1.6712,True,is
BTCUSD,2023-03-29T08:30:00Z,wick,down,28483.77,28481.14,28636.0,27324.2,28588.8,28556.0,693.6131673799993,4.6054,0.2106,21.86,4.071,True,is
BTCUSD,2023-06-06T12:10:00Z,close,down,25694.07,25694.54,25694.54,25331.0,25468.82,25676.93,795.1751541300006,1.4149,0.138,10.25,1.413,True,is
BTCUSD,2023-07-02T15:20:00Z,close,down,30564.48,30564.48,30605.0,30165.39,30289.74,30475.37,542.3373160000002,1.4383,0.1231,11.68,1.3057,True,is
BTCUSD,2023-09-13T22:25:00Z,wick,up,26269.9,26278.41,27212.0,26269.9,26290.46,26273.62,557.0673470299989,3.5862,0.189,18.98,3.5862,True,is
BTCUSD,2023-10-02T03:40:00Z,close,up,27995.0,27995.81,28252.0,27992.7,28103.08,28056.48,368.0066368200005,0.9262,0.1109,8.35,0.918,True,is
BTCUSD,2023-11-09T16:35:00Z,close,down,36494.62,36500.58,37460.9,35517.3,35975.19,36300.87,1427.4065322699876,5.3257,0.23,23.16,2.678,True,is
BTCUSD,2023-11-20T14:10:00Z,close,down,37099.55,37100.4,37105.1,36620.0,36892.0,36988.12,612.6672198800002,1.3076,0.1279,10.22,1.2926,True,is
BTCUSD,2023-11-21T17:45:00Z,wick,down,36859.37,36859.38,36989.96,36364.1,36968.0,37011.65,629.9057487200002,1.698,0.2004,8.47,1.3437,True,is
BTCUSD,2023-11-22T22:30:00Z,wick,down,37539.08,37533.56,37573.17,36843.3,37475.05,37439.99,395.62032894999913,1.9443,0.1952,9.96,1.8535,True,is
BTCUSD,2023-11-28T19:00:00Z,wick,down,38040.48,38037.62,38163.4,37587.5,38100.01,38059.95,576.6892424699997,1.5139,0.1457,10.39,1.1908,True,is
BTCUSD,2023-12-04T15:35:00Z,wick,down,41204.72,41208.38,41347.73,39476.0,41244.54,41435.5,673.7144391199988,4.5425,0.2994,15.17,4.1954,True,is
BTCUSD,2023-12-04T15:50:00Z,wick,down,41345.75,41322.8,41394.83,39866.6,41190.3,41265.63,504.37594135000165,3.6962,0.307,12.04,3.5775,True,is
BTCUSD,2023-12-15T03:15:00Z,wick,down,42853.0,42838.56,42861.0,42020.7,42746.2,42771.19,497.7638205800019,1.9609,0.2011,9.75,1.9422,True,is
BTCUSD,2024-01-01T23:50:00Z,wick,down,44112.41,44112.42,44240.8,43204.4,44176.9,44220.78,427.24916789999975,2.3495,0.2182,10.77,2.0584,True,is|oos
BTCUSD,2024-01-09T00:35:00Z,close,down,46858.75,46833.0,46865.01,45793.2,46363.36,46700.51,1031.2009183299997,2.2873,0.2638,8.67,2.274,True,is|oos
BTCUSD,2024-01-09T12:55:00Z,close,down,46833.98,46832.52,46838.7,44500.0,46193.87,46616.6,1756.2647931599831,4.9936,0.26,19.21,4.9835,True,is|oos
BTCUSD,2024-01-20T23:10:00Z,wick,down,41763.87,41764.04,41890.0,40000.0,41722.63,41672.9,262.6284134200003,4.5254,0.3639,12.44,4.2234,True,is|oos
BTCUSD,2024-02-02T15:00:00Z,wick,up,42767.02,42777.9,43700.0,42720.9,42907.93,42891.47,1212.1642453399954,2.2894,0.1727,13.26,2.1815,True,is|oos
BTCUSD,2024-02-23T12:20:00Z,wick,down,51074.81,51071.9,51074.0,50227.0,50984.11,50908.0,232.74311836000007,1.6584,0.1625,10.21,1.6599,True,is|oos
BTCUSD,2024-03-15T03:35:00Z,wick,up,68027.6,68049.05,72500.0,67892.0,68466.18,68258.58,622.1541374100003,6.7737,0.3926,17.26,6.5744,True,is|oos
BTCUSD,2024-03-24T22:00:00Z,wick,up,66514.11,66514.11,67949.0,66458.06,66771.59,66946.9,590.6480775299991,2.2415,0.2423,9.25,2.1573,True,is|oos
BTCUSD,2024-03-27T20:20:00Z,wick,up,68900.1,68917.42,70202.0,68900.1,69093.63,68959.72,308.5511713400002,1.8895,0.21,9.0,1.8895,True,is|oos
BTCUSD,2024-04-22T22:50:00Z,close,up,66787.24,66779.1,68158.0,66779.1,67148.9,67049.99,533.7215025799961,2.0646,0.2267,9.11,2.0524,True,is|oos
BTCUSD,2024-06-09T19:40:00Z,wick,down,69766.43,69766.43,69790.35,69101.0,69644.0,69703.9,197.76310125,0.9881,0.0745,13.26,0.9538,True,is|oos
BTCUSD,2024-12-16T19:00:00Z,close,down,107166.18,107100.0,107173.98,104501.9,106477.38,106648.49,249.4573295900001,2.4934,0.2523,9.88,2.4861,True,oos
BTCUSD,2025-01-19T22:45:00Z,close,down,103230.39,103228.15,103260.0,100999.0,101945.06,102874.57,519.8724913799977,2.1902,0.2605,8.41,2.1616,True,oos
BTCUSD,2025-01-22T11:55:00Z,wick,down,105359.97,105358.3,105362.54,103100.0,105070.75,105307.56,336.3066330099981,2.1474,0.2389,8.99,2.145,True,oos
BTCUSD,2025-04-02T21:15:00Z,wick,down,84521.1,84532.97,84894.2,83057.97,84430.3,84707.83,767.25939016,2.1725,0.1951,11.14,1.7311,True,oos|final
BTCUSD,2025-06-12T02:55:00Z,wick,down,108533.44,108530.62,108572.72,106888.0,108411.57,108315.25,210.73853779,1.5523,0.1743,8.91,1.5161,True,oos|final
BTCUSD,2025-07-22T14:50:00Z,wick,down,118778.71,118779.21,118786.37,116600.0,118725.76,119116.6,276.05232525,1.8407,0.1717,10.72,1.8343,True,oos|final
BTCUSD,2025-08-15T04:40:00Z,wick,down,119284.1,119281.98,119330.0,116560.9,119076.7,119040.48,264.5715296100005,2.3214,0.1816,12.78,2.283,True,final
BTCUSD,2025-10-03T17:00:00Z,close,down,122619.8,122645.22,123127.8,121720.0,122188.31,122790.0,304.11723554000065,1.1481,0.138,8.32,0.7338,True,final
BTCUSD,2025-12-05T15:50:00Z,wick,down,91110.03,91105.91,91159.25,88303.41,90659.68,90434.8,569.0014417700011,3.1345,0.1685,18.6,3.0805,True,final
BTCUSD,2026-01-06T12:10:00Z,wick,down,93910.09,93910.08,93944.0,91980.0,93868.7,93832.0,255.9177263400017,2.0914,0.2511,8.33,2.0553,True,final
BTCUSD,2026-01-25T08:40:00Z,wick,down,88297.69,88297.69,88461.0,86362.0,88168.5,88126.82,426.6483549399992,2.3772,0.2132,11.15,2.1922,True,final
BTCUSD,2026-04-28T03:55:00Z,wick,up,76813.2,76804.58,77799.0,76792.27,76809.35,76798.39,312.93545929999976,1.3106,0.1526,8.59,1.2834,True,final
DOGEUSD,2021-01-08T02:40:00Z,wick,down,0.00900062,0.00900631,0.00909,0.0075,0.008824,0.00899987,9478394.46678672,17.6654,1.2246,14.43,16.6724,False,
DOGEUSD,2021-01-10T20:25:00Z,close,down,0.00934854,0.00934753,0.00978388,0.0089002,0.00900863,0.00946,10049073.87307752,9.4526,1.0737,8.8,4.7958,False,
DOGEUSD,2021-03-08T08:10:00Z,wick,up,0.05546863,0.0559269,0.0570061,0.05506,0.0553841,0.0550008,4719210.72178978,3.5085,0.3936,8.91,2.7718,False,
DOGEUSD,2021-06-03T16:10:00Z,wick,up,0.40408,0.4041143,0.4875,0.4026401,0.413,0.4063,13013234.03842625,21.0008,0.9723,21.6,20.6444,False,
DOGEUSD,2021-06-07T02:00:00Z,wick,down,0.3751,0.375,0.376,0.355,0.3749,0.3754,7076457.43001228,5.5985,0.3838,14.59,5.3586,False,
DOGEUSD,2021-06-09T12:15:00Z,wick,up,0.3344,0.3343,0.3681715,0.3327704,0.3345,0.3341,7234403.02100856,10.5865,0.7064,14.99,10.0991,False,
DOGEUSD,2021-06-21T22:40:00Z,wick,down,0.1851,0.185,0.18627,0.1648765,0.1843,0.1788,20193029.6865312,11.5578,1.3,8.89,10.9257,False,
DOGEUSD,2021-07-26T12:00:00Z,wick,down,0.22243,0.2227,0.2234,0.21055,0.2217,0.22,7866555.82187409,5.7771,0.5697,10.14,5.341,False,
DOGEUSD,2021-07-30T09:00:00Z,wick,down,0.2003,0.2003,0.2007,0.181,0.1981554,0.1991402,15301823.08391522,9.8352,0.2923,33.65,9.6355,False,
DOGEUSD,2021-07-31T00:00:00Z,wick,up,0.2088,0.2088,0.22,0.20806,0.2084309,0.208,9873437.85711931,5.7184,0.3431,16.67,5.364,False,
DOGEUSD,2021-10-13T18:40:00Z,wick,down,0.2296,0.2296,0.23129,0.22282,0.2294,0.2293,1696836.92064952,3.689,0.3604,10.24,2.953,True,is
DOGEUSD,2021-12-03T20:15:00Z,close,down,0.1974,0.1974,0.1984,0.19056,0.194,0.1964,17004129.83296465,3.9716,0.3347,11.87,3.465,True,is
DOGEUSD,2021-12-09T17:20:00Z,wick,up,0.1769,0.177,0.18346,0.1765,0.17842,0.1775,26021721.56735051,3.9344,0.3892,10.11,3.7083,True,is
DOGEUSD,2022-01-31T18:40:00Z,wick,up,0.1411,0.14109,0.1449488,0.1409,0.1418923,0.1422132,21989512.386920296,2.8695,0.3035,9.46,2.7277,True,is
DOGEUSD,2022-02-10T02:55:00Z,wick,down,0.1586,0.1586,0.1589,0.15,0.15684,0.1566,8224908.925617985,5.6116,0.3213,17.47,5.4224,True,is
DOGEUSD,2022-03-01T14:30:00Z,close,down,0.1366,0.1366,0.13712,0.1327,0.1348,0.1357,8107382.434866655,3.2357,0.3901,8.29,2.8551,True,is
DOGEUSD,2022-05-26T23:10:00Z,wick,up,0.079199,0.0791,0.082,0.078389,0.0787,0.0787,23269009.25440465,4.5594,0.3856,11.82,3.5367,True,is
DOGEUSD,2022-07-25T20:00:00Z,close,up,0.06392,0.06391,0.06613,0.06385,0.06453,0.06444,13146728.186126508,3.567,0.2851,12.51,3.4574,True,is
DOGEUSD,2022-08-13T06:15:00Z,wick,up,0.07468,0.0747,0.08,0.0744,0.07466,0.07414,11417759.553241909,7.4987,0.263,28.51,7.1237,True,is
DOGEUSD,2022-08-26T14:00:00Z,close,down,0.06879,0.06878,0.06883,0.0670274,0.068,0.069,10949586.522692485,2.6204,0.2916,8.99,2.5623,True,is
DOGEUSD,2022-09-13T23:00:00Z,close,up,0.0601,0.0601,0.061244,0.0598862,0.06053,0.05988,12408425.422645092,2.2592,0.2815,8.03,1.9035,True,is
DOGEUSD,2022-10-01T02:20:00Z,wick,up,0.06154,0.06156,0.062895,0.0611811,0.06176,0.06172,20611713.69601868,2.785,0.2643,10.54,2.2018,True,is
DOGEUSD,2022-12-09T13:30:00Z,wick,down,0.0982,0.09823,0.098511,0.0949976,0.097668,0.09713,22052767.902968336,3.5778,0.2415,14.82,3.2611,True,is
DOGEUSD,2023-01-04T04:00:00Z,wick,up,0.07273,0.07283,0.074417,0.07258,0.07268,0.07248,8909421.111069717,2.5258,0.3013,8.38,2.3195,True,is
DOGEUSD,2023-02-01T19:00:00Z,wick,up,0.08932,0.08941,0.09159,0.08832,0.08968,0.09005,22627723.01407897,3.661,0.4126,8.87,2.5414,True,is
DOGEUSD,2023-03-11T07:40:00Z,close,down,0.06488,0.06489,0.065,0.0627852,0.06408,0.064609,13436413.172540436,3.4137,0.4054,8.42,3.2287,True,is
DOGEUSD,2023-04-12T22:00:00Z,close,up,0.082895,0.082911,0.084939,0.082809,0.083433,0.08331,21218897.492825136,2.5695,0.2734,9.4,2.4658,True,is
DOGEUSD,2023-05-04T18:00:00Z,close,up,0.07828,0.07828,0.0795155,0.07822,0.07889,0.07846,9707538.506013814,1.655,0.1797,9.21,1.5783,True,is
DOGEUSD,2023-05-25T01:25:00Z,close,down,0.069882,0.06984,0.069924,0.0684657,0.0692,0.06962,29661681.12996664,2.0868,0.1835,11.37,2.0267,True,is
DOGEUSD,2023-06-06T12:10:00Z,close,down,0.06693,0.06693,0.06693,0.065873,0.06609,0.06677,11390566.861254027,1.5793,0.1659,9.52,1.5793,True,is
DOGEUSD,2023-06-18T23:50:00Z,wick,up,0.06212,0.06215,0.0633093,0.06213,0.06224,0.062133,19347604.635125108,1.8984,0.2184,8.69,1.9145,True,is
DOGEUSD,2023-06-23T17:25:00Z,close,up,0.06854,0.06855,0.07022,0.06855,0.06963,0.06894,17263110.963294614,2.4365,0.2154,11.31,2.4511,True,is
DOGEUSD,2023-10-09T08:30:00Z,close,down,0.06023,0.06024,0.060301,0.059863,0.0599293,0.06014,4538832.650975751,0.7272,0.0782,9.3,0.6093,True,is
DOGEUSD,2023-10-22T07:40:00Z,close,down,0.06084,0.06084,0.06084,0.0595983,0.0605185,0.06073,14501922.058324987,2.0409,0.1412,14.45,2.0409,True,is
DOGEUSD,2023-10-27T17:05:00Z,close,down,0.06906,0.06905,0.06907,0.0668544,0.0684,0.06858,21927829.90301812,3.2082,0.3095,10.37,3.1937,True,is
DOGEUSD,2023-12-31T22:50:00Z,close,down,0.08944,0.0895122,0.089516,0.088,0.089,0.08911,4848278.491666701,1.695,0.1941,8.73,1.61,True,is
DOGEUSD,2024-01-03T03:30:00Z,wick,up,0.0914015,0.0914047,0.093965,0.09134,0.0914775,0.0914,9072808.815833926,2.8719,0.2145,13.39,2.8047,True,is|oos
DOGEUSD,2024-02-28T18:20:00Z,close,down,0.10658,0.10664,0.10687,0.1009985,0.10452,0.10536,31472555.77485771,5.509,0.606,9.09,5.2369,True,is|oos
DOGEUSD,2024-03-03T07:25:00Z,wick,down,0.1347614,0.1347,0.13524,0.12225,0.13171,0.13192,56273838.38222586,9.6393,0.7139,13.5,9.2841,True,is|oos
DOGEUSD,2024-03-14T04:50:00Z,close,down,0.18159,0.18162,0.18344,0.168,0.17746,0.1787,32471808.56286352,8.5027,0.4857,17.51,7.4839,True,is|oos
DOGEUSD,2024-04-13T21:25:00Z,close,down,0.13771,0.13755,0.13796,0.1309378,0.13138,0.13857,21222940.662441947,5.0993,0.6241,8.17,4.9177,True,is|oos
DOGEUSD,2024-06-17T16:15:00Z,close,down,0.12842,0.12839,0.12858,0.12602,0.12632,0.12797,21220850.01170552,1.9935,0.239,8.34,1.8689,True,is|oos
DOGEUSD,2024-06-23T21:10:00Z,close,up,0.1237,0.1237,0.12621,0.12366,0.12582,0.12426,7514383.270321323,2.0614,0.2306,8.94,2.0291,True,is|oos
DOGEUSD,2024-07-26T16:30:00Z,wick,up,0.13075,0.13074,0.13455,0.13064,0.13119,0.13115,26070246.530191258,2.9904,0.3567,8.38,2.9063,True,oos
DOGEUSD,2024-08-20T01:55:00Z,close,up,0.1026296,0.1026296,0.1064075,0.10256,0.1044,0.10312,37854936.1113622,3.7489,0.2993,12.53,3.6811,True,oos
DOGEUSD,2024-08-27T22:10:00Z,close,down,0.0992,0.09926,0.0997,0.0970195,0.09755,0.09868,10359991.335294353,2.7021,0.332,8.14,2.1981,True,oos
DOGEUSD,2024-12-09T22:20:00Z,wick,down,0.40627,0.4064,0.40745,0.38455,0.40693,0.41298,33354661.23348364,5.6366,0.5773,9.76,5.3462,True,oos
DOGEUSD,2025-01-27T00:00:00Z,wick,down,0.33591,0.33589,0.33606,0.33027,0.33495,0.3365405,11951575.62154459,1.7237,0.199,8.66,1.679,True,oos
DOGEUSD,2025-04-18T23:20:00Z,wick,down,0.15767,0.15767,0.15795,0.1518,0.15755,0.15756,693467.9207261101,3.9006,0.2234,17.46,3.723,True,oos|final
DOGEUSD,2025-04-19T02:20:00Z,wick,down,0.15815,0.15814,0.15848,0.1553,0.1581,0.15836,737632.0344412001,2.0107,0.2182,9.21,1.8021,True,oos|final
DOGEUSD,2025-04-19T03:50:00Z,wick,up,0.15911,0.15907,0.16287,0.1588,0.15945,0.15938,1416417.6541868695,2.558,0.2152,11.88,2.3631,True,oos|final
DOGEUSD,2025-05-11T15:55:00Z,wick,up,0.22722,0.22709,0.24268,0.22519,0.22678,0.22558,39751443.0534266,7.6974,0.5878,13.1,6.804,True,oos|final
DOGEUSD,2025-08-10T06:30:00Z,wick,down,0.23624,0.23624,0.23689,0.2039262,0.23684,0.23696,30774698.34399586,13.9535,0.3893,35.84,13.6784,True,final
DOGEUSD,2025-08-17T15:50:00Z,wick,up,0.2406,0.24058,0.266,0.2403192,0.24129,0.24179,57923608.87551731,10.6736,0.2352,45.37,10.5569,True,final
DOGEUSD,2025-08-19T23:45:00Z,wick,down,0.21062,0.21064,0.21071,0.20322,0.20929,0.2092,9064629.623916568,3.5562,0.363,9.8,3.5134,True,final
DOGEUSD,2025-08-24T18:45:00Z,wick,up,0.24032,0.2399,0.2672478,0.2396,0.241715,0.2425,25091983.263027675,11.5046,0.3353,34.31,11.205,True,final
DOGEUSD,2025-12-10T19:00:00Z,wick,up,0.1468871,0.14695,0.14951,0.14539,0.1465803,0.1477,9314212.017604657,2.8049,0.2342,11.98,1.7857,True,final
DOGEUSD,2026-03-03T17:10:00Z,wick,down,0.09038,0.09039,0.0904,0.08748,0.0902,0.09027,28584430.53916574,3.2308,0.3336,9.69,3.2087,True,final
DOGEUSD,2026-05-17T23:40:00Z,wick,down,0.10908,0.109098,0.10918,0.081,0.10745,0.10784,51340626.04915915,25.8343,0.191,135.26,25.7426,True,final
DOGEUSD,2026-07-23T12:45:00Z,wick,down,0.071428,0.07144,0.07144,0.0705357,0.07122,0.071271,13093462.37760513,1.266,0.1513,8.37,1.2492,True,final
ETHUSD,2021-09-07T16:35:00Z,wick,down,3478.48,3476.66,3490.98,3393.7,3490.19,3522.07,3181.90494171,2.7966,0.275,10.17,2.4373,True,is
ETHUSD,2021-09-07T17:05:00Z,wick,down,3549.2,3548.64,3560.61,3393.7,3550.92,3535.16,3736.079272510001,4.7027,0.2853,16.49,4.3813,True,is
ETHUSD,2021-10-13T18:15:00Z,wick,down,3524.74,3524.74,3530.42,3447.40959475,3522.23,3521.7,642.234863,2.3551,0.2831,8.32,2.1939,True,is
ETHUSD,2021-10-13T18:40:00Z,wick,down,3525.82,3526.0,3573.8,3467.68091937,3523.34,3528.6,2439.69622055,3.0098,0.2839,10.6,1.649,True,is
ETHUSD,2022-01-14T09:45:00Z,wick,down,3266.37,3265.75,3303.7,3218.5,3273.3,3268.52,14060.791514420023,2.6084,0.2645,9.86,1.4655,True,is
ETHUSD,2022-01-24T08:45:00Z,wick,down,2404.87,2406.6,2446.99,2357.51,2399.28,2387.88,15822.280741430022,3.7208,0.4572,8.14,1.9693,True,is
ETHUSD,2022-09-15T06:20:00Z,wick,up,1591.12,1588.5,1634.31,1573.64,1585.66,1595.86,4793.562166679996,3.813,0.3956,9.64,2.7144,True,is
ETHUSD,2022-10-16T17:50:00Z,wick,up,1284.52,1284.92,1303.32,1284.08,1285.35,1284.66,10002.513127729992,1.4978,0.1336,11.21,1.4636,True,is
ETHUSD,2022-10-27T12:30:00Z,wick,up,1549.75,1549.76,1580.0,1535.21,1552.78,1549.67,26270.713426130187,2.8901,0.3355,8.61,1.9519,True,is
ETHUSD,2022-12-22T13:30:00Z,wick,down,1215.15,1215.08,1216.0,1180.0,1213.76,1213.83,8745.75406923,2.9626,0.1679,17.65,2.8926,True,is
ETHUSD,2023-01-11T22:00:00Z,close,up,1342.76,1342.79,1364.1,1342.69,1349.57,1342.81,8673.04211789999,1.5945,0.1374,11.6,1.5893,True,is
ETHUSD,2023-01-25T01:25:00Z,close,down,1535.61,1534.38,1535.8,1513.77,1527.66,1531.22,13520.622818990045,1.4346,0.1769,8.11,1.4222,True,is
ETHUSD,2023-01-31T21:15:00Z,close,down,1583.78,1583.79,1585.3,1563.44,1573.16,1579.47,7679.75206802001,1.3802,0.17,8.12,1.2843,True,is
ETHUSD,2023-02-01T19:00:00Z,close,down,1581.4,1581.95,1590.36,1565.86,1575.37,1581.16,9725.139599170016,1.5493,0.1675,9.25,0.9827,True,is
ETHUSD,2023-04-14T12:55:00Z,wick,down,2102.08,2102.04,2104.19,1967.21,2092.55,2098.04,5780.920397260001,6.5164,0.2556,25.5,6.416,True,is
ETHUSD,2023-04-20T16:00:00Z,close,down,1946.0,1945.83,1949.0,1910.0,1929.56,1940.95,7953.916905710004,2.0041,0.2192,9.14,1.8499,True,is
ETHUSD,2023-05-05T16:20:00Z,wick,up,1995.07,1994.99,2025.0,1988.76,1993.36,1991.21,5166.008075369994,1.8165,0.1538,11.81,1.5002,True,is
ETHUSD,2023-05-24T14:05:00Z,wick,down,1795.1,1795.48,1795.7,1774.56,1790.5,1791.85,6020.774615600004,1.1777,0.1364,8.64,1.1442,True,is
ETHUSD,2023-06-05T15:00:00Z,close,down,1868.31,1867.63,1869.0,1848.5,1860.26,1863.84,5806.68466122,1.0972,0.1211,9.06,1.0603,True,is
ETHUSD,2023-07-02T15:20:00Z,close,down,1923.51,1923.5,1925.8,1885.33,1897.5,1914.27,6801.784193249983,2.104,0.1503,14.0,1.9849,True,is
ETHUSD,2023-10-04T00:30:00Z,wick,down,1650.05,1650.12,1650.82,1585.85,1640.8,1636.61,9252.92842707,3.9375,0.1632,24.13,3.8908,True,is
ETHUSD,2023-10-05T15:35:00Z,wick,down,1622.35,1622.33,1624.3,1607.1,1620.0,1621.5,5799.166099859988,1.0602,0.1295,8.18,0.94,True,is
ETHUSD,2023-10-24T21:00:00Z,wick,down,1771.78,1771.74,1789.78,1725.79,1766.43,1766.02,25457.050290569896,3.6116,0.3428,10.54,2.5957,True,is
ETHUSD,2023-11-16T19:30:00Z,wick,down,1949.63,1949.82,1955.38,1909.37,1941.92,1939.59,14513.996912599956,2.3599,0.2181,10.82,2.065,True,is
ETHUSD,2023-11-20T14:10:00Z,close,down,2016.68,2016.53,2017.15,1991.5,2008.81,2013.3,5383.239662810015,1.2719,0.1524,8.35,1.2486,True,is
ETHUSD,2023-11-24T11:00:00Z,wick,down,2103.12,2103.1,2104.38,2078.01,2103.97,2106.51,4143.887536969999,1.2539,0.1484,8.45,1.1939,True,is
ETHUSD,2023-12-04T15:35:00Z,wick,down,2203.8,2203.92,2213.79,2148.0,2209.38,2217.25,4682.554527040003,2.9853,0.2802,10.65,2.532,True,is
ETHUSD,2023-12-26T17:35:00Z,close,down,2207.16,2207.08,2208.27,2148.1,2184.74,2197.28,10076.95390014008,2.7261,0.2586,10.54,2.6758,True,is
ETHUSD,2024-01-02T02:55:00Z,wick,down,2378.73,2379.12,2384.39,2326.3,2384.39,2373.45,3650.501817029995,2.4421,0.2183,11.19,2.2041,True,is|oos
ETHUSD,2024-01-08T00:35:00Z,wick,down,2209.13,2209.1,2210.89,2174.86,2210.44,2205.65,3088.185568399997,1.631,0.1562,10.44,1.5513,True,is|oos
ETHUSD,2024-02-10T21:40:00Z,wick,down,2513.52,2513.71,2517.5,2488.56,2513.41,2514.43,3307.8801050399966,1.1514,0.1241,9.28,0.993,True,is|oos
ETHUSD,2024-02-16T15:10:00Z,close,down,2791.16,2791.36,2793.95,2717.32,2772.35,2774.41,6638.584907659982,2.7455,0.3148,8.72,2.6455,True,is|oos
ETHUSD,2024-02-28T18:20:00Z,close,down,3292.97,3293.01,3294.53,3192.0,3249.37,3270.28,12797.899809990042,3.1136,0.3524,8.84,3.0662,True,is|oos
ETHUSD,2024-03-15T03:35:00Z,wick,up,3694.14,3694.23,3965.0,3684.7,3729.43,3718.06,4340.236833339999,7.5877,0.3627,20.92,7.3322,True,is|oos
ETHUSD,2024-06-11T06:55:00Z,wick,down,3540.21,3540.21,3542.06,3500.0,3539.06,3544.28,6521.78782979997,1.1881,0.1452,8.18,1.1358,True,is|oos
ETHUSD,2024-12-02T06:10:00Z,wick,down,3667.45,3667.49,3674.53,3575.0,3671.42,3675.86,5967.182701049966,2.7139,0.2158,12.57,2.5208,True,oos
ETHUSD,2025-03-28T11:25:00Z,wick,down,1907.55,1907.16,1910.8,1860.0,1897.65,1898.11,12545.351177219934,2.6631,0.3032,8.78,2.4927,True,oos|final
ETHUSD,2025-04-05T20:40:00Z,wick,down,1786.67,1786.69,1804.9,1764.1,1791.33,1785.55,5505.2245934700095,2.2836,0.1598,14.29,1.2632,True,oos|final
ETHUSD,2025-04-06T17:40:00Z,close,down,1693.25,1693.27,1696.24,1658.9,1682.0,1693.07,5320.718445809994,2.2052,0.1944,11.34,2.0286,True,oos|final
ETHUSD,2025-07-20T22:15:00Z,wick,down,3724.86,3724.91,3735.2,3612.01,3712.97,3718.48,6469.971021050005,3.3072,0.2693,12.28,3.0296,True,oos|final
ETHUSD,2025-09-17T17:55:00Z,close,down,4518.82,4518.1,4534.7,4441.0,4442.3,4505.1,3277.2902784799862,2.0736,0.1862,11.13,1.7221,True,final
ETHUSD,2025-10-06T15:45:00Z,wick,up,4671.21,4672.82,4759.01,4668.8,4683.9,4682.19,4262.593194079992,1.9312,0.1785,10.82,1.8796,True,final
ETHUSD,2025-12-10T19:00:00Z,close,up,3382.93,3382.93,3435.61,3345.0,3364.31,3384.51,7802.000418329975,2.6784,0.2349,11.4,1.5572,True,final
ETHUSD,2025-12-13T23:20:00Z,wick,down,3112.7,3112.69,3117.3,2760.0,3113.29,3114.18,1672.907178100001,11.4788,0.1281,89.59,11.331,True,final
ETHUSD,2026-01-13T17:10:00Z,wick,up,3179.82,3179.83,3243.88,3173.0,3180.65,3176.7,5068.931368060013,2.2291,0.2054,10.85,2.0146,True,final
ETHUSD,2026-08-30T23:45:00Z,close,down,2411.84,2412.24,2414.02,2386.17,2402.8,2413.19,3182.7230654999908,1.1547,0.1306,8.84,1.0643,True,final
LTCUSD,2021-06-23T13:10:00Z,wick,up,131.28,131.25,151.0,131.21,133.45,133.11,9202.0232129,15.0746,0.8757,17.21,15.0213,False,
LTCUSD,2021-10-13T18:40:00Z,wick,down,175.32,175.33,175.54,169.26,174.81,175.57,7617.66889347,3.582,0.343,10.44,3.4565,True,is
LTCUSD,2021-12-13T19:30:00Z,wick,down,146.13,146.1,146.31,132.16,144.79,144.09,22477.0607771,9.6832,0.3981,24.33,9.56,True,is
LTCUSD,2022-01-22T14:00:00Z,wick,up,108.91,108.87,121.52,108.32,109.23,108.79,12946.728913240007,12.1201,0.856,14.16,11.5784,True,is
LTCUSD,2022-03-20T15:55:00Z,wick,down,112.77,112.78,112.8,110.17,112.33,111.58,15418.357546659994,2.3322,0.2734,8.53,2.3056,True,is
LTCUSD,2022-07-10T14:05:00Z,wick,up,53.41,53.4,54.35,52.921,53.62,53.3,17970.379372890002,2.6755,0.286,9.36,1.76,True,is
LTCUSD,2022-08-26T14:00:00Z,close,down,57.48,57.46,57.54,56.24,56.74,57.66,7128.65080232,2.2617,0.2815,8.03,2.1573,True,is
LTCUSD,2022-10-12T06:25:00Z,wick,up,52.36,52.41,63.529,52.35,52.733,52.705,45534.7747010002,21.3503,0.2094,101.96,21.3312,True,is
LTCUSD,2022-10-31T19:45:00Z,wick,up,54.91,54.9,56.6,54.81,55.03,55.09,25245.295488920005,3.2599,0.2781,11.72,3.0778,True,is
LTCUSD,2022-11-02T14:45:00Z,close,up,61.51,61.48,62.903,61.47,62.0,61.21,14195.22413817,2.3297,0.2358,9.88,2.2647,True,is
LTCUSD,2022-11-12T19:20:00Z,wick,up,60.43,60.43,63.76,60.43,60.81,60.67,15467.713209840009,5.5105,0.6633,8.31,5.5105,True,is
LTCUSD,2022-11-23T02:45:00Z,wick,up,77.58,77.6,80.0,76.916,77.23,77.41,12950.159623070012,3.9753,0.4543,8.75,3.1194,True,is
LTCUSD,2022-12-05T13:20:00Z,wick,up,83.48,83.46,84.89,83.07,83.27,83.42,5884.974891559999,2.1802,0.2622,8.31,1.689,True,is
LTCUSD,2023-01-17T16:25:00Z,close,up,87.78,87.815,89.486,87.72,88.86,88.18,15003.198263639995,2.0118,0.2329,8.64,1.9435,True,is
LTCUSD,2023-01-18T16:20:00Z,wick,down,83.529,83.39,83.87,81.92,83.33,83.21,14450.122103810005,2.3345,0.2406,9.7,1.9263,True,is
LTCUSD,2023-02-15T22:30:00Z,wick,up,101.97,101.96,104.06,101.95,102.36,102.56,12129.751084179994,2.0692,0.2263,9.14,2.0496,True,is
LTCUSD,2023-03-04T22:05:00Z,wick,up,87.897,87.95,89.36,87.421,87.813,88.04,565.4287956600002,2.206,0.1447,15.24,1.6644,True,is
LTCUSD,2023-03-22T21:25:00Z,wick,down,86.098,86.49,86.92,78.4,86.411,86.86,17219.161655529988,9.8957,0.5093,19.43,8.941,True,is
LTCUSD,2023-05-12T19:25:00Z,wick,down,78.37,78.35,78.44,76.68,78.0,78.09,20151.378893560013,2.2458,0.2798,8.03,2.1564,True,is
LTCUSD,2023-06-04T18:15:00Z,wick,down,95.94,95.95,96.04,94.0,95.88,95.88,9331.533705300011,2.1263,0.1766,12.04,2.0221,True,is
LTCUSD,2023-06-06T12:10:00Z,close,down,87.5,87.48,87.48,85.61,86.31,87.3,13121.63687386,2.1371,0.2289,9.34,2.16,True,is
LTCUSD,2023-06-24T15:30:00Z,wick,down,89.3,89.27,89.33,83.32,88.29,87.93,28494.06825298003,6.7301,0.3149,21.37,6.6965,True,is
LTCUSD,2023-07-14T18:20:00Z,wick,down,96.04,96.08,96.121,85.22,95.1,94.65,53893.93756531006,11.3505,0.4073,27.87,11.2661,True,is
LTCUSD,2023-08-07T16:15:00Z,close,down,81.02,81.05,81.05,78.85,80.47,81.01,29754.88585681996,2.7154,0.2678,10.14,2.6784,True,is
LTCUSD,2023-09-24T18:20:00Z,wick,down,64.82,64.83,64.934,64.35,64.757,64.758,2552.1085583000004,0.901,0.1088,8.28,0.7251,True,is
LTCUSD,2023-09-25T00:20:00Z,wick,down,63.29,63.28,63.371,62.57,63.15,63.26,5154.967921239996,1.2656,0.1238,10.22,1.1376,True,is
LTCUSD,2023-10-02T18:35:00Z,wick,down,66.95,66.95,66.95,59.06,65.52,65.68,18448.678720649936,11.7849,0.2118,55.63,11.7849,True,is
LTCUSD,2023-10-04T00:40:00Z,close,down,63.91,63.92,63.96,63.01,63.62,63.97,15991.511137480013,1.4865,0.1838,8.09,1.4082,True,is
LTCUSD,2023-10-22T07:40:00Z,close,down,64.25,64.25,64.25,63.17,63.92,64.13,12421.223945410004,1.6809,0.154,10.91,1.6809,True,is
LTCUSD,2023-10-27T02:45:00Z,wick,up,67.99,67.96,75.17,67.96,68.26,68.17,14361.436173269996,10.6045,0.2684,39.52,10.5604,True,is
LTCUSD,2023-11-04T23:55:00Z,wick,up,70.35,70.35,75.88,70.24,70.51,70.73,33291.67635468998,8.0171,0.1692,47.37,7.8607,True,is
LTCUSD,2024-02-09T14:50:00Z,wick,up,70.58,70.56,71.8,70.4,70.52,70.65,8965.544722690001,1.9836,0.2033,9.76,1.7285,True,is|oos
LTCUSD,2024-03-11T00:50:00Z,close,down,86.02,85.99,86.14,83.12,85.26,85.67,22039.04774361001,3.5108,0.4075,8.62,3.3713,True,is|oos
LTCUSD,2024-04-13T21:25:00Z,close,down,73.39,73.43,73.52,70.677,70.91,72.95,4376.75835283,3.8738,0.4158,9.32,3.6967,True,is|oos
LTCUSD,2024-04-14T09:50:00Z,wick,down,79.61,79.63,79.84,75.74,79.6,79.64,3387.268735879999,5.1501,0.5971,8.63,4.8612,True,is|oos
LTCUSD,2024-04-23T19:55:00Z,close,up,85.11,85.11,86.5,85.06,86.11,85.11,17998.557586369992,1.6919,0.2033,8.32,1.6332,True,is|oos
LTCUSD,2024-06-17T16:15:00Z,close,down,76.19,76.19,76.31,75.09,75.19,76.15,9179.496309850005,1.6013,0.1674,9.56,1.4438,True,is|oos
LTCUSD,2024-12-18T20:05:00Z,close,down,113.16,113.22,113.34,106.78,110.26,111.79,31673.520106889948,5.7971,0.5888,9.84,5.638,True,oos
LTCUSD,2025-03-24T21:05:00Z,wick,up,94.78,94.8,97.73,94.72,95.06,95.37,8976.41614458001,3.1758,0.3007,10.56,3.1125,True,oos|final
LTCUSD,2025-04-02T07:30:00Z,close,up,81.74,81.74,85.884,81.66,82.88,82.3,43901.02190221984,5.1676,0.2595,19.91,5.0697,True,oos|final
LTCUSD,2025-04-18T23:20:00Z,close,down,75.87,75.87,75.89,74.03,75.213,75.94,381.85448494,2.4516,0.2353,10.42,2.4252,True,oos|final
LTCUSD,2025-04-19T16:55:00Z,wick,down,75.2,75.21,75.31,74.0,75.1,75.19,16825.023100370025,1.742,0.2116,8.23,1.5957,True,oos|final
LTCUSD,2025-05-07T22:55:00Z,wick,up,89.57,89.58,99.0,89.48,90.13,90.42,15268.103593670006,10.6286,0.3357,31.66,10.5281,True,oos|final
LTCUSD,2025-05-08T10:05:00Z,wick,up,92.39,92.39,97.08,92.38,92.8,92.61,9553.70234532998,5.0871,0.3163,16.08,5.0763,True,oos|final
LTCUSD,2025-05-12T18:05:00Z,wick,up,102.17,102.17,112.5,101.32,101.53,101.43,15319.427387780011,10.9425,0.4039,27.09,10.1106,True,oos|final
LTCUSD,2025-09-13T16:20:00Z,wick,up,118.89,118.94,121.0,118.62,118.96,119.14,13599.354616590002,2.0019,0.2353,8.51,1.7747,True,final
LTCUSD,2025-09-22T11:00:00Z,wick,up,105.82,105.81,108.9,105.67,105.78,105.92,12173.382557319992,3.0524,0.2744,11.12,2.9106,True,final
LTCUSD,2025-10-10T03:35:00Z,wick,up,131.83,131.84,135.0,131.15,131.37,131.24,10982.851105130008,2.9204,0.3451,8.46,2.4046,True,final
LTCUSD,2025-11-06T18:25:00Z,wick,up,86.71,86.72,89.36,86.7,86.88,87.41,9585.513005009983,3.0677,0.3674,8.35,3.0562,True,final
LTCUSD,2025-11-07T17:45:00Z,close,up,103.34,103.34,107.0,103.22,104.62,103.67,58027.16730322001,3.6578,0.4566,8.01,3.5417,True,final
LTCUSD,2025-12-10T19:00:00Z,wick,up,84.98,84.98,85.838,84.305,84.86,85.3,3911.08252134,1.804,0.202,8.93,1.0096,True,final
LTCUSD,2026-01-20T07:50:00Z,wick,down,69.83,69.84,70.0,68.57,69.54,69.42,36987.240180569934,2.0478,0.2263,9.05,1.8044,True,final
LTCUSD,2026-01-20T22:30:00Z,close,down,67.28,67.27,67.4,65.75,66.22,66.92,9645.501472050006,2.4524,0.2963,8.28,2.2741,True,final
LTCUSD,2026-03-06T08:00:00Z,wick,up,55.61,55.612,57.0,55.57,55.63,55.6,10730.927888249978,2.5715,0.2333,11.02,2.4996,True,final
LTCUSD,2026-04-09T11:20:00Z,wick,up,53.74,53.74,54.32,53.47,53.77,53.75,24084.686839879985,1.5817,0.1832,8.63,1.0793,True,final
LTCUSD,2026-08-30T23:45:00Z,close,down,47.936,47.916,47.965,47.321,47.72,47.828,4472.688835199998,1.3435,0.1513,8.88,1.283,True,final
SOLUSD,2021-06-22T09:05:00Z,wick,up,24.545,24.554,27.0,24.135,24.695,24.619,11600.95565267,11.6724,1.3377,8.73,10.002,False,
SOLUSD,2021-06-25T08:20:00Z,wick,up,30.679,30.69,33.14,30.69,30.81,31.031,4941.58980829,7.9859,0.7189,11.11,8.0218,False,
SOLUSD,2021-06-28T07:50:00Z,wick,up,32.5,32.517,39.02,32.454,32.575,32.601,12460.54774607,20.2031,0.5311,38.04,20.0615,False,
SOLUSD,2021-06-29T10:50:00Z,wick,up,34.267,34.265,40.0,34.251,34.338,34.434,5378.4622037,16.7771,0.5171,32.45,16.7304,False,
SOLUSD,2021-07-07T09:45:00Z,wick,up,35.0,35.07,40.0,34.951,35.087,35.188,8624.35569187,14.4257,0.3398,42.45,14.2857,False,
SOLUSD,2021-08-01T13:05:00Z,wick,up,35.132,35.125,40.78,35.125,35.299,35.144,15846.15862713,16.0964,0.4824,33.37,16.0765,False,
SOLUSD,2021-08-16T03:55:00Z,wick,up,58.965,58.979,62.0,58.37,58.674,58.016,27721.42639994,6.1562,0.765,8.05,5.1471,False,
SOLUSD,2021-08-18T11:15:00Z,wick,up,73.784,73.701,114.0,73.701,76.757,76.946,112923.77803459,54.6175,1.3039,41.89,54.505,False,
SOLUSD,2021-08-21T03:00:00Z,wick,up,79.968,79.941,84.0,79.78,80.28,80.013,18121.54006191,5.2771,0.5747,9.18,5.042,False,
SOLUSD,2021-08-24T16:15:00Z,wick,down,70.282,70.197,70.323,66.0,69.807,70.753,72855.73192293,6.1509,0.5934,10.36,6.0926,False,
SOLUSD,2021-09-06T20:10:00Z,wick,up,162.46,162.25,169.68,160.347,161.275,160.84,20056.29523789,5.7448,0.579,9.92,4.4442,False,
SOLUSD,2021-09-06T20:25:00Z,wick,up,161.662,161.631,199.0,161.376,162.915,161.785,34077.8054607,23.2732,0.5896,39.47,23.0963,False,
SOLUSD,2021-09-07T14:25:00Z,close,down,175.873,176.51,176.51,160.0,169.0,174.445,168013.45599304,9.3875,1.1047,8.5,9.0253,False,
SOLUSD,2021-09-17T07:25:00Z,wick,up,146.25,145.852,155.14,145.471,146.39,146.031,32463.05182202,6.6113,0.6547,10.1,6.0786,False,
SOLUSD,2021-09-24T10:40:00Z,wick,down,133.697,133.701,135.27,126.6,133.68,133.314,25061.08416064,6.4848,0.6063,10.7,5.3083,False,
SOLUSD,2021-09-30T08:20:00Z,wick,up,136.076,136.065,141.2,135.845,136.052,135.96,4571.87692744,3.9353,0.4381,8.98,3.7655,False,
SOLUSD,2021-09-30T09:55:00Z,wick,up,135.68,135.716,141.2,135.716,136.356,136.596,2120.04622638,4.0419,0.4381,9.23,4.0684,False,
SOLUSD,2021-10-16T23:00:00Z,wick,down,157.9,157.993,158.03,153.6,157.386,157.947,16331.584688560002,2.8056,0.3101,9.05,2.7232,True,is
SOLUSD,2021-10-20T15:40:00Z,wick,down,169.062,169.081,170.0,161.5,169.507,169.16,28831.20469257,5.0277,0.2697,18.64,4.4729,True,is
SOLUSD,2021-10-21T01:00:00Z,wick,up,185.593,185.637,191.5,184.08,185.468,183.998,55261.879694300005,3.998,0.4011,9.97,3.1828,True,is
SOLUSD,2021-11-13T15:55:00Z,close,down,237.222,237.247,237.267,226.85,232.63,234.685,106354.61789262,4.3912,0.3662,11.99,4.3723,True,is
SOLUSD,2021-11-30T13:40:00Z,wick,up,213.44,213.468,222.5,213.411,214.21,214.52,21863.27659347,4.2583,0.4167,10.22,4.2448,True,is
SOLUSD,2021-12-10T15:05:00Z,close,up,174.73,175.0,183.25,173.72,178.2,176.46,51205.17175829,5.4541,0.4663,11.7,4.8761,True,is
SOLUSD,2021-12-17T22:05:00Z,wick,down,177.58,177.51,177.55,168.4,176.28,175.4,15708.77385781,5.1526,0.5257,9.8,5.1695,True,is
SOLUSD,2022-04-15T18:00:00Z,wick,down,102.27,102.27,102.54,100.01,101.94,102.03,30037.036953190003,2.4738,0.2869,8.62,2.2098,True,is
SOLUSD,2022-11-10T19:35:00Z,wick,down,17.02,17.071,17.105,12.406,16.99,17.01,25757.07412682,27.6087,3.2514,8.49,27.1093,True,is
SOLUSD,2022-11-20T04:35:00Z,close,up,13.25,13.25,13.632,13.24,13.38,13.32,64065.18771196005,2.9585,0.3354,8.82,2.883,True,is
SOLUSD,2023-01-02T10:00:00Z,close,down,11.15,11.14,11.165,10.84,11.05,11.08,95473.99927294996,2.9148,0.3581,8.14,2.7803,True,is
SOLUSD,2023-01-04T14:55:00Z,wick,up,13.39,13.39,14.48,13.39,13.46,13.36,49205.74283258999,8.1404,0.7426,10.96,8.1404,True,is
SOLUSD,2023-03-04T22:00:00Z,wick,up,20.42,20.43,20.89,20.36,20.36,20.4,16074.626983230002,2.5955,0.1883,13.78,2.3017,True,is
SOLUSD,2023-03-24T11:45:00Z,close,down,21.727,21.73,21.75,21.0,21.36,21.58,127319.65738020003,3.4519,0.4144,8.33,3.3461,True,is
SOLUSD,2023-05-24T13:50:00Z,close,down,19.23,19.22,19.22,18.7,18.95,19.11,153601.6005258301,2.7041,0.2015,13.42,2.7561,True,is
SOLUSD,2023-06-09T19:10:00Z,close,down,17.69,17.68,17.7,17.22,17.44,17.6,76862.39092250002,2.7134,0.2942,9.22,2.6569,True,is
SOLUSD,2023-06-28T00:25:00Z,close,up,16.262,16.25,16.65,16.2,16.43,16.272,66055.83940301,2.7672,0.3049,9.08,2.3859,True,is
SOLUSD,2023-08-22T21:25:00Z,close,down,20.06,20.05,20.056,19.29,19.77,19.89,122465.76515125005,3.8185,0.2418,15.79,3.8385,True,is
SOLUSD,2023-09-13T07:35:00Z,close,up,17.89,17.89,18.611,17.87,18.31,18.018,59874.10892521005,4.142,0.3325,12.46,4.0302,True,is
SOLUSD,2023-10-31T03:20:00Z,wick,down,35.75,35.75,35.779,34.79,35.76,35.86,41037.48326833,2.7664,0.3412,8.11,2.6853,True,is
SOLUSD,2023-11-01T18:35:00Z,close,up,44.82,44.88,46.97,44.76,46.38,45.34,197951.87151860027,4.9308,0.5341,9.23,4.797,True,is
SOLUSD,2023-12-04T15:35:00Z,wick,down,60.44,60.45,60.79,56.89,60.66,60.86,53013.33757527998,6.4527,0.4063,15.88,5.8736,True,is
SOLUSD,2023-12-13T21:05:00Z,wick,up,71.51,71.54,76.9,71.43,71.65,71.7,86124.0531692199,7.6493,0.5152,14.85,7.5374,True,is
SOLUSD,2023-12-29T16:10:00Z,wick,down,107.15,107.17,107.43,93.5,105.79,106.13,71099.9642774001,13.0005,0.6245,20.82,12.7392,True,is
SOLUSD,2024-01-09T06:05:00Z,wick,down,102.32,102.33,102.51,92.22,102.41,102.74,55714.49534756004,10.0567,0.5853,17.18,9.871,True,is|oos
SOLUSD,2024-01-20T21:35:00Z,wick,down,92.79,92.78,93.229,89.5,92.69,92.85,5796.43280626,4.0188,0.4154,9.67,3.5456,True,is|oos
SOLUSD,2024-01-31T15:20:00Z,wick,down,97.75,97.751,98.39,95.01,98.37,99.355,28689.15424234,3.4578,0.3994,8.66,2.8031,True,is|oos
SOLUSD,2024-02-09T03:15:00Z,wick,down,105.35,105.32,105.66,103.29,105.54,105.09,33695.128992440004,2.2496,0.2748,8.19,1.9554,True,is|oos
SOLUSD,2024-02-15T15:30:00Z,wick,down,115.85,115.86,115.98,110.02,114.56,114.61,50140.299268530005,5.1446,0.3185,16.15,5.0324,True,is|oos
SOLUSD,2024-02-26T13:20:00Z,wick,up,101.78,101.78,103.91,101.63,101.95,101.94,24914.18224865001,2.2401,0.2417,9.27,2.0927,True,is|oos
SOLUSD,2024-02-27T01:55:00Z,wick,down,111.42,111.42,111.54,108.36,110.74,110.28,49095.28528216996,2.8541,0.3524,8.1,2.7464,True,is|oos
SOLUSD,2024-03-14T20:45:00Z,wick,down,168.19,168.21,169.0,157.88,168.57,168.27,27205.725356359988,6.6116,0.6833,9.68,6.13,True,is|oos
SOLUSD,2024-03-31T16:25:00Z,wick,up,195.6,195.61,203.1,195.49,195.79,196.07,21131.371174259988,3.8906,0.2727,14.27,3.8344,True,is|oos
SOLUSD,2024-04-04T21:25:00Z,wick,up,182.55,182.53,188.52,182.35,183.25,182.58,30991.73017527997,3.3799,0.3209,10.53,3.2703,True,is|oos
SOLUSD,2024-05-23T10:30:00Z,wick,down,175.49,175.48,175.71,169.01,174.25,174.51,70426.02299826,3.8179,0.3507,10.89,3.6925,True,is|oos
SOLUSD,2024-07-27T19:05:00Z,wick,down,180.63,180.63,181.16,175.17,179.75,180.37,38267.71992534,3.3162,0.3609,9.19,3.0228,True,oos
SOLUSD,2024-12-02T15:45:00Z,wick,down,229.25,229.29,229.37,221.98,228.05,228.79,42427.86320136002,3.2236,0.3737,8.63,3.1712,True,oos
SOLUSD,2025-01-16T11:10:00Z,close,up,201.01,200.86,206.85,200.86,204.96,202.17,19810.27454766001,2.98,0.2999,9.94,2.9053,True,oos
SOLUSD,2025-01-25T18:05:00Z,wick,down,258.57,258.57,259.38,249.47,258.91,258.01,29878.33525063004,3.8326,0.3389,11.31,3.5194,True,oos
SOLUSD,2025-02-21T16:25:00Z,wick,down,175.17,175.15,175.39,170.0,173.99,175.02,51266.05161513012,3.077,0.3827,8.04,2.9514,True,oos|final
SOLUSD,2025-02-24T22:55:00Z,close,down,144.34,144.37,144.74,137.68,140.29,143.48,73045.44826788048,4.8912,0.6057,8.08,4.6141,True,oos|final
SOLUSD,2025-04-19T02:25:00Z,wick,up,137.12,137.12,140.99,137.05,137.75,137.2,11652.252118530008,2.8734,0.2946,9.75,2.8223,True,oos|final
SOLUSD,2025-04-28T10:05:00Z,wick,down,151.47,151.47,152.67,149.08,151.5,151.45,71702.08927484998,2.3701,0.2483,9.55,1.5779,True,oos|final
SOLUSD,2025-05-10T19:15:00Z,wick,up,171.64,171.81,180.95,171.45,172.15,172.21,25394.41058417001,5.5348,0.2741,20.19,5.4241,True,oos|final
SOLUSD,2025-07-09T17:20:00Z,wick,down,154.51,154.51,154.61,151.25,153.97,153.82,77301.0680064202,2.1746,0.2444,8.9,2.1099,True,oos|final
SOLUSD,2025-10-03T17:00:00Z,close,down,234.09,234.06,234.06,228.54,231.51,232.9,59552.44541351001,2.3581,0.2701,8.73,2.3709,True,final
SOLUSD,2025-11-06T16:40:00Z,wick,down,155.1,155.1,155.38,147.68,154.56,154.82,100928.19131843004,4.9645,0.402,12.35,4.784,True,final
SOLUSD,2025-12-05T15:40:00Z,wick,down,136.15,136.11,136.13,131.87,135.77,135.62,41737.22753463002,3.1289,0.2607,12.0,3.1436,True,final
SOLUSD,2025-12-10T19:00:00Z,wick,up,137.76,137.74,139.64,136.18,137.36,138.21,45945.57415775987,2.5116,0.2832,8.87,1.3647,True,final
SOLUSD,2026-01-31T18:40:00Z,close,down,101.98,101.96,102.11,96.43,100.18,101.77,190627.44894597947,5.5697,0.4265,13.06,5.4422,True,final
SOLUSD,2026-05-18T06:05:00Z,wick,down,84.75,84.75,84.767,81.287,84.43,84.64,31455.73582559004,4.1062,0.153,26.84,4.0861,True,final
SOLUSD,2026-08-23T04:40:00Z,wick,up,92.999,93.02,102.11,92.8,92.96,92.28,38158.67532896,10.0109,0.4461,22.44,9.7969,True,final
SOLUSD,2026-08-28T14:50:00Z,wick,up,105.72,105.73,109.7,105.7,106.45,106.32,55614.251277679934,3.7836,0.346,10.94,3.7647,True,final
XRPUSD,2021-08-24T16:15:00Z,close,down,1.1561,1.1566,1.162,1.12152,1.14,1.1487,6200740.268447809,3.5014,0.3518,9.95,2.9911,True,is
XRPUSD,2021-09-07T17:50:00Z,wick,down,1.09736,1.09603,1.1167,1.06968,1.0913,1.0871,4562670.936348961,4.2848,0.4659,9.2,2.5224,True,is
XRPUSD,2021-10-13T17:30:00Z,wick,down,1.11767,1.1183,1.12,1.0836,1.11882,1.12151,101897.89689485,3.2568,0.2944,11.06,3.0483,True,is
XRPUSD,2021-10-13T18:40:00Z,wick,down,1.1145,1.11498,1.1182,1.085,1.1118,1.1128,837988.5191970799,2.9789,0.2909,10.24,2.6469,True,is
XRPUSD,2021-10-21T02:00:00Z,close,down,1.1447,1.1447,1.1486,1.11078,1.1337,1.1397,2568177.2370731104,3.3039,0.2495,13.24,2.9632,True,is
XRPUSD,2021-10-24T12:20:00Z,close,up,1.078,1.077,1.08616,1.07107,1.08009,1.0789,599388.54730728,1.3998,0.1685,8.31,0.757,True,is
XRPUSD,2021-10-28T04:55:00Z,close,up,0.9988,0.9987,1.04286,0.9985,1.0188,1.00555,3505839.48771544,4.4413,0.4715,9.42,4.4113,True,is
XRPUSD,2021-12-27T22:45:00Z,wick,down,0.93365,0.93296,0.93375,0.91776,0.93008,0.93221,868090.2919084799,1.7126,0.2133,8.03,1.7019,True,is
XRPUSD,2022-01-20T22:45:00Z,close,down,0.73338,0.7328,0.73287,0.72107,0.72933,0.73287,3104635.224700511,1.609,0.1914,8.41,1.6785,True,is
XRPUSD,2022-01-21T21:45:00Z,close,down,0.641,0.64101,0.64171,0.615,0.62306,0.63538,7768944.315647029,4.1669,0.4952,8.42,4.0562,True,is
XRPUSD,2022-03-10T19:45:00Z,wick,up,0.735,0.73504,0.75744,0.735,0.73891,0.7367,1778702.9102295495,3.0531,0.2654,11.5,3.0531,True,is
XRPUSD,2022-03-11T21:55:00Z,close,up,0.79919,0.79918,0.81482,0.79757,0.80913,0.80058,745278.0412730202,2.1584,0.2414,8.94,1.9557,True,is
XRPUSD,2022-03-12T00:00:00Z,close,up,0.80286,0.80336,0.82279,0.80263,0.81644,0.80002,1311154.4843551996,2.511,0.2638,9.52,2.4824,True,is
XRPUSD,2022-04-24T13:35:00Z,close,down,0.70335,0.70402,0.70441,0.69703,0.70167,0.70379,380325.7019934301,1.0493,0.1057,9.93,0.8986,True,is
XRPUSD,2022-04-24T16:50:00Z,close,down,0.70268,0.70228,0.70311,0.69637,0.69826,0.70222,237699.74252377005,0.9592,0.1123,8.54,0.898,True,is
XRPUSD,2022-04-25T07:00:00Z,close,down,0.65503,0.65474,0.65609,0.6463,0.64681,0.65461,902093.86213251,1.4946,0.1403,10.65,1.3328,True,is
XRPUSD,2022-05-06T01:15:00Z,close,up,0.60036,0.60021,0.61575,0.59996,0.61377,0.60144,395787.63833814,2.6301,0.2503,10.51,2.5635,True,is
XRPUSD,2022-05-16T19:45:00Z,wick,up,0.41972,0.41969,0.44333,0.41969,0.42338,0.42306,3617831.0309139104,5.6323,0.4155,13.56,5.6252,True,is
XRPUSD,2022-07-10T22:55:00Z,close,up,0.3252,0.32494,0.33055,0.32492,0.32729,0.32512,1858972.1218795,1.7312,0.1752,9.88,1.6451,True,is
XRPUSD,2022-08-08T22:45:00Z,wick,down,0.3787,0.37849,0.37867,0.3725,0.37735,0.3772,529721.3253743602,1.6293,0.1326,12.29,1.6372,True,is
XRPUSD,2022-08-13T00:00:00Z,wick,up,0.37959,0.3798,0.38393,0.37814,0.379,0.37943,601005.8631927698,1.5253,0.1413,10.8,1.1433,True,is
XRPUSD,2022-08-21T06:30:00Z,wick,up,0.33903,0.33906,0.362,0.33765,0.3381,0.33881,4566508.817599629,7.1823,0.2053,34.98,6.7752,True,is
XRPUSD,2022-08-21T06:55:00Z,wick,up,0.3377,0.33772,0.3551,0.33772,0.33896,0.34,2556597.6597687714,5.1466,0.2071,24.85,5.1525,True,is
XRPUSD,2022-08-21T07:20:00Z,wick,up,0.33857,0.3385,0.3551,0.3385,0.3422,0.3408,3206549.4185672184,4.903,0.2098,23.37,4.8823,True,is
XRPUSD,2022-08-21T16:55:00Z,wick,up,0.34386,0.3443,0.35248,0.34427,0.34472,0.34463,3566230.210742949,2.3876,0.2107,11.33,2.5068,True,is
XRPUSD,2022-08-26T14:00:00Z,close,down,0.3565,0.35659,0.35659,0.35069,0.35422,0.35733,319060.98160192004,1.655,0.1959,8.45,1.6297,True,is
XRPUSD,2022-09-27T16:50:00Z,close,down,0.44803,0.44857,0.44861,0.435,0.44259,0.44529,2471664.54238838,3.0377,0.3764,8.07,2.9083,True,is
XRPUSD,2022-11-02T18:35:00Z,close,down,0.46392,0.46395,0.4656,0.45747,0.46002,0.46299,426836.36274005,1.7525,0.2056,8.52,1.3903,True,is
XRPUSD,2022-11-06T16:00:00Z,close,down,0.4904,0.49022,0.49022,0.48157,0.48533,0.4884,645897.9290085899,1.7639,0.1804,9.78,1.8006,True,is
XRPUSD,2022-11-20T12:00:00Z,wick,down,0.37548,0.37547,0.37664,0.37044,0.37594,0.37547,3166340.053435339,1.6512,0.1989,8.3,1.3423,True,is
XRPUSD,2022-11-20T12:50:00Z,wick,down,0.37412,0.37412,0.3743,0.36514,0.37303,0.37279,3781510.206116221,2.4484,0.2055,11.91,2.4003,True,is
XRPUSD,2022-11-27T20:00:00Z,wick,up,0.40275,0.40296,0.423,0.40179,0.40398,0.40269,2867092.560121612,5.2663,0.1931,27.28,5.0279,True,is
XRPUSD,2022-12-09T13:30:00Z,wick,down,0.38931,0.38991,0.39004,0.38476,0.3882,0.38875,689656.4331989402,1.3562,0.1662,8.16,1.1687,True,is
XRPUSD,2023-01-05T23:25:00Z,close,down,0.33917,0.3391,0.3391,0.33385,0.33779,0.33829,1078008.3731832595,1.5479,0.1815,8.53,1.5685,True,is
XRPUSD,2023-02-09T21:30:00Z,close,down,0.38537,0.38538,0.38538,0.37903,0.38366,0.38485,853076.67604784,1.6478,0.155,10.63,1.6452,True,is
XRPUSD,2023-02-13T01:30:00Z,wick,down,0.37326,0.37326,0.37357,0.37013,0.37276,0.37325,99380.94540831,0.9216,0.0745,12.37,0.8386,True,is
XRPUSD,2023-02-25T20:45:00Z,close,down,0.373,0.37279,0.37287,0.36904,0.37115,0.37352,697769.79984222,1.0268,0.1114,9.22,1.0617,True,is
XRPUSD,2023-03-05T21:40:00Z,close,down,0.36923,0.36924,0.36924,0.36669,0.36774,0.36871,91931.02240178,0.6906,0.0781,8.85,0.6879,True,is
XRPUSD,2023-05-16T12:30:00Z,wick,down,0.42187,0.42196,0.42318,0.41829,0.42209,0.42109,374755.69061079,1.1591,0.1189,9.75,0.8486,True,is
XRPUSD,2023-06-06T12:10:00Z,close,down,0.50915,0.50899,0.50899,0.49754,0.5002,0.5067,573621.91212243,2.2488,0.2347,9.58,2.2803,True,is
XRPUSD,2023-07-31T21:00:00Z,wick,down,0.7,0.7002,0.70249,0.6856,0.7007,0.6987,4183380.6145696295,2.4129,0.2799,8.62,2.0571,True,is
XRPUSD,2023-08-07T16:15:00Z,wick,down,0.6099,0.6101,0.6101,0.59267,0.60735,0.6097,5806434.971500304,2.8578,0.3368,8.48,2.8251,True,is
XRPUSD,2023-08-22T21:25:00Z,close,down,0.516,0.51689,0.51689,0.50078,0.5107,0.5135,3013118.4844498103,3.1221,0.2805,11.13,2.9496,True,is
XRPUSD,2023-09-13T07:35:00Z,close,up,0.4759,0.4758,0.49159,0.475,0.48934,0.4762,3747295.6913047615,3.486,0.241,14.46,3.2969,True,is
XRPUSD,2023-10-09T16:40:00Z,close,down,0.49692,0.4968,0.49764,0.49141,0.495,0.496,999108.1411823,1.2537,0.1533,8.18,1.1088,True,is
XRPUSD,2023-11-14T09:40:00Z,wick,down,0.6593,0.6585,0.65952,0.621,0.6584,0.6549,1226139.1194840795,5.8426,0.2756,21.2,5.8092,True,is
XRPUSD,2023-11-14T20:05:00Z,wick,down,0.6251,0.62519,0.62566,0.5939,0.6235,0.62451,4696328.054190734,5.0808,0.3485,14.58,4.9912,True,is
XRPUSD,2023-11-14T21:40:00Z,wick,down,0.6256,0.6256,0.6272,0.5958,0.6244,0.6264,4594788.532055724,5.0192,0.3347,15.0,4.7634,True,is
XRPUSD,2023-11-15T13:55:00Z,wick,down,0.6381,0.638,0.63825,0.6052,0.63647,0.6378,3152928.8593299584,5.1794,0.2572,20.14,5.1559,True,is
XRPUSD,2023-11-15T18:40:00Z,wick,down,0.6378,0.6378,0.6404,0.6126,0.639,0.6399,3304009.140972801,4.3587,0.2401,18.15,3.9511,True,is
XRPUSD,2023-11-16T13:15:00Z,wick,down,0.636,0.6363,0.6365,0.602,0.6295,0.6301,6967298.259791143,5.4245,0.2354,23.05,5.3459,True,is
XRPUSD,2023-11-16T21:35:00Z,wick,down,0.6148,0.6146,0.6152,0.5977,0.6133,0.6129,3977312.3741936446,2.8465,0.255,11.16,2.7814,True,is
XRPUSD,2023-12-04T19:55:00Z,wick,up,0.6209,0.621,0.645,0.62008,0.62119,0.6205,2657254.91018252,4.0135,0.2783,14.42,3.8815,True,is
XRPUSD,2024-01-09T12:55:00Z,close,down,0.5671,0.5673,0.5674,0.55066,0.5587,0.5632,7421812.098844505,2.9519,0.2289,12.9,2.899,True,is|oos
XRPUSD,2024-01-20T23:50:00Z,wick,down,0.554,0.55377,0.55541,0.54,0.5523,0.5531,718181.2511321103,2.7816,0.3455,8.05,2.5271,True,is|oos
XRPUSD,2024-03-30T02:45:00Z,wick,down,0.6275,0.6275,0.62997,0.6163,0.6271,0.6269,139738.50461953,2.1785,0.2363,9.22,1.7849,True,is|oos
XRPUSD,2024-04-17T18:50:00Z,wick,up,0.5009,0.5008,0.528,0.5005,0.5005,0.49945,3059184.0955460733,5.4901,0.3257,16.86,5.4103,True,is|oos
XRPUSD,2024-04-23T17:15:00Z,wick,up,0.5513,0.5513,0.5645,0.5511,0.5532,0.5529,1708640.9147608106,2.4306,0.2743,8.86,2.3943,True,is|oos
XRPUSD,2024-04-30T20:00:00Z,wick,up,0.4954,0.4969,0.51287,0.4955,0.4986,0.5005,2484609.9790071696,3.5063,0.378,9.28,3.5264,True,is|oos
XRPUSD,2024-05-20T19:40:00Z,wick,down,0.5312,0.5312,0.5315,0.5201,0.53024,0.5328,7475594.2320954595,2.1461,0.232,9.25,2.0896,True,is|oos
XRPUSD,2024-06-07T19:35:00Z,wick,up,0.4922,0.4921,0.50519,0.492,0.4936,0.4947,3716845.8447500304,2.6798,0.1732,15.47,2.6392,True,is|oos
XRPUSD,2024-06-12T14:00:00Z,wick,up,0.4927,0.4922,0.49838,0.492,0.494,0.4942,1722687.10678644,1.2949,0.1541,8.4,1.1528,True,is|oos
XRPUSD,2024-06-17T16:15:00Z,close,down,0.5073,0.5073,0.5081,0.49543,0.498,0.5044,2091610.632644112,2.4975,0.2423,10.31,2.3398,True,is|oos
XRPUSD,2024-06-18T04:40:00Z,wick,up,0.4905,0.4906,0.5566,0.49032,0.4932,0.4931,5843243.140566169,13.5127,0.4123,32.77,13.476,True,is|oos
XRPUSD,2024-08-05T02:40:00Z,wick,up,0.4705,0.4705,0.4905,0.46915,0.4705,0.4757,2012970.107616329,4.5377,0.5169,8.78,4.2508,True,oos
XRPUSD,2024-08-27T22:10:00Z,close,down,0.5687,0.5688,0.57159,0.5555,0.55846,0.5657,2170577.303738761,2.8293,0.3476,8.14,2.3211,True,oos
XRPUSD,2024-11-14T21:45:00Z,wick,up,0.8321,0.8322,0.8989,0.81,0.82232,0.8215,17621610.34346424,10.6838,0.7014,15.23,8.0279,True,oos
XRPUSD,2025-03-07T16:10:00Z,wick,down,2.4916,2.4916,2.4979,2.252,2.4323,2.4309,12453881.96620353,9.8692,0.6079,16.23,9.6163,True,oos|final
XRPUSD,2025-04-09T13:40:00Z,wick,up,1.8251,1.8247,1.9677,1.8185,1.8228,1.8235,11507084.365582144,8.1749,0.6225,13.13,7.8133,True,oos|final
XRPUSD,2025-08-05T16:05:00Z,wick,down,2.9828,2.9824,2.9841,2.9,2.9791,2.9815,5587797.4091425,2.8195,0.2994,9.42,2.7759,True,oos|final
XRPUSD,2025-09-10T16:05:00Z,wick,down,3.0019,3.0018,3.00258,2.91331,2.9971,2.9942,3222470.351598223,2.9738,0.2089,14.24,2.9511,True,final
XRPUSD,2025-09-10T16:25:00Z,wick,up,2.9936,2.9933,3.17005,2.99065,2.9991,2.9971,1793021.0214168588,5.9928,0.2089,28.69,5.8942,True,final
XRPUSD,2025-11-07T17:15:00Z,wick,up,2.2721,2.2718,2.36,2.2712,2.2787,2.2943,3364664.9076731624,3.9083,0.4525,8.64,3.8687,True,final
XRPUSD,2025-12-10T19:00:00Z,close,down,2.0688,2.06802,2.0887,2.037,2.0596,2.0722,5601548.041685909,2.499,0.2069,12.08,1.5371,True,final
XRPUSD,2025-12-11T00:40:00Z,wick,up,2.03074,2.0307,2.0576,2.02204,2.0337,2.0238,2994097.377076829,1.7511,0.2129,8.23,1.3227,True,final
XRPUSD,2025-12-14T23:30:00Z,wick,down,1.98594,1.9855,1.9864,1.9501,1.9786,1.98,4015305.256386223,1.8278,0.1469,12.44,1.8047,True,final
XRPUSD,2026-01-03T03:55:00Z,wick,up,2.0346,2.0345,2.1385,2.034,2.0398,2.0439,4882741.338284775,5.1361,0.2763,18.59,5.1067,True,final
XRPUSD,2026-02-14T14:20:00Z,wick,up,1.4579,1.4579,1.5005,1.4578,1.4603,1.46132,3963607.3341256143,2.9289,0.3336,8.78,2.922,True,final
XRPUSD,2026-03-04T19:20:00Z,close,down,1.4687,1.4687,1.47005,1.4259,1.4577,1.4596,4897437.553514862,3.0061,0.3111,9.66,2.9141,True,final
XRPUSD,2026-03-10T17:35:00Z,close,down,1.4195,1.4194,1.4196,1.3897,1.41165,1.4121,2074633.9190502423,2.1064,0.2528,8.33,2.0993,True,final
XRPUSD,2026-03-27T12:10:00Z,wick,down,1.3318,1.3315,1.3336,1.27031,1.3313,1.3302,1396085.7564055596,4.7522,0.1985,23.94,4.6171,True,final
XRPUSD,2026-08-10T16:05:00Z,wick,down,1.0242,1.0254,1.0257,1.0,1.0197,1.0206,9788310.962041564,2.5093,0.2321,10.81,2.3628,True,final
XRPUSD,2026-08-23T14:40:00Z,close,down,1.53411,1.5357,1.5384,1.445,1.4978,1.51315,8486840.704758938,6.0882,0.5956,10.22,5.8086,True,final
XRPUSD,2026-08-25T21:05:00Z,close,down,1.4459,1.4459,1.4484,1.39438,1.4199,1.43368,10232167.50869576,3.7361,0.3827,9.76,3.5632,True,final
